:020000040800F2
:10000000581A012475040008A5850008537E0008CD
:1000100085840008710E000851C20008000000002D
:10002000000000000000000000000000B503000810
:10003000BD1300080000000011040008A5A400087A
:100040008F0400088F0400088F0400088F04000844
:100050008F0400088F0400088F0400088F04000834
:100060008F0400088F0400088F040008790F00082F
:100070008F0400088F0400088F0400088F04000814
:100080008F0400088F0400088F0400088F04000804
:100090008F0400088F0400088F0400088F040008F4
:1000A0008F0400088F0400088F0400088F040008E4
:1000B0008F0400088F0400088F0400088F040008D4
:1000C0008F0400088F0400088F040008F9910008CD
:1000D0008F0400088F0400088F0400088F040008B4
:1000E0008F0400088F040008000000008F0400083F
:1000F0008F0400088F0400088F0400088F04000894
:100100008F0400088F0400088F0400088F04000883
:100110008F0400088F0400088F0400088F04000873
:100120008F0400088F0400088F0400088F04000863
:100130008F0400088F0400088F0400088F04000853
:1001400000000000000000000000000000000000AF
:100150008F0400088F0400088F0400088F04000833
:100160008F0400088F0400088F0400088F04000823
:100170008F040008CD8600088F04000800000000EE
:100180008F0400088F0400088F0400088F04000803
:100190008F0400088F0400088F0400088F040008F3
:1001A0008F0400088F0400088F040008000000007E
:1001B0008F0400088F0400088F0400088F040008D3
:1001C0008F0400088F0400080000000000000000F9
:1001D00000000000000000008F0400080000000084
:1001E000000000000000000000000000000000000F
:1001F00000000000000000008F0400088F040008C9
:100200008F0400088F040008000000008F0400081D
:100210008F0400088F0400088F0400088F04000872
:100220008F040008000000008F0400080000000098
:100230008F0400088F040008000000008F040008ED
:100240008F0400088F0400088F0400088F04000842
:100250008F0400088F0400088F0400088F04000832
:100260008F0400088F0400088F0400088F04000822
:100270008F0400088F0400088F04000800000000AD
:100280008F0400088F0400088F0400088F04000802
:10029000000000008F0400088F0400080000000028
:1002A000000000008F0400088F0400088F0400087D
:1002B0008F0400088F0400088F0400088F040008D2
:1002C0008F0400081DA600088F04000800F002F843
:1002D00000F061F80AA090E8000C82448344AAF17F
:1002E0000107DA4501D100F056F8AFF2090EBAE87D
:1002F0000F0013F0010F18BFFB1A43F0010318475A
:10030000A81D0100D81D01000A444FF0000C10F890
:10031000013B13F0070408BF10F8014B1D1108BF83
:1003200010F8015B641E05D010F8016B641E01F823
:10033000016BF9D113F0080F1EBF10F8014BAD1C73
:100340000C1B09D16D1E58BF01F801CBFAD505E091
:1003500014F8016B01F8016B6D1EF9D59142D6D3EB
:10036000704700000023002400250026103A28BF13
:1003700078C1FBD8520728BF30C148BF0B60704717
:10038000752900F02B81002070471FB511F0E5F8AA
:100390001FBD10B510BD00F0C5FB1146FFF7F5FFFE
:1003A0000DF098FE00F0E3FB03B4FFF7F2FF03BC8F
:1003B00000F0E6FB2C4B19680868B0E8F04F80F3BA
:1003C0000988BFF36F8F4FF0000080F311887047EA
:1003D0000000000008480068006880F308884FF0BB
:1003E000000080F3148862B661B6BFF34F8FBFF38D
:1003F0006F8F00DF00BF00BF08ED00E0DFF80C00EA
:10040000016841F470010160704700BF88ED00E0B1
:10041000EFF30980BFF36F8F134B1A681EF0100FB4
:1004200008BF20ED108A20E9F04F106009B44FF0AA
:10043000500080F31188BFF34F8FBFF36F8F10F020
:10044000A3F84FF0000080F3118809BC1968086810
:10045000B0E8F04F1EF0100F08BFB0EC108A80F328
:100460000988BFF36F8F7047B4460024EFF305800F
:10047000704700000948804709480047FEE7FEE74B
:10048000FEE7FEE7FEE7FEE7FEE7FEE7FEE7FEE744
:1004900004480549054A064B704700005DA5000861
:1004A000CD02000858060124581A0124580A0124D4
:1004B000580A012453EA020C00F069802DE9F04B40
:1004C0004FF00006002B1FBFB3FA83F503FA05F4C3
:1004D00024FA05F65E4012BF1643B2FA82F502FA1C
:1004E00005F4C5F120051EBF22FA05FC44EA0C0400
:1004F000203556EA044C4FEA144418BF641C4FF0F0
:1005000000084FF00009904271EB030C39D3002929
:1005100019BFB1FA81F701FA07F6B0FA80F700FACD
:1005200007F6C7F120071EBF20FA07FC46EA0C06B3
:100530002037B6FBF4FCA7EB0507103F07F01F0BB5
:10054000CBF120060CFA0BFB2CFA06F644BFB3469F
:100550000026202FA4BF5E464FF0000B5BEA060C7E
:1005600008BF4FF0010B19EB0B09ABFB027C48EB0A
:100570000608C01B06FB02CC0BFB03CC71EB0C0185
:10058000C1E70B46024641464846BDE8F08B13B52D
:100590004FF000004FF00001AFF30080BDE81C40B9
:1005A000704700000FB47CB50C0009AA009001D080
:1005B0002044401E084B7B4469460190089800F097
:1005C0002AFA05461CB10020694600F037FA284691
:1005D0007CBC5DF814FB00008D0400002DE9F041A7
:1005E0000646002410687529314616A510D0AFF3D1
:1005F0000080002802DA404213A507E031688A072C
:1006000001D512A502E0490704D511A5012401E096
:10061000AFF3008000210A2206F1240709E0B0FBB5
:10062000F2FCB0FBF2F302FB1C00303078541846A9
:10063000491C0028F3D123462A463046BDE8F04144
:1006400000F08BB9000000002D0000002B0000001E
:10065000200000002DE9F0410F46054600202862E9
:100660002846E968884770B3252805D0D5E90121D7
:100670009047286A401CF2E7E96828460026884728
:100680006C2804460AD0682C08D04C2C35D06A2C33
:1006900031D0742C31D07A2C2FD016E0E968064680
:1006A00028468847B042044608D16C2E23D04FF428
:1006B00080662846E9688847044606E06C2E03D029
:1006C0004FF4807601E01EE04026E4B1A4F1410041
:1006D000192802D8203446F400663A4621462846B6
:1006E0002E60FFF74DFE60B1012808D0FF1D27F0F6
:1006F00007070837B4E78026DBE70026D9E73F1D68
:10070000AEE72046B2E7286ABDE8F08130B505467D
:100710000B462A4613F8014B12F8010B08B1A04210
:10072000F8D01CB1002802D06D1CF1E7284630BD7E
:1007300010B5431C02E010F8011B71B18107FAD11A
:100740004FF0013202C88C1A8C4314EAC211F9D05E
:10075000C01A0A0603D0C01E10BDC01A10BD0A047C
:1007600001D0801E10BD0902FCD0401E10BD032A1E
:1007700040F2308010F0030C00F0158011F8013BBE
:10078000BCF1020F624498BF11F801CB00F8013BA5
:1007900038BF11F8013BA2F1040298BF00F801CB69
:1007A00038BF00F8013B11F0030300F06780083AFE
:1007B000C0F0088051F8043B083A51F804CBA0E897
:1007C0000810F5E7121D5CBF51F8043B40F8043BEC
:1007D000AFF30080D20724BF11F8013B11F801CB21
:1007E00048BF11F8012B24BF00F8013B00F801CBF2
:1007F00048BF00F8012B7047431A28BF9A427FF682
:10080000B6AF032A1044114440F2268010F0030FC3
:100810001EBF11F8013D521E00F8013D10F0030FFC
:100820007FF4F6AF11F0030300F02881083AC0F01E
:100830000B8051F8043D083A51F804CD40F8043DCE
:1008400040F804CDFFF7F3BF121D5CBF51F8043D23
:1008500040F8043DAFF30080D20724BF11F8013DFA
:1008600011F801CD48BF11F8012C24BF00F8013D5B
:1008700000F801CD48BF00F8012C704710B5203AB0
:10088000C0F00B80B1E81850203AA0E81850B1E849
:100890001850A0E81850BFF4F5AF5FEA027C24BFFF
:1008A000B1E81850A0E8185044BF18C918C0BDE8F6
:1008B00010405FEA827C24BF51F8043B40F8043BBF
:1008C00008BF7047D20728BF31F8023B48BF11F874
:1008D000012B28BF20F8023B48BF00F8012B7047CE
:1008E00002F0FF0343EA032242EA024200F0F2B8B8
:1008F0004FF0000200B5134694469646203922BFB9
:10090000A0E80C50A0E80C50B1F12001BFF4F7AF03
:10091000090728BFA0E80C5048BF0CC05DF804EBE5
:10092000890028BF40F8042B08BF704748BF20F853
:10093000022B11F0804F18BF00F8012B7047704751
:100940007047704710B500F0E5F8006810BD10B5AD
:10095000044600F0DFF8046010BD2DE9F0470D46B5
:1009600099469246044600F124080168880604D599
:10097000E06921F01001216000E00120A84201DDC2
:10098000471B00E00027A1697A1902EB0900081A49
:10099000A0612078C00602D42046AFF30080002674
:1009A00008E0D4E901211AF806009047206A401CAB
:1009B000761C20624E45F4DB2078C0060AD520461E
:1009C000AFF3008006E0D4E9012130209047206A8F
:1009D000401C2062381EA7F10107F4DC07E0D4E9CF
:1009E000012118F805009047206A401C2062281E4B
:1009F000A5F10105F3DC2046AFF300802078000666
:100A000002D50220BDE8F0870120FBE701694A1CFE
:100A100002610878704700B58FB0CDE9013100213F
:100A2000059105497944CDE9031011466846FFF761
:100A300011FE0FB000BD0000E5FFFFFF0A6802F8DD
:100A4000010B0A607047D1E900239A4202D2531C7D
:100A50000B6010707047431A28BF9A427FF60EAFA2
:100A6000104410F0030F11441EBF11F8013D521E37
:100A700000F8013D10F0030F7FF4F6AF103AC0F01C
:100A80000A8010B531E91850103A20E91850BFF427
:100A9000F9AFBDE81040530724BF31E9081020E941
:100AA000081044BF51F8043D40F8043D12F0030F14
:100AB00008BF7047D20728BF31F8023D48BF11F880
:100AC000012C28BF20F8023D48BF00F8012C7047D8
:100AD0004FF000020429C0F0128010F0030C3FF424
:100AE00009AFCCF1040CBCF1020F18BF00F8012BC8
:100AF000A8BF20F8022BA1EB0C01FFF7FBBE5FEAB9
:100B0000C17C24BF00F8012B00F8012B48BF00F87E
:100B1000012B704700487047F405012400487047D6
:100B2000F40501247546FFF7F9FFAE460500694656
:100B3000534620F00700854618B020B5FFF7A8FC03
:100B4000BDE820404FF000064FF000074FF00008CE
:100B50004FF0000B21F00701AC46ACE8C009ACE84F
:100B6000C009ACE8C009ACE8C0098D46704710B5B3
:100B70000446AFF300802046BDE81040FFF714BCE8
:100B800001491820ABBEFEE72600020070470000B6
:100B900010B5324904460068884202D0304A90427B
:100BA00002D1D1F8080302E02E48D0F8080310F46F
:100BB000403F10D005F0FAFD6168B1F5803F06D0E6
:100BC000B1F5003F03D0B1F5403F26D101E0090C5B
:100BD00017E0800821E000214FF4002004F09EFE81
:100BE00061688A03920B18D18A140C2A15D2DFE8A7
:100BF00002F0140606060606060B0D0F1113890CEB
:100C00004900B0FBF1F008E0000906E0400904E00B
:100C1000800902E0C00900E0000A13494008884248
:100C200004D82068816821F4407108E00F498842A7
:100C300007D82068816821F4407141F48071816097
:100C400010BD0B4988422068816804D821F44071A6
:100C500041F40071F3E741F44071F0E700200240F5
:100C60000021024000600258105E5F0020BCBE0000
:100C700040787D012DE9F0410027044600680D46CB
:100C800007F064F90646206807F05CF930435DD050
:100C900020682F4EC168890105D5617E012902D1E6
:100CA000217E01290BD0022D1DD0206807F04EF9BE
:100CB000B8B120688168C1F3400169B111E02549EC
:100CC000012502E08F4232D27F1C0268D2435206D5
:100CD000F8D440210160E8E78168314041F010011B
:100CE0008160012D11D0206807F02CF948B12068EF
:100CF0008168C1F3400121B98168314041F0200190
:100D00008160022D08D0032D04D0042503F05EFA83
:100D1000064617E00C25F9E70825F7E703F056FA31
:100D2000801B05280ED92068806828420AD0206ED2
:100D300040F010002066606E40F001006066012007
:100D4000BDE8F081206880682842E7D10020F7E7FD
:100D5000C0FFFF7F00DC0C0070B5044600688168AE
:100D60008268C1F3400112F0010F28D039BB8168BD
:100D700001F00D01012914D18168124A1140891C2A
:100D8000816021680320086003F020FA054612E024
:100D900003F01CFA401B02280DD920688068C007A8
:100DA00009D0206E40F010002066606E40F0010017
:100DB0006066012070BD20688068C007E8D100200F
:100DC00070BD0000C0FFFF7F70B5044600688168F9
:100DD00011F0010F40D18168204A11422DD1816864
:100DE000D5432940491C816003F0F0F91C490646AF
:100DF00020681C4B884201D0984201D11A4A00E079
:100E00001A4A9268984202F01F0200D001468142BD
:100E10001DD0E2B120E0816811F0010F03D181689B
:100E20002940491C816003F0D1F9801B02280ED9AA
:100E300020680068C043C00709D0206E40F0100051
:100E40002066606E40F001006066012070BD206881
:100E50000168C943C907DED1002070BD3F00008092
:100E6000002002400021024000230240006302589B
:100E7000FEE7000004280B4610B517DD202802D03D
:100E8000212813D10AE09BB1072A11D1094819681A
:100E90000160998881809979817107E043B1072ABF
:100EA00000D9072203491846FFF761FC002010BD56
:100EB000032010BD8246002400207047074900220D
:100EC000074810B509F002FE08B1032010BD05491E
:100ED000034809F0EEFD40B210BD0000F4690024A3
:100EE000185D0024F46100240649074810B509F094
:100EF000E0FD08B1032010BD034809F0B3FD40B286
:100F000010BD0000F4610024185D0024002070472B
:100F100070B50D4610B1B5F5006F01D9032070BD55
:100F2000EFF3108472B6124991F89C32D1F8D422B2
:100F3000032B01EB8201D1F8C01205D121B1D1F808
:100F4000141219B1012010E003200EE025B12A4649
:100F500001460848FFF750FC06492A46044809F0B4
:100F6000B5FD10B9024809F027FE84F3108870BD62
:100F7000185D0024F4690024014802F061B9000002
:100F8000545C0024294A016891423AD0274A183219
:100F9000914236D0254A3032914232D0234A4832EB
:100FA00091422ED0214A603291422AD01F4A783293
:100FB000914226D01D4A9032914222D01B4AA8323B
:100FC00091421ED01A4A91421BD0194A18329142BE
:100FD00017D0174A3032914213D0154A4832914205
:100FE0000FD0134A603291420BD0114A78329142AD
:100FF00007D00F4A9032914203D00D4AA832914255
:1010000011D1CAB21823103AB2FBF3F26FF30901FF
:10101000032A02F00703074AD25CC26500D9091D02
:1010200081650846704721F0FF01F9E71000024092
:1010300010040240381D010830B5224A012301681E
:101040009142CAB21BD01F4C1434A14217D01D4C80
:101050002834A14213D01B4C3C34A1420FD0194C70
:101060005034A1420BD0174C6434A14207D0154C28
:101070007834A14203D0134C8C34A1420CD11421FA
:10108000114C083AB2FBF1F10F4A803201F01F0512
:1010900004EB8101AB4010E00C4D1824103A0D44D4
:1010A000B2FBF4F1A82D00D80831094A01F01F0461
:1010B00002EB8101064AA3408032603080E80E00D6
:1010C00030BD00000854025800580258F0FBFDBF24
:1010D0000008024010B50279531E072B2DD8174C7B
:1010E0000168A1421BD0154C1434A14217D0134CF7
:1010F0002834A14213D0114C3C34A1420FD00F4CE4
:101100005034A1420BD00D4C6434A14207D00B4C9B
:101110007834A14203D0094C8C34A14203D1084950
:10112000074C443102E00749064C443104EB82028B
:10113000C0E91B2101219940416710BD08540258A4
:10114000FC580258FC08024010B583694FF0C07487
:10115000826A0146002053B1B3F5005F15D072B129
:10116000012A0CD0022A0AD0032A09D104E01AB1BC
:10117000012A06D0022A03D1C96AC90100D501207B
:1011800010BDC96AA142FAD010BD002AF7D0012AC9
:10119000F2D0022AF3D0032AF3D010BD2DE9F04F8C
:1011A000804E804FDFF8FC911836DFF8F8A1483701
:1011B0000468856D0AF1300ADFF8ECB14C45DFF8C0
:1011C000ECC1DFF8ECE16DD0B4426BD0544569D08E
:1011D000BC4267D0DFF8D081A8F11808444561D03F
:1011E0005C455FD064455DD074455BD0DFF8C48159
:1011F000444557D0DFF8BC8108F11808444551D068
:10120000DFF8B08108F1300844454BD0DFF8A48105
:1012100008F14808444545D0DFF8988108F1600896
:1012200044453FD0DFF88C8108F17808444539D037
:10123000DFF8808108F19008444533D0DFF87481ED
:1012400008F1A80844452DD0DFF86C81444529D029
:10125000DFF8648108F11408444523D0DFF8588191
:1012600008F1280844451DD0DFF84C8108F13C08FE
:10127000444517D0DFF8408108F15008444511D0AB
:10128000DFF8348108F1640844450BD0DFF8288189
:1012900008F17808444505D0DFF81C8108F18C0876
:1012A000444509D1D0E91948C4F80480C46E1CB182
:1012B000D0E91C48C4F8048004684C452ED0B442E0
:1012C0002CD054452AD0BC4228D0374E183EB442C8
:1012D00024D05C4522D0644520D074451ED0354EC4
:1012E000B4421BD0334E1836B44217D0314E30368C
:1012F000B44213D02F4E4836B4420FD02D4E603634
:10130000B4420BD02B4E7836B44207D0294E9036DB
:10131000B44203D0274EA836B44215D190F85C6091
:101320003F2406F01F06B440AC600468256825F42D
:10133000802525602EE09A600068C160BDE8F08FCE
:1013400099600068C260F9E71B4EB4421BD01A4E88
:101350001436B44217D0184E2836B44213D0164E65
:101360003C36B4420FD0144E5036B4420BD0124E1D
:101370006436B44207D0104E7836B44203D00E4ED5
:101380008C36B442DAD190F85C60012406F01F0676
:10139000B4406C60046863608368402B0368CFD1FD
:1013A000C9E700001000024088000240A00002408F
:1013B000B80002401004024008540258704772B648
:1013C000FEE730B5014690F8405090F84840D1E92A
:1013D000162365F307009A4264F30F2001DD012212
:1013E00000E00022D1E91C3162F317408B4201DD9D
:1013F000012100E0002161F31F6030BDF0B50C4613
:1014000007462DED068B87B091ED131AD1ED140A26
:1014100091ED150A21EE011A60EEA00A20EE000AF5
:1014200071EE200A30EE800A0BF038FEB0EE009A22
:101430003B4D4FF07E5620EE090A9FED3A8ADFEDD4
:101440003A8A10EE100AA84202D3B0EE480A08E029
:1014500010EE100AB04202DBB0EE680A01E00AF0BA
:101460001DFFDFED329A9FED32AA20EE290A8DEDA5
:10147000000A94F860008DF80400206A48B3D4EDA7
:10148000160A00EE100AF8EEE00AB8EEC01A80EE76
:10149000810A00BF8DED020A04F16400D0EC030A5A
:1014A00020EEA00A61EE010A21EEA11A30EE200A18
:1014B00030EE010A0BF0F2FD20EE090A10EE100AE0
:1014C000A8420DD210EE100AB04205DBB0EE688AD9
:1014D00006E0B0EE4A0ADDE70AF0E0FEB0EE408A30
:1014E00028EE290A8DED030A94F878008DF8100093
:1014F000206A48B1D4ED1C0A00EE100AF8EEE00AAA
:10150000B8EEC00A80EE80AA1822694638468DEDF2
:1015100005AAFFF7B3F907B0BDEC068BF0BD0000DC
:10152000000080BFDB0FC9BFDB0FC93FE02E654263
:1015300000000000243090EC040A704710B5044904
:10154000044600F09BF82046BDE8104000F002B8C9
:10155000701C010870B5124C00210126B2EE040A7D
:101560003CCCC0E90C5100F124058163C16385E8DE
:101570001C0080F8406080ED110A80F84810C164BA
:10158000016541658165026AC26580F86010416647
:101590008166C166C0E91C1280F8781070BD000039
:1015A0008C1C010870B505462DED028BF6EE008A05
:1015B00090ED0B1AB0EE408AF0EE680A90ED090A41
:1015C000D0ED0C1A41EE410A90ED0A2A20EE210AD4
:1015D00041EEE10A02EE010A0AF0FCFEDFED240A08
:1015E000002468EE200A30EE600A60EE288AB0EE31
:1015F000680A0BF055F8B0EE408AB0EE680A0BF0BE
:1016000083FCB1EE401AB0EE480A95ED092AD5EDFB
:101610000A1AD5ED0B2A95ED0C3A60EE023A20EE4F
:10162000214A60EE224A20EE030A00EE904A00EEC4
:10163000A20A40EEC34A40EEE13A00EE824A00EED2
:10164000E10A40EE824A40EEE23A00EE834A01EEC1
:10165000020A41EE214A41EE433A01EE624A85ED2B
:101660000C0A2435C5EC033ABDEC028B70BD0000BA
:1016700035FA8E3C80ED000A7047000070B5B7EE79
:10168000002A04460D462DED048BB2EE041AF0EE4E
:10169000081AD1ED000A82EE200A80ED000A0879CE
:1016A0002071D1ED020AC4ED020A31EE601AC1EEDA
:1016B000210A20EE800A84ED030A91ED030AB5EEBB
:1016C000C00AF1EE10FA01DD012000E000202074D4
:1016D000DFED2E0A95ED030A9FED2D9A9FED2D8AE1
:1016E00020EE200AF6EE008A84ED050A95ED040A44
:1016F000B5EEC00AF1EE10FA02D1B0EE480A09E0E8
:1017000020EE090A0BF000FC20EE280AF0EE000A99
:101710000BF0CEF884ED060A95ED050AB5EEC00A89
:10172000F1EE10FA02D1B0EE480A09E020EE090A03
:101730000BF0EAFB20EE280AF0EE000A0BF0B8F8F6
:1017400084ED070A95ED000AD5ED060A20EE200A81
:10175000BDEEC00A84ED080A84ED170A84ED1D0A67
:1017600095ED020AB5EEC00AF1EE10FA06D095ED3D
:10177000060AB5EEC00AF1EE10FA03D184ED068A2E
:1017800084ED078ABDEC048B70BD000048E17A3F10
:1017900035FA8E3CFFFF7F7F2DE9F04704464FF07E
:1017A000010A34302DED108BB0EE43EBB0EE44FA6D
:1017B000B0EE403AC0EC031A207C90B3B0EE430A7E
:1017C000D4ED053AB0EEC00A2046B4EEE30AF1EEDD
:1017D00010FA11D8B0EE600AB0EEC00AB4EEE30A17
:1017E000F1EE10FA08D8B0EE410AB0EEC00AB4EE3D
:1017F000E30AF1EE10FA14D90546466AF0EE613AB2
:10180000B0EE424BD5E90A70D5F8309080462046BC
:10181000FFF7A0FE2435A5E8C003C5EC033A84F821
:1018200048A0002094F84010E9B3D4ED113A94EDAB
:10183000034A94ED020A73EEC4BAC4ED11BAF4EE91
:10184000C0BAF1EE10FA05DC84F84000F0EE40BAC0
:1018500084F848009FEDFE0A2179B6EE008A63EE17
:1018600000CA20EE80DA61EE00DAE1B3012968D027
:1018700002297ED008EE900A09EE100A09EE900ABD
:10188000F5EEC01AB7EE00CAF1EE10FA8046D14666
:1018900046460546374684F860A00FD1B0EE420AAE
:1018A000B5EEC00A00E049E0F1EE10FA06D1B0EE64
:1018B000620AB5EEC00AF1EE10FA73D021EEA10A69
:1018C00062EE020AB0EE62BAB0EE61AA2BEE0B1A1B
:1018D00030EE200AF0EE42AA30EE010A0BF0DEFBF9
:1018E0008CEE001A00E02CE0F0EE4A1AB0EE6A2A04
:1018F00021EE810A62EE010AF0EE681AB0EE492B81
:101900002BEE011A60EE213A20EE824A21EE223AB5
:1019100073EE843A33EE833AB5EEC03AF1EE10FA44
:1019200041DD20EEA23A61EE213A20EE024A01EEBC
:10193000423A40EE623A00EEE14A6FE0D4ED02BA7C
:1019400088E7D4ED090A94ED0C0AF0EE489A94ED7C
:101950000A1A94ED0B3A50EEA09A61EE008A23EE3B
:10196000009A40EEC38A00EE819A40EE009A87E723
:10197000FFE794ED0B3AD4ED0C0A94ED090AF0EE72
:10198000489A63EE203A94ED0A1A40EE409A60EECF
:10199000038A40EE013A41EE608A40EEE09AB1EEF1
:1019A000639A6DE778E020EEA2AA61EE21AA20EE0C
:1019B00002BA01EE42AA40EE62AA00EEE1BAB5EE2A
:1019C000C0AAF1EE10FA15D1B0EE6A0AB5EEC00A5F
:1019D000F1EE10FA0ED1B0EE4B0AB5EEC00AF1EE00
:1019E00010FA07D1404603EE100A03EE908A04EE87
:1019F000108A13E06AEE0A0A2AEEAA0A2BEE0B1AE4
:101A000030EE800A30EE010A0BF048FBCCEE000A03
:101A10002AEE203A6AEEA03A2BEE204A04F14C005E
:101A200080EC033A94F8400080B923EE031A63EE89
:101A3000A30A24EE040A71EE200A30EE800AD4EDE7
:101A4000060AB4EEE00AF1EE10FA04D8A06D84F8AC
:101A50006080093801E0A06D401CA065E16D8842FE
:101A600004DDC4F85C8084F8608001E0216AE165EF
:101A70000028216A4FF0000201DA104602E0884295
:101A800000DD084694F86010A06529B913EE105ADD
:101A900013EE906A14EE107A0BEE105A0AEE906A6A
:101AA0000AEE107AB5EEC0EAB0EE681AF1EE10FA5E
:101AB00046464546374684F878900DD1B0EE6E0A1A
:101AC000B5EEC00AF1EE10FA06D1B0EE4F0AB5EE4F
:101AD000C00AF1EE10FA72D02079A846E8B30128C6
:101AE00070D002286DD028460FEE900A00EE105AF2
:101AF00000EE908A69EE8E1AB0EE408B69EE0F0A06
:101B000021EE2E0A41EE4F1A49EEEE0A09EE4E0A78
:101B100021EEA11AF0EE619AB0EE609A60EEA00A92
:101B2000B0EE40EA20EE000A70EE810A30EE800A44
:101B30000BF0B4FA8CEE002AF0EE490AF0EE691AC6
:101B4000B0EE4E0A20EE821A61EE821A20EE022AD0
:101B5000F0EE680A21EE2F0A00E019E061EE882A13
:101B600022EE203A30EE220A30EE030AB5EEC00A29
:101B7000F1EE10FA58DD21EEA00A62EE2F2A21EED6
:101B8000083A02EE480A41EE602A01EEEF3A89E097
:101B900094ED092AB0EE480AD4ED0B1AD4ED0A2AC6
:101BA00094ED0C3A12EE020A62EEA1FA61EE830A9B
:101BB00042EE03FA42EE620A01EEA10A9AE7B2E0AF
:101BC00000E018E0D4ED091AD4ED0A0A94ED0C0AED
:101BD00001EEE18A94ED0B2A60EE802A21EE800A64
:101BE00041EE822A00EEE08A00EEC20AF1EE620ABD
:101BF000F0EE48FA7EE7D4ED0A0AD4ED0B1A94ED24
:101C0000092AB0EE480A20EEA13AD4ED0C2A02EEE1
:101C1000420A62EE200A02EE223A41EEE20A01EEA8
:101C2000E10AF1EE43FA65E721EEA09A62EE2F9AFF
:101C300021EE08EA02EE489A41EE609A01EEEFEAE0
:101C4000B5EEC09AF1EE10FA18D1B0EE690A01E0D3
:101C500035FA0E3CB5EEC00AF1EE10FA0ED1B0EE38
:101C60004E0AB5EEC00AF1EE10FA07D1404600EE7A
:101C7000100A02EE908A03EE108A13E069EE090A58
:101C800029EEA90A2EEE0E1A30EE800A30EE010A75
:101C90000BF004FACCEE000A29EE200A69EEA02A25
:101CA0002EEE203A84ED190AC4ED1A2A84ED1B3A6F
:101CB00094F8400080B960EE001A62EEA20A23EEAA
:101CC000030A71EEA00A30EE800AD4ED070AB4EEE2
:101CD000E00AF1EE10FA06D8216F84F8788009390D
:101CE0002167084602E0206F401C2067616F884230
:101CF00004DDC4F8748084F8788001E0216A6167AB
:101D00000028216A4FF0000201DA104602E0884202
:101D100000DD084694F87810206721B912EE906A29
:101D200013EE107A656E04F1240000EE906A00EE66
:101D3000105A01EE107A7AEEA00A3BEE000A3AEE53
:101D4000011A94ED004A60EEAB0A20EE2B0A61EE18
:101D50002B1A94ED0B2A7DEE203A3CEE801AD4ED3E
:101D60000A0A7DEEA12A94ED090A21EE043A23EE37
:101D7000841A62EE842AD4ED0C1A60EEC33A20EE87
:101D8000034A60EE014A42EE413A02EE224A40EE38
:101D9000E24A41EEE23A60EE222A01EEC14A41EE09
:101DA000834A40EE812A30EE230A70EE840A32EE36
:101DB000241AF0EE409A42EE432AB0EE608AF0EE2A
:101DC000418A71EEA21A80EC040A29EEA91A28EEC3
:101DD000080A68EEA80AB0EE619A31EE000A69EED0
:101DE000091A30EE200A30EE210A0BF057F9CCEE3A
:101DF000000A29EEA00A28EE201A68EEA01A69EE61
:101E0000200A84ED090A84ED0A1AC4ED0B1AC4ED08
:101E10000C0ABDEC108BBDE8F0870000002110B566
:101E200004EE101A03EE901A03EE101A0446FFF7A0
:101E3000B3FC94F84000002806D02046BDE81040CE
:101E40009FED020AFFF7AEBB10BD000000000000CE
:101E5000183090EC030A704710B50549044600F0AD
:101E60000DF800216161A161E161216210BD0000F6
:101E70009C1C0108183080EC030A70470EC9F7EE6D
:101E8000000A00EE101ADFED091A80E80E0080EE5D
:101E9000801A61EE210AC0ED030A00EE903A20EEAE
:101EA000800ABCEEC00A80ED040A7047FDAD003E1A
:101EB000D0ED062A90ED072AD0ED081A30EE620A1E
:101EC00090ED013A70EEC20A31EE611AF0EEC03ABE
:101ED000F4EEC33AF1EE10FA11DCF0EE603AF0EEF7
:101EE000E33AF4EEC33AF1EE10FA08DCF0EE413AD0
:101EF000F0EEE33AF4EEC33AF1EE10FA01DD002120
:101F000004E0D0E90421914202D2491C41617047AA
:101F1000D0ED033AB0EE403AB0EE605AF0EE414AEE
:101F200023EE234A25EE233A64EEA33A72EE842A86
:101F300032EE032A71EEA31AC0ED062A80ED072ABD
:101F4000C0ED081A70470000F8B500270446154692
:101F50000E46009790F85C0001280BD0012084F811
:101F60005C002046FEF7F8FE0100206E04D040F031
:101F700010002DE00220F8BD20F4885040F002004F
:101F80002066206806F4803205F08043134D1A4322
:101F900083682B401A4342F000428260104A206856
:101FA0000EE0009B5B1C0093934209D3206E84F8E3
:101FB0005C7020F0020040F0100020660120F8BDA7
:101FC0008368DB0FEDD1206E20F0020040F00100AD
:101FD0002066084684F85C70F8BD0000C0FFFE3F34
:101FE00000F8C3252DE9F0470F4690F85C109CB02F
:101FF000044601294FF0000915D00026DFF8F880CB
:10200000012084F85C0018961996216841450ED18C
:102010003A4D0095284605F09DFF8246206805F060
:1020200099FF60B10EE002201CB0BDE8F087206E81
:1020300084F85C6040F0200020660120F4E7BAF1EB
:10204000000F09D0216E4FF0010941F020002066F9
:10205000484684F85C60E7E720684146884201D042
:10206000A84201D1264800E0264840F61F72D7F862
:1020700000C0254BBCF1000F23D0D0F808C0D7F822
:1020800004802CF4404C4CEA080CC0F808C0D4F88A
:1020900000C08C4501D0AC4507D18968AB6801F020
:1020A000010103F00103194302E0996801F0010105
:1020B0000029CDD1BD68396883682943934319430A
:1020C00017E0876827F44047876027688F4201D070
:1020D000AF4207D18968AB6801F0010103F0010349
:1020E000194302E0996801F001010029B0D181682B
:1020F00091438160ACE700000020024000210240D3
:102100000023024000630258006002582DE9F84F96
:102110004FF0000B0446FD4E0D46CDF800B0DA46F8
:1021200090F85C00FA4F012808D04FF0010984F8BC
:102130005C90206805F00AFF18B152E20220BDE869
:10214000F88F2068B0420DD02968C2690B0327D0F0
:1021500091FAA1F1B1FA81F101F01F0309FA03F13B
:102160000A43C261D5E900124FF00C0C20681F230E
:10217000C1F384610CEA921C02F01F026044934098
:102180009140026B9A430A430263206805F0DEFE29
:102190008046206805F0D6FE58EA000003D048E1EA
:1021A000C1F38461D8E7AA682968206805F0DEFEDB
:1021B0002068B04204D1C2686969C2F3C1020BE071
:1021C000D44A1268B9EB127F02D0C168C90605D49F
:1021D000C2686969C2F38202520004E0C268696998
:1021E00002F01002520891402A69042A5AD02B6842
:1021F00000EB8202B04202F1600207D103F0F84026
:102200001368084340F00040106008E0D2F800C0B6
:1022100003F0F84008430CF00041014311602068CE
:10222000B0421CD12A69E96900EB8200026E22F0FB
:1022300080720A43026695F8201020682A690129F5
:102240000AD00021B042AAD100EB8200026E22F037
:1022500000720A430266ECE04FF00071F2E795F875
:1022600021102A69012917D05FF0000100EB8200DC
:10227000026E22F000420A430266287E21682A6923
:1022800001280CD000200B6902F01F02904023F4BB
:10229000F04202430A61CCE04FF00041E6E74FF420
:1022A0000060F0E7B04273D1002105F045FE000365
:1022B00020684FF000016DD005F03EFE90FAA0F0CE
:1022C000B0FA80F12868020369D090FAA0F0B0FA61
:1022D00080F0814204D100222068114605F056FEAC
:1022E0002068012105F028FE000320684FF001015D
:1022F00058D005F021FE90FAA0F0B0FA80F12868DD
:10230000020354D090FAA0F0B0FA80F0814204D1D8
:1023100020680022012105F039FE2068022105F025
:102320000BFE000320684FF0020143D005F004FECD
:1023300090FAA0F0B0FA80F1286802033FD090FA3A
:10234000A0F0B0FA80F0814204D12068002202217E
:1023500005F01CFE2068032105F0EEFD0003206857
:102360004FF003012ED005F0E7FD90FAA0F0B0FA8F
:1023700080F1286802032AD090FAA0F0B0FA80F029
:10238000814256D120680022032105F0FFFD50E074
:1023900020E0FFE705F0D0FDC0F3846192E7C0F3D1
:1023A000846096E705F0C8FDC0F38461A7E7C0F339
:1023B0008460ABE705F0C0FDC0F38461BCE7C0F307
:1023C0008460C0E705F0B8FDC0F38461D1E7C0F3D5
:1023D0008460D5E7016E2A7801F0F841B1EB826F95
:1023E00003D1016E21F00041016620682978426E18
:1023F00002F0F842B2EB816F03D1416E21F000414F
:10240000416620682978826E02F0F842B2EB816F53
:1024100003D1816E21F00041816620682978C26E67
:1024200002F0F842B2EB816F03D1C16E21F000419E
:10243000C1662068816811F0010F71D1364AB0423F
:10244000EB6829680FD1D0F8B0C003F01808C1F3C9
:10245000130322FA08F20A402CEA030C4CEA020C9D
:10246000C0F8B0C00EE0D0F8C0C003F01808C1F347
:10247000130322FA08F20A402CEA030C4CEA020C7D
:10248000C0F8C0C02548E96881427DD128680103B1
:102490001BD090FAA0F1B1FA81F1491C01F01F01A3
:1024A00009294FEA00313CD8002911D090FAA0F157
:1024B000B1FA81F101F1010101F01F0109FA01F204
:1024C00009D100BFC0F3846109E0C0F38461E4E78F
:1024D000C0F38461EEE790FAA0F1B1FA81F101F165
:1024E000010101F01F0142EA816102D1C0F3846061
:1024F00003E090FAA0F0B0FA80F000F1010000F0E3
:102500001F0000EB400041EA005140E0006002582B
:10251000002102400010005CFFFF0F000000FF4799
:1025200065E000290FD000BF90FAA0F1B1FA81F167
:1025300001F1010101F01F0109FA01F206D100BF0A
:10254000C0F3846106E0C0F38461F1E790FAA0F182
:10255000B1FA81F101F1010101F01F0142EA81614B
:1025600002D1C0F3846003E090FAA0F0B0FA80F0EA
:10257000434A00F1010000F01F0000EB400002EBB5
:10258000005041EA000100E005E041F00071AA6856
:10259000206805F0EBFCD5F800C0BCF1000F26DA8E
:1025A000384B20683849DFF8E490984201D0B842AF
:1025B00001D10A4600E04A469268984202F0E07271
:1025C00001D0B84209D19D68D7F8088005F001050F
:1025D00008F0010845EA080502E0B56805F00105C4
:1025E0004DB1216E4FF0010A41F0200020665046A7
:1025F00084F85CB0A3E5264DAC451CD115021AD475
:10260000B042F4D1984202D0B84200D049468B681B
:1026100042F4000023F0E07202438A601E491D4824
:102620000968B1FBF0F04000801C00E0401E009003
:102630000028FBD1DBE7194DAC450CD1D5010AD4FC
:10264000B042D4D1984202D0B84200D049468B68FB
:1026500042F080700EE0124DAC45C8D15502C6D490
:10266000B042C4D1984202D0B84200D049468B68EB
:1026700042F4800023F0E07202438A60B7E7000072
:10268000000020FE002002400023024000630258A8
:10269000000052C7400D0300AC460024000021C3D7
:1026A000000084CB0068006C704700002DE9F843FF
:1026B0004FF0000504002E46009502D0206E18B1A0
:1026C00008E00120BDE8F883204600F043F9656684
:1026D00084F85C5020688168C1F3407119B1816849
:1026E0008E4A1140816020688168C1F3007181B910
:1026F00081688B4A114041F0805181608A49894844
:102700000968B1FBF0F0401C00E0401E009000287A
:10271000FBD120688168C1F3007141B9216E0126A7
:1027200041F010012166616E41F00101616605F022
:102730000DFC216EC90600D420B1206E012640F0A8
:102740001000E0E0206E20F4807040F0020020666F
:1027500020688168754D11F0010F1ED1744B754AC8
:10276000984201D0904207D19968976801F0010121
:1027700007F00107394302E0A96801F0010161B9DE
:10278000984201D0904201D16B4800E06B488268CA
:10279000616822F47C120A4382602168A9421FD139
:1027A000637ED4E90207E26B5B033A43082805D055
:1027B0000C280FD01C280FD018280FD05FF0000075
:1027C00000F00C0794F8200043EA47031A4342EA5A
:1027D00000400FE00420F3E70820F1E71C20EFE7BA
:1027E000627E94F82030A768E06B520342EA03420D
:1027F0003843104394F82020012A04D1A28C504B76
:1028000003EB42421043A26A2AB1E36A02F47872EF
:10281000024343EA0200CA68A9420BD1494B1A405D
:102820000243CA602068626B016921F04061114374
:10283000016103E0444B1A400243CA60206805F07E
:1028400085FB0746206805F07DFB07434ED12068D5
:10285000A946484506D1217E94F83820890341EAEB
:10286000420103E0227E216B41EA8231C26844F2D8
:1028700003039A430A43C26094F844000128206885
:1028800003D0016921F0010122E048450ED1D4E9CD
:10289000121CD4E9143502692C4F41EA0C012B4378
:1028A0003A401943114341F0010111E0D4E91317F3
:1028B000B4F848C0DFF89880636D026908EB0C4CEF
:1028C000224D394343EA0C036D1E2A40194311433C
:1028D00001612068236C026922F070421A43026190
:1028E0002068484502D02046FEF752F920690128A9
:1028F00020680BD0016B21F00F010163206E20F0E6
:10290000020040F0010020663046DBE6E269016B20
:10291000521E21F00F011143EFE70000C0FFFF5FDF
:10292000C0FFFF7F400D0300AC460024006002584A
:1029300000200240002102400023024000630258B0
:102940000000FEFF0740F0FF03C0F0FF1FF800FC8F
:102950000100FFFF30B5B5B0044614212EA8FDF7E5
:10296000C7FFB8216846FDF7C3FF1D4920688842AC
:1029700033D1022000224FF400210091102314468D
:10298000CDE90120CDE90330C025059006906846C9
:10299000CDE907520992289203F00EF908B1FEF72B
:1029A0000EFD1048016841F020010160006800F050
:1029B000200033900B480830016841F001010160AC
:1029C00000682EAA032100F001003390202082E845
:1029D000130005482EA901F0E5FA35B030BD00001E
:1029E00000200240D8440258000002582DE9F04768
:1029F000434D0446006888464249434BA842DFF8ED
:102A00000C9101D0484501D10A4600E01A4692686F
:102A100002F01F066269082A14D0AEB1052E13D049
:102A2000092E11D0A84202D0484500D01946886826
:102A300000F4404058B1206E40F020002066012094
:102A4000BDE8F087082703E0C068C007F2E7042765
:102A500001F0BCFB824618E0B8F1FF3F15D001F051
:102A6000B5FBA0EB0A01414502D8B8F1000F0CD12B
:102A700020680068384208D1206E002184F85C107C
:102A800040F0040020660320DAE72068006838423E
:102A9000E2D0206E40F400702066206805F05EFAF7
:102AA00080B1607E70B92068006800070AD5206E8A
:102AB00020F480702066206EC00403D4206E40F0A5
:102AC000010020662068484501D12A4600E0024600
:102AD000824210D07EB1052E0DD0092E0BD0484574
:102AE00000D00546E968082F07D0490401D40C211D
:102AF00001600020A4E7C168F5E70821F8E70000BD
:102B000000200240002302400063025800210240DE
:102B10002DE9F0413B4D044600683B4FA84201D0EF
:102B2000B84201D1394900E03949896801F01F06EE
:102B300005F00CFA18B102210846BDE8F08194F8BE
:102B40005C0001280CD0012084F85C002046FEF7D0
:102B50003BF901004FF0000204D084F85C20EBE761
:102B60000220EAE7236E40F6016C206823EA0C039A
:102B7000B84243F48073236601D12B4600E003463C
:102B8000834200D01EB9236E23F480132366236E84
:102B9000DB0404D5636E23F00603636600E062661F
:102BA0001C23036084F85C202068B84201D12A46C7
:102BB00000E00246824215D0A6B1052E12D0092EA1
:102BC00010D0226EB84242F48012226600D0054630
:102BD000E8688001B0D5206E20F4005040F48050A9
:102BE0002066A9E7C268920105D5226E22F4005240
:102BF00042F4805222668268064B1A40121D82609F
:102C00009AE7000000200240002102400023024019
:102C100000630258C0FFFF7F10B5044690F85C00C7
:102C2000012808D0012084F85C0003212046FEF72B
:102C300021F810B10BE0022010BD2046FEF78CF801
:102C400028B9216E21F4885141F00101216600214B
:102C500084F85C1010BD00002DE9F84F044601F027
:102C6000B5FA00903CB194F83500022806D08021D6
:102C700061650020E4E00120BDE8F88FC74DC74E34
:102C8000C649183520683036DFF81483DFF814930E
:102C90008842DFF814A3DFF814B32ED0A8422CD05A
:102CA000B0422AD0404528D0484526D0504524D0AF
:102CB000584522D0BD4A183290421ED0BC4A90429C
:102CC0001BD0BB4A1832904217D0B94A30329042DA
:102CD00013D0B74A483290420FD0B54A6032904282
:102CE0000BD0B34A7832904207D0B14A903290422A
:102CF00003D0AF4AA832904209D1026822F01E02E6
:102D000002602068426922F08002426103E00268AA
:102D100022F00E02026027688F4238464DD0A8424A
:102D20004BD0B04249D0404547D0484545D05045AA
:102D300043D0584541D09D4A183290423DD09C4ADC
:102D400090423AD09A4A1832904236D0984A30325D
:102D5000904232D0964A483290422ED0944A603205
:102D600090422AD0924A7832904226D0904A9032AD
:102D7000904222D08E4AA83290421ED08D4A904274
:102D80001BD08C4A1432904217D08A4A2832904283
:102D900013D0884A3C3290420FD0864A503290423B
:102DA0000BD0844A6432904207D0824A78329042F3
:102DB00003D0804A8C32974204D1206E026822F4FC
:102DC0008072026075492068884228D0A84226D0C7
:102DD000B04224D0404522D0484520D050451ED096
:102DE00058451CD071491831884218D07049884222
:102DF00015D06F491831884211D06D493031884261
:102E00000DD06B494831884209D069496031884208
:102E100005D067497831884201D065499031016811
:102E200021F0010101600EE001F0D0F90099401A93
:102E3000052808D9202262650321002084F8351076
:102E400084F8340017E73868C007EDD1534A0121F0
:102E5000206890422ED0A8422CD0B0422AD04045C3
:102E600028D0484526D0504524D0584522D04F4B35
:102E7000183398421ED04E4B98421BD04C4B1833FF
:102E8000984217D04A4B3033984213D0484B4833BE
:102E900098420FD0464B603398420BD0444B783366
:102EA000984207D0424B9033984203D0404BA8330E
:102EB000984208D194F85C703F23A06D07F01F077B
:102EC000BB40836007E094F85C30A06D03F01F0303
:102ED00001FA03F34360206890424DD0A8424BD0E2
:102EE000B04249D0404547D0484545D0504543D0F1
:102EF000584541D02D4A183290423DD02C4A90423C
:102F00003AD02B4A1832904236D0294A3032904279
:102F100032D0274A483290422ED0254A6032904221
:102F20002AD0234A7832904226D0214A90329042C9
:102F300022D01F4AA83290421ED01E4A90421BD077
:102F40001C4A1432904217D01A4A2832904213D0A9
:102F5000184A3C3290420FD0164A503290420BD061
:102F6000144A6432904207D0124A7832904203D019
:102F7000104A8C3290420BD1D4E919024260E06EC3
:102F800030B1026822F480720260D4E91C0242600F
:102F9000002084F8351084F834006DE610000240FB
:102FA000580002407000024088000240A000024029
:102FB00010040240085402582DE9F05F28B190F83F
:102FC0003510022904D0802141650120BDE8F09F21
:102FD000904C904B0168183C18338E4ADFF83C92B5
:102FE000A1428D4CDFF838E28E4FDFF83CB2DFF8BB
:102FF0003CA28F4D8F4E31D091422FD099422DD08F
:10300000A1422BD0494529D0714527D0B94225D0BE
:10301000DFF810C20CF1180C61451FD0DFF808C2B0
:10302000ACF1600C614519D0DFF8FCC1ACF1480C83
:10303000614513D0DFF8F0C1ACF1300C61450DD023
:10304000DFF8E4C1ACF1180C614507D0594505D053
:10305000514503D0A94201D0B1422CD1DFF8B4C10F
:103060004FF0040880F83580ACF1180C61451DD094
:1030700091421BD0994219D0A14217D0494515D091
:10308000714513D0B94211D06648183081420DD035
:1030900065486038814209D063484838814205D08C
:1030A00061483038814201D05F481838086820F004
:1030B00001000860ABE0D1F800C02CF00E08DFF88A
:1030C00054C1C1F80080ACF1180C0168614527D0EB
:1030D000914225D0994223D0A14221D049451FD009
:1030E00071451DD0B9421BD0DFF838C10CF1180C66
:1030F000614515D0DFF830C1ACF1600C61450FD0EF
:10310000DFF824C1ACF1480C614509D0DFF818C1E3
:10311000ACF1300C614503D0DFF80CC1ACF1180CF8
:10312000D1F800C02CF0010CC1F800C0DFF8E48039
:103130004FF0010C0168A8F11808414546D09142B2
:1031400044D0994242D0A14240D049453ED0714539
:103150003CD0B9423AD0334A1832914236D0324A42
:10316000603A914232D0304A483A91422ED02E4AAB
:10317000303A91422AD02C4A183A914226D05945E9
:1031800024D0514522D0A94220D0B1421ED02A4A93
:1031900091421BD0284A1432914217D0264A283235
:1031A000914213D0244A3C3291420FD0224A5032ED
:1031B00091420BD0204A6432914207D01E4A7832A5
:1031C000914203D01C4A8C32914218D1016E0A6898
:1031D00022F480720A6090F85C20816D02F01F0278
:1031E0000CFA02F24A60D0E919124A60C16E31B19C
:1031F0000A6822F480720A60D0E91C124A60002238
:10320000016D80F835C080F8342001B18847002076
:10321000DCE6000028000240580002407000024036
:1032200088000240A000024070040240880402406E
:10323000A0040240B804024008540258406D704790
:103240002DE9FC5F0446F74E0020DFF8D88300909C
:103250004FF41652F44808F11808A56DDFF8C4932E
:10326000DFF8C0A3016809F1300920680AF1480AB3
:10327000B1FBF2F1B04201912F68D5F800C0DFF840
:10328000ACB335D04146884232D0484530D0504565
:103290002ED058452CD0E5491831884228D0E34932
:1032A0003031884224D0E1494831884220D0E04979
:1032B00088421DD0DE491831884219D0DC493031AE
:1032C000884215D0DA494831884211D0DFF860E3EE
:1032D0000EF1600E70450BD0D54A7832904207D07F
:1032E000D34B9033984203D0D149A83188427DD145
:1032F00094F85C20082102F01F0201FA02F23A421F
:103300004AD0B04232D0404530D048452ED050450A
:103310002CD058452AD0C54A1832904226D0C34AEC
:103320003032904222D0C14A483290421ED0C04A28
:1033300090421BD0BE4A1832904217D0BC4A30325D
:10334000904213D0BA4A483290420FD0B84A603205
:1033500090420BD0B64A7832904207D0B44A9032AD
:10336000904203D0B24AA832904203D1026802F0E0
:10337000040202E0026802F008026AB1026822F068
:103380000402026094F85C0000F01F008140A96014
:10339000606D40F00100606594F85C00012100F070
:1033A0001F008140394240D02068B04234D04045AF
:1033B00032D0484530D050452ED058452CD09B4A6D
:1033C0001832904228D0994A3032904224D0974AFD
:1033D0004832904220D0964A90421DD0944A1832EA
:1033E000904219D0924A3032904200E0AFE113D0BF
:1033F0008F4A483290420FD08D4A603290420BD0B3
:103400008B4A7832904207D0894A9032904203D05A
:10341000874AA83290427DD1406910F0800F04D0D5
:10342000A960606D40F00200606594F85C000421C2
:1034300000F01F00814039423ED02068B04232D0B7
:10344000404530D048452ED050452CD058452AD044
:10345000764A1832904226D0744A3032904222D0B6
:10346000724A483290421ED0714A90421BD0704A34
:103470001832904217D06E4A3032904213D06C4AC4
:10348000483290420FD06A4A603290420BD0684A6C
:103490007832904207D0664A9032904203D0644A14
:1034A000A83290424ED1006810F0020F04D0A960FB
:1034B000606D40F00400606594F85C00102100F03D
:1034C0001F008140394258D02068B04234D0404576
:1034D00032D0484530D050452ED058452CD0534A94
:1034E0001832904228D0514A3032904224D04F4A6C
:1034F0004832904220D04E4A90421DD04C4A183259
:10350000904219D04A4A3032904215D0484A483247
:10351000904200E014E00FD0454A603290420BD058
:10352000434A7832904207D0414A9032904203D0C9
:103530003F4AA832904207D1006800F0080006E038
:10354000006872E70068B7E7006800F00400A0B107
:10355000A96020680168490304D50068000308D504
:10356000A16C07E00168C90503D4016821F00801D6
:103570000160216C09B12046884794F85C00202145
:1035800000F01F008140394279D02068B04232D02B
:10359000404530D048452ED050452CD058452AD0F3
:1035A000224A1832904226D0204A3032904222D00D
:1035B0001E4A483290421ED01D4A90421BD01C4ADF
:1035C0001832904217D01A4A3032904213D0184A1B
:1035D000483290420FD0164A603290420BD0144AC3
:1035E0007832904207D0124A9032904203D0104A6B
:1035F000A832904203D1006800F0100002E0006899
:1036000000F00200B0B3A96094F8350004282068E7
:1036100001680FD049037ED5006800032BD4616C8C
:103620002AE0000010000240AC4600247000024076
:103630001004024021F0160101602068416921F068
:1036400080014161206C08B9A06C20B1206801683C
:1036500021F00801016094F85C303F21012003F063
:103660001F0300229940A96084F8350084F83420B3
:10367000216D65E003E0E16B09B120468847606D8C
:1036800000287DD0606DC00759D02068042184F8DF
:103690003510B0422BD0404529D0484527D0504561
:1036A00025D0584523D09D49884220D09B491831C8
:1036B00088421CD099493031884218D098498842B4
:1036C00015D097491831884211D095493031884238
:1036D0000DD093494831884209D0914960318842E0
:1036E00005D08F497831884201D08D4990310168E9
:1036F00021F00101016020680099019A491C0091A4
:10370000914202D80168C907F6D10068C00710D0FD
:1037100003200FE0FFE70168C905ACD4036801216D
:10372000002223F01003036084F8351084F834205D
:10373000A1E7012084F83500002084F83400E16C12
:1037400000291DD002B02046BDE8F05F084775494A
:1037500088421DD073491431884219D071492831EB
:10376000884215D06F493C31884211D06D495031A3
:1037700088420DD06B496431884209D0694900E024
:1037800084E07831884203D066498C3188427DD10B
:1037900094F85C800427016808F01F0807FA08F70E
:1037A00017EA0C0F009746D04F0744D500980F0436
:1037B000686003D5C8033CD4A16CC1E7880638D43F
:1037C0002068B0422DD055496039884229D04845FB
:1037D00027D0504525D0584523D05049884220D085
:1037E0004E49183188421CD04C493031884218D09B
:1037F0004B49884215D04A491831884211D048496E
:10380000303188420DD046494831884209D0704550
:1038100007D0904205D0984203D04149A831884250
:1038200003D1016821F0080102E0016821F00401E0
:103830000160216C84E7022707FA08F717EA0C0FEA
:1038400000974ED08F074CD500980F04686003D5C1
:10385000C80344D4616C73E7880640D42068B04242
:103860002FD02E49603988422BD0484529D0504569
:1038700027D0584525D02949884222D027491831D8
:1038800088421ED025493031884200E044E018D0FB
:103890002349884215D022491831884211D0204945
:1038A000303188420DD01E494831884209D07045D8
:1038B00007D0904205D0984203D01949A8318842D8
:1038C00003D1016821F0140102E0016821F00A012E
:1038D0000160012184F83510002084F83400E16B88
:1038E0002EE7082202FA08F212EA0C0F14D0090798
:1038F00012D5016821F00E01016094F85C100120DE
:10390000002201F01F0100FA01F16960606584F88E
:10391000350084F8342012E7BDE8FC9F880002409F
:1039200010040240085402582DE9F05F044600F0EC
:103930004DFC002C07467DD0E24E022120684FF05E
:103940000308DFF884934FF00005DFF880A3B0424E
:10395000DFF87CB334D0DB4A1832904230D048458F
:103960002ED050452CD058452AD0D94A18329042F2
:1039700026D0D74A3032904222D0D54A483290429F
:103980001ED0D44A90421BD0D24A1832904217D04F
:10399000D04A3032904213D0CE4A483290420FD0B3
:1039A000CC4A603290420BD0CA4A7832904207D05B
:1039B000C84A9032904203D0C64AA83290427DD184
:1039C00084F83510B04284F834502ED0BD491831F7
:1039D00088422AD0484528D0504526D0584524D082
:1039E000BB491831884220D0B949303188421CD0B7
:1039F000B7494831884218D0B649884215D0B549F0
:103A00001831884211D0B349303188420DD0B149C4
:103A10004831884209D0AF496031884205D0AD496C
:103A20007831884201D0AB499031016821F0010121
:103A3000016008E025E100BF00F0C8FBC01B0528BD
:103A400001D920211AE120680068C007F4D1D4E927
:103A500002032168103418438E4694E88410D4E998
:103A6000033809683A4310439B4A40EA0C006769EF
:103A700018431140103C40EA0800042F40EA0100BE
:103A800003D1D4E90B12114308436168A1F1290263
:103A9000052A0BD9163A032A08D9083A012A05D96A
:103AA000083A032A02D97439032901D840F4801056
:103AB000CEF800002068676A406900E020E0042F2B
:103AC00020F0070047EA00070DD1D4E90A010743B7
:103AD00049B12046FDF738FB28B14020606501213F
:103AE00084F83510CDE0206847612046FDF74AFA9A
:103AF00094F85C203F2102F01F029140816055E064
:103B0000764A90421BD0754B1433984217D0734BB2
:103B10002833984213D0714B3C3398420FD06F4BEF
:103B2000503398420BD06D4B6433984207D06B4BA7
:103B30007833984203D0694B8C3398427ED184F815
:103B4000351084F83450664B0168A26801EA030E10
:103B5000402A74D0802A73D05FF00002D4E9037841
:103B6000D4E9053142EAD70242EAD8085B4AD4E9EF
:103B7000077C48EAD30848EAD10141EAD70152421A
:103B800041EA1C11142341EA0E010160206810442F
:103B9000B0FBF3F08000E0652046FDF7F3F994F800
:103BA0005C20012102F01F02914041602068B04278
:103BB00057D044491831884253D0484551D05045D8
:103BC0004FD058454DD042491831884249D04049DC
:103BD0003031884245D03E494831884241D03D4944
:103BE00088423ED03B49183188423AD03949303179
:103BF000884236D037494831884232D03549603121
:103C000088422ED03349783188422AD031499031C8
:103C1000884226D02F49A831884222D02F49884295
:103C20001FD02E49143188421BD02C49283188429C
:103C300017D02A493C31884213D002E01DE017E03A
:103C400018E02649503188420BD02449643188421B
:103C500007D022497831884203D020498C318842EC
:103C600029D12046FDF7E8F9A06880280CD00CE0A7
:103C7000102273E74FF4804270E74021616584F8B9
:103C800035800120BDE8F09F6560216E20790860D5
:103C9000D4E9190141606068401E072808D8204611
:103CA000FDF718FAE06E0560D4E91C01416002E0FE
:103CB000E566256765670120656584F835000020A5
:103CC000E0E70000100002404000024058000240BF
:103CD00070000240100402403F8010FE0854025859
:103CE0000F00FEFF2DE9F84F04008C464FF0000056
:103CF000009014D094F83400012812D094F8355074
:103D00000120002184F83400012D0CD0C002606530
:103D10000120009084F834100098BDE8F88F01204D
:103D2000FBE70220F9E78C4D0226206884F8356015
:103D3000A8428A4D61658A4E8A4FDFF82C82DFF8EF
:103D40002C92DFF82CA2DFF82CB226D0A84224D087
:103D5000B04222D0B84220D040451ED048451CD0A9
:103D600050451AD0584518D08349884215D0824909
:103D70001831884211D08049303188420DD07E49B7
:103D80004831884209D07C496031884205D07A495F
:103D90007831884201D078499031016821F00101E1
:103DA000016061462046FDF7F9F96B4920688842B9
:103DB0002CD0A8422AD0B04228D0B84226D04045C4
:103DC00024D0484522D0504520D058451ED06A4ABC
:103DD00090421BD0684A1832904217D0664A30325F
:103DE000904213D0644A483290420FD0624A603207
:103DF00090420BD0604A7832904207D05E4A9032AF
:103E0000904203D05C4AA83290420CD1026822F062
:103E10001E0242F016020260206C88B1206802681F
:103E200042F008020BE0026822F00E0242F00A02A1
:103E30000260206C20B12068026842F00402026037
:103E4000206888424BD0A84249D0B04247D0B842FF
:103E500045D0404543D0484541D050453FD05845D6
:103E60003DD0454A90423AD0434A1832904236D02B
:103E7000414A3032904232D03F4A483290422ED0AE
:103E80003D4A603290422AD03B4A7832904226D056
:103E9000394A9032904222D0374AA83290421ED0FE
:103EA000364A90421BD0354A1432904217D0334ADA
:103EB0002832904213D0314A3C3290420FD02F4AE0
:103EC000503290420BD02D4A6432904207D02B4A98
:103ED0007832904203D0294A8C3290420DD1206E24
:103EE0000268D20303D5026842F480720260E06E79
:103EF00018B1026842F4807202602068884226D0BD
:103F0000A84224D0B04222D0B84220D040451ED092
:103F100048451CD050451AD0584518D016498842FB
:103F200015D015491831884211D0134930318842D3
:103F30000DD011494831884209D00F49603188427B
:103F400005D00D497831884201D00B499031016884
:103F500041F001010160DFE610000240280002404C
:103F600040000240580002407000024088000240B9
:103F7000A0000240B8000240100402400854025859
:103F800070B5044600F022F90546601C02D00448D2
:103F90000078044400F01AF9401BA042FAD370BD27
:103FA000A04600242DE9F84F03247A4D00234FF05A
:103FB00001094FF0B04B4FF00F0AE4E009FA03F6A5
:103FC000324078D00F7907F00307012F01D0022F7C
:103FD0001AD187684FEA430ED1F80CC004FA0EF8E4
:103FE00027EA08070CFA0EFC4CEA070CC0F808C0D8
:103FF000476891F804C0B743CCF3001C0CFA03FCEB
:104000004CEA070CC0F804C00E79F643B6070BD093
:10401000C6684FEA43088F6804FA08FC26EA0C06D3
:1040200007FA08F73743C7600E7906F00306022E39
:1040300012D1DE080F694FEA437C00EB8606B646D4
:10404000366A4FEADC6C0AFA0CF807FA0CF726EA33
:1040500008063743CEF820700F7906684FEA430808
:1040600007F0030704FA08FC07FA08F726EA0C062B
:10407000374307604E6816F4403F1CD0464E376801
:1040800047F00207376036689F0706F00206009681
:1040900023F0030606F1B046B6463F0FD6F8086493
:1040A000DFF8F8800AFA07FC404526EA0C0603D13F
:1040B0004FF0000C3AE065E0DFF8E4C0604502D163
:1040C0004FF0010C32E0DFF8DCC0604502D14FF068
:1040D000020C2BE0DFF8D0C0604502D14FF0030C9A
:1040E00024E0DFF8C8C0604502D14FF0040C1DE0A9
:1040F000DFF8BCC0604502D14FF0050C16E0DFF8D8
:10410000B4C0604502D14FF0060C0FE0DFF8A8C044
:10411000604502D14FF0070C08E0DFF8A0C0604511
:1041200002D14FF0090C01E04FF00A0C0CFA07FC29
:104130004CEA060CCEF808C44F68DBF80060FF02BA
:1041400026EA020600D516435F46CBF80060D1F898
:1041500004C0DBF804605FEA8C2C26EA020600D576
:1041600016437E606E684F6826EA0206BF0300D5DC
:1041700016436E602E684F6826EA0206FF0300D5DC
:1041800016432E605B1C0A6832FA03F67FF416AF02
:10419000BDE8F88F80000058F4440258000002582F
:1041A0000004025800080258000C0258001002587F
:1041B0000014025800180258001C0258002402582B
:1041C0000AB1816170470904FBE70000014880687B
:1041D00070470000A046002402488168027811441C
:1041E00081607047A0460024032010B500F0CAF893
:1041F00002F022FB0F4A104914681368C4F303222B
:1042000003F00F038A5CC95C02F01F0201F01F017A
:10421000D0400A4A20FA01F11160094908600F20D4
:1042200000F010F808B1012010BD00F04DF800209A
:1042300010BD000018440258401D0108B04600247B
:10424000AC46002410B5102804468AB02AD20022B9
:104250000146A12000F076F8A12000F065F815488D
:1042600004601548016841F080710160006808A988
:1042700000F080700990684602F06AFA02F0CAFA0B
:104280000E49400000220E4CB0FBF1F10D4840F207
:10429000E7330460C0E90332491EC0E9011203F0AC
:1042A00086FC10B101200AB010BD064803F0B2FC34
:1042B000F9E70000A4460024EC44025840420F00F5
:1042C00000E00040CC5C0024074882B0016841F067
:1042D00002010160006800220F2100F0020000903E
:1042E000901E02B000F02EB8F4440258002809DBFA
:1042F000410900F01F028900012001F1E0219040F6
:10430000C1F88002704700280DDB410900F01F0250
:104310008900012001F1E0219040C1F88001BFF344
:104320004F8FBFF36F8F7047002809DB410900F002
:104330001F028900012001F1E0219040C1F8000135
:10434000704700000E4BF0B41B680D46C3F3022308
:10435000C3F10706042E00D90426191D072901D22E
:10436000002300E0DB1E012404FA06F19C40491EF4
:104370002940641E994014402143F0BC07F07CBFE3
:104380000CED00E0064900F0070210B54FF6FF04FF
:104390000868044B204040EA02201843086010BD22
:1043A0000CED00E00000FA052DE9F04F02688346AD
:1043B000FE484FF0000A8DB00C468242564602D1AC
:1043C0000025012001E001250020E8460027814664
:1043D00007EB47017F1C08EBC101F8B204F0E4F8D9
:1043E00020B108204FF0010ACBF85400FFB2022F91
:1043F000EED3BAF1000F7CD1DFF8B0E3DEF80000B5
:10440000C00707D0DEF8001046F0010621F00101D8
:10441000CEF80010E6480068C00706D0E44846F031
:104420000206016821F00101016005EB45030C93D0
:10443000E048424608EBC303DFF87CB30121DC46C9
:104440009F6800EB8707D7F8008428F48078C7F8C6
:104450000084DBF80070FF0732D0DCF80070B9F19F
:10446000010F27F00107CCF800705CD1069B00EB30
:104470008303D3F8007447F00207C3F80074079B66
:104480003BB100EB8303D3F8007447F02007C3F877
:104490000074099B4BB121EA030300EB8303D3F8BB
:1044A000047447F48027C3F804740A9BDBB321EA41
:1044B000030700EB8703D3F8047447F0806730E00C
:1044C0000C9F52F8377077B300EB8707D7F800C41A
:1044D0002CF0010CC7F800C45F683FB100EB870700
:1044E000D7F800C42CF0100CC7F800C4D3F80CC0E7
:1044F00000E057E1BCF1000F09D021EA0C0700EB06
:104500008707D7F804C42CF4803CC7F804C41B699F
:104510004BB121EA030700EB8703D3F8047427F0BB
:104520008077C3F8047409EB4903D4F800C0CDF8D0
:1045300030C0914652F83370BC4518D009EBC30225
:10454000D4F804C0D2F80480C44510D0D4F808C010
:10455000D2F80880C4450AD0D4F80CC0D2F80C8038
:10456000C44504D0D4F810C01269944551D10C9AB6
:10457000BA4219D109EBC302D4F804C0D2F80480BE
:10458000C44511D1D4F80CC0D2F80C80C4450BD16D
:10459000D4F810C01269944506D1DBF8003043F01E
:1045A0000103CBF8003034E000EB870709EBC302CE
:1045B000D7F8003423F00103C7F8003453683BB147
:1045C00000EB8303D3F8007427F01007C3F80074DE
:1045D000936800EB8303D3F8007427F48077C3F863
:1045E0000074D3684BB121EA030700EB8703D3F8CB
:1045F000047427F48037C3F8047412694AB121EABD
:10460000020300EB8302D2F8043423F08073C2F873
:104610000434A3685A4600EB8303D3F8007427F4EC
:10462000407747EA452747F48077C3F80074DBF802
:1046300000C063695F1ECCF3074C674508D95F4F24
:10464000D2F800C007EB03472CF47F033B43136011
:104650001268D207226800EB8202D2F800343FD001
:1046600023F003035B1CC2F8003462684AB100EB1C
:104670008202D2F8003423F0300343F01003C2F872
:104680000034E268D3030AD521EA020300EB830277
:10469000D2F8043423F4E02343F480330AE05AB11F
:1046A00021EA020300EB8302D2F8043423F0E06332
:1046B00043F08073C2F804342269D30307D59143D1
:1046C00000EB8100D0F8041421F4E0214AE0EAB3C1
:1046D000914300EB8100D0F8041421F0E0614EE03A
:1046E00001EB450723F003033B43C2F80034626843
:1046F0005AB100EB8202D2F8003423F0300343EACF
:10470000451343F01003C2F80034E268D3030CD51C
:1047100021EA020300EB8302D2F8043423F4E023FD
:1047200043EA854343F480330CE06AB121EA020393
:1047300000EB8302D2F8043423F0E06343EA85639C
:1047400043F08073C2F80434226900E01BE0D30315
:104750000BD5914300EB8100D0F8041421F4E02143
:1047600041EA854141F440310BE062B1914300EBF5
:104770008100D0F8041421F0E06141EA856141F044
:104780004071C0F80414F00705D0DEF8001041F0C5
:104790000101CEF80010B00704D50548016841F0CA
:1047A000010101600DB05046BDE8F08F005000528D
:1047B00000A0005200B0005200B400520000FFFF01
:1047C000F8B500250446FFF701FD064624B1002098
:1047D0006065206D10B170E001256EE0204600F0AC
:1047E00073F841F28830A065258A6FF0FF012268D6
:1047F000D4F814C00F02636B07EB0545E06801EBCA
:104800000C27D4F81CC0184393683D432D4F284310
:104810003B4040EA0C00184390602068236AC2685D
:1048200022F4E0221A43C2602368228EA06B40EA81
:10483000024018612268E06B5061D4E9000302680D
:1048400001EB032322F4F85119430160A06D00220B
:10485000202133460090204603F014FF05002CD1A0
:104860002068626AC168521E21F0FF011143C160D5
:104870002068A268016821F04001114301602068AE
:10488000D4E90A12D0F80831114323F0A0421143B1
:10489000C0F808112068016841F001010160A069B9
:1048A000022804D12068816841F002018160E0683B
:1048B000B0F1806F03D0022020652846F8BD0120AA
:1048C000FAE70000F4F8E0F82DE9F043B5B004464B
:1048D00014216846FCF70CF8B82106A8FCF708F884
:1048E0004749206888427DD1002019904FF000711F
:1048F0000446CDE9061006A801F05EF908B1FCF700
:104900005EFD4048016841F400110160016801F456
:1049100000110591016841F400210160006800F474
:104920000020059037480C30016841F0010101601A
:10493000016801F001010591016841F00201016087
:10494000016801F002010591016841F01001016068
:10495000016801F010010591016841F00801016052
:10496000006802250927009500F00800DFF898800C
:10497000032603966946CDE90470CDE9015440460B
:10498000FFF710FB062102940820CDE90361CDE971
:10499000000569464046FFF705FB0121DFF86C90F2
:1049A00002AA4FF00408CDE900156946484682E89E
:1049B0005001FFF7F7FA02AA6946484682E8D0009C
:1049C000CDE90085FFF7EEFA0B2111484FF400689E
:1049D000CDF80080CDE90361CDE901546946FFF7C8
:1049E000E1FA00E008E002AA0A48694682E8D0003D
:1049F000CDE90085FFF7D6FA35B0BDE8F0830000B9
:104A000000A00052D444025800000258000402588A
:104A100000100258000C025801680123C0F800354C
:104A2000002280F8F4248869044A40F0006088611C
:104A3000486D1043486500207047000003000010D7
:104A400070470068416200207047F0B503685D6AF6
:104A500039B19F6A4C1E00204FF4827605EB174552
:104A60000BE045EA0240986210E0471C06EB80002C
:104A700053F800C0F8B205EB1C45A042F5D34FF443
:104A8000807000EB810045EA02421A500020F0BD20
:104A9000D0F8080506F025BB01EBC10200EB82024D
:104AA000D0F80805926C06F078BA01EBC10200EB71
:104AB0008202D0F80805D2F8882206F0CABAD0F8E7
:104AC000080506F010BB0A0601F00F0101EBC10159
:104AD00000EB810101D53C3101E001F51F71006857
:104AE00007F0FCB901F00F020B0670B502EBC20132
:104AF00004464FF001004FF0000504EB810103D59F
:104B000081F83D003C3103E081F87D5201F51F71D1
:104B10000A7094F8BC24012A08D084F8BC042068E8
:104B200006F0F8FE002084F8BC5470BD022070BD71
:104B300070B54268044601F00F00904201D901208F
:104B400070BD01F00F024FF000050B0602EBC20131
:104B50004FF0010204EB810103D581F83D203C3187
:104B600003E081F87D5201F51F718D70087094F893
:104B7000BC04012808D084F8BC24206807F03AF867
:104B8000002084F8BC5470BD022070BD01F00F01FC
:104B900001EBC10100EB8100D0F8900270472DE9D4
:104BA000F04101F00F0604460D064FF0010006EB40
:104BB000C6014FF0000504EB810103D581F83D00EB
:104BC0003C3103E081F87D5201F51F714F788A6016
:104BD0000B710E7007B14E83022B00D14D7194F80A
:104BE000BC24012A09D084F8BC04206806F0E0FD4A
:104BF000284684F8BC54BDE8F0810220FBE770B57C
:104C000001F00F05002405EBC50100EB810101F562
:104C1000227181E81C0001F80B4C01F80C5DC3689F
:104C2000012B00D1CA61027B006807F03BF800202D
:104C300070BD70B50D464168044605F00F0088420E
:104C400001D9012070BD29064FF000064FF0010286
:104C500007D500EBC00104EB810181F83D203C3118
:104C600007E005EBC50104EB810181F87D6201F5E8
:104C70001F718A70087094F8BC04012807D084F86A
:104C8000BC24206806F0E2FF280702D007E00220DB
:104C900070BD217B04F2C442206806F07FFF002033
:104CA00084F8BC6470BD70B501F00F04002504EBFE
:104CB000C401012600EB8101483181E82C0001F894
:104CC0000B6C01F80C4DC368012B00D1CA61027B4B
:104CD000006806F0E7FF002070BD00002DE9FC5FD2
:104CE00005680446284607F09AF900287ED1206816
:104CF00007F0C1F9002879D0D5F80808C0F30D20D5
:104D0000C4F8FC04206807F0B6F9800704D52068D1
:104D1000416901F002014161206807F0ACF9C10668
:104D200004F2C440009034D52068816921F010015C
:104D300081612F6A07F00F01C7F3434001EBC10106
:104D4000022804EB810606F51F7602D0062811D052
:104D50001AE047F6F070074216D0C7F30A12F1685E
:104D60001746284607F08BF9F16870693944F160FD
:104D7000384408E000990822284607F080F9706955
:104D8000C7F30A11084470612068816941F010017D
:104D90008161206807F06FF900034FF0000A4FF0BF
:104DA000020B4FF001097CD52068002607F042F97C
:104DB000074674E0F80770D02068F1B207F053F9A5
:104DC0008046C00707D005EB4611C1F8089B314665
:104DD000204603F081FC5FEA087025D505EB4611FB
:104DE0000820C1F8080BFC49206800E042E2026C90
:104DF00000EB461001928A42D0F8081B05D909043D
:104E000003D54FF40041C0F8081B204600F01AFB00
:104E1000F1490198884207D9E068012804D1206847
:104E20000121009A06F0BAFE5FEAC86004D505EBDE
:104E300046111020C1F8080B5FEA88701CD568691C
:104E4000000605D5D5F8040840F48061C5F80418BB
:104E500006EBC60004EB800090F87F1200F51F708F
:104E6000012905D180F803A02046F1B200F008FA2C
:104E700005EB4611C1F808BB5FEA886004D505EB75
:104E800046112020C1F8080B5FEA884005D505EBE4
:104E900046114FF40050C1F8080B7F08761C002F14
:104EA00088D1206807F0E7F840036FD5206807F045
:104EB000BAF80026074667E0F80763D02068F1B229
:104EC00007F0BFF88046C00723D0D5F8342806F095
:104ED0000F0C05EB461309FA0CF08243C5F8342891
:104EE000C3F80899E06801280FD106EBC60004EB6F
:104EF0008000D0E911121144816436B9E06C20B908
:104F000020680121009A06F049FE2046F1B2FFF721
:104F1000C3FD5FEA087004D505EB46110820C1F80F
:104F200008095FEAC86004D505EB46111020C1F8F6
:104F300008095FEA486004D505EB46114020C1F836
:104F400008095FEA887016D53146284607F03AF816
:104F500006EBC60004EB800090F83F103C300129BE
:104F600005D180F803A02046F1B200F085F905EBE9
:104F70004611C1F808B95FEA086003D531462046FA
:104F800003F010FC7F08761C002F95D1206807F0F5
:104F900072F8002811DAD5F8040820F00101C5F8EC
:104FA000041894F8F40401283BD0204600F02EFAAF
:104FB0002068416901F000414161206807F05BF819
:104FC00000050BD5D5F80808C00702D0204600F030
:104FD00061FA2068416901F400614161206807F0CD
:104FE0004AF800010AD52068416901F00061416179
:104FF00094F8F404E0B1204600F04CFA206807F081
:105000003AF8C00472D5D5F8040820F00101C5F8BB
:1050100004182068102106F0D5FF00214FF67F32DA
:105020002DE00021204684F8F4A4FFF709FDBFE736
:1050300084F8F4942068406D0121C0F38300C4F823
:10504000F8042046FFF7FCFCD8E700BF05EB411051
:10505000C0F80829D0F8003923F40013C0F800394B
:10506000C0F8082BD0F8003B23F40013C0F8003B35
:10507000D0F8003B43F00063C0F8003B491C606877
:105080008842E3D8D5F81C0840F00111C5F81C1877
:10509000206B68B1D5F8840840F00B01C5F884187E
:1050A000D5F8440840F00B012846C5F844180DE037
:1050B000D5F8140842F22B010843C5F81408D5F8B6
:1050C000100840F00B012846C5F81018D0F8000869
:1050D00020F4FE61C5F80018217B2068009A06F0D4
:1050E0005DFD2068416901F480514161206806F04E
:1050F000C2FF800417D5206806F09AFB206806F0EE
:1051000081FF206101F052FB217C2368CAB2014675
:10511000184607F015F8204600F062F9206841694A
:1051200001F400514161206806F0A5FF000707D592
:10513000204600F06FF92068416901F008014161E3
:10514000206806F098FF000616D5A869012620F011
:105150008001A9610DE000BF06EBC60004EB8000F2
:1051600090F87F02012803D12046F1B2FFF7ABFC93
:10517000761C6068B042EFD8206806F07CFFC00261
:1051800021D501264F4616E006EBC60105EB461079
:1051900004EB8101D0F8000991F84020012A09D1DF
:1051A000002807DAF0B281F83F7040F08001204615
:1051B000FFF789FC761C6068B042E5D82068416939
:1051C00001F480114161206806F055FF800234D55A
:1051D00001204B4629E000000A30544F00EBC0028A
:1051E00005EB401104EB8202D1F8001B92F88062BB
:1051F000012E19D1002917DA94F8FC6401F48031EA
:1052000006F00106B1420FD182F87F32A96941F060
:105210008002AA616969090606D4D5F8040840F439
:105220000070C5F8040803E0401C61688142D5D8CD
:105230002068416901F400114161206806F01BFFFC
:10524000400007D52046FFF723FC2068416901F0A4
:1052500080414161206806F00EFF40070AD52068B2
:105260004568680702D52046FFF729FC2068416899
:1052700029434160BDE8FC9FD0F8080505F08CBFCC
:10528000D0F8080505F09CBF2DE9F04104008AB074
:1052900005D094F8BD040025266820B108E001205F
:1052A0000AB0BDE8F081204684F8BC5400F066F8EE
:1052B000032084F8BD04F06BC00500D4E5602068CD
:1052C00006F066FC04F11001684628228846FBF7C8
:1052D000D5FA94E80F0006F0B9FA0227D8BB206887
:1052E000002106F0ECFE0020012610E000EBC001DA
:1052F000421C04EB810181F83D6081F840504D640F
:105300008D64CD6481F83C00A1F85600D0B261688C
:105310008142EBD8002011E000EBC001421C04EBFD
:10532000810181F87D5281F88052C1F88452C1F820
:105330008852C1F88C5281F87C02D0B261688142F7
:10534000EAD8282241466846FBF798FA94E80F000D
:1053500006F062FB10B184F8BD74A0E7606A84F8BF
:10536000385084F8BD64012802D12046FFF754FB71
:10537000206806F043FB002092E7000010B5B0B0B3
:105380000446B8216846FBF7B3FA134920688842FF
:1053900020D100204FF480214FF440122192CDE91A
:1053A0000010684600F008FC08B1FCF708F800F0AF
:1053B000B3F80A48016841F00071016000680022FA
:1053C000052100F000702E904D20FEF7BBFF4D2010
:1053D000FEF7AAFF30B010BD00000440D8440258C8
:1053E00070B504460069012570B1022801D0FBF7B1
:1053F000E6FFD4F80805294605F051FFD4F8080562
:10540000BDE8704005F005BF0025F2E7D0F80805BB
:1054100005F02EBFD0F8080505F034BF10B50446DE
:1054200090F8BC0401280BD0012084F8381084F8CF
:10543000BC04206806F072FE002084F8BC0410BD95
:10544000022010BDD0F8082500F2C441104605F036
:1054500032BF10B590F8BC1404460068012909D089
:10546000012184F8BC14C16BC90509D4A16A0129C2
:1054700002D005E0022010BD816B41F480318163D0
:10548000206806F07AFD206806F0AAFA002084F869
:10549000BC0410BD10B50446D0F8080505F04DFF5A
:1054A0002068D0F8001E41F00101C0F8001E206AFB
:1054B000002804D00248016841F00601016010BDD7
:1054C00010ED00E0134970B50A68D243520705D5C4
:1054D000096801F00701814213D118E00A6822F03F
:1054E000070202430A60FEF771FE0A4D4FF47A7616
:1054F0000446083D07E000BFFEF768FE001BB0420F
:1055000001D9012070BD2868C0438004F4D4002074
:1055100070BD00000C4802580248016841F08071DB
:10552000016070470C48025810B501F03FF9054979
:105530000968054AC1F30211515C01F01F01C8401E
:1055400010BD000020440258401D01084A4930B5F2
:10555000494C0B1D0A680C3409681D68246802F068
:10556000030305F00102C1F30511C4F3CC040029C3
:1055700014FB02F200EE102AF8EE400A76D0414AFF
:105580009FED3E1ADFED3E1AB7EE000A23B1012B64
:105590005AD0022B18D15CE0374C283C23689B067C
:1055A00012D5394B246801EE901A1168C4F3C10476
:1055B000F8EE612AE34001EE903AC1F30801F8EEFB
:1055C000611A81EEA22A07E002EE101A1168F8EEC5
:1055D000422A81EEA22A45E001EE901A1168F8EE07
:1055E000611A40EE811A71EE800A62EE200AC1F360
:1055F000462101EE101AB8EE411A31EE001AC0EE43
:10560000811ABCEEE11A80ED001A1168C1F306415F
:1056100001EE101AB8EE411A31EE001AC0EE811AEE
:10562000BCEEE11A80ED011A1168C1F3066101EECA
:10563000101AB8EE411A31EE000A80EE801ABCEE64
:10564000C10A80ED020A30BD01EE901ADFED0F2A8B
:1056500003E001EE901ADFED0E2A1168F8EE611AF0
:1056600082EEA12AC1F30801B6E7FFE7002101603D
:105670004160816030BD00002844025800000039BC
:105680000024744C304402580090D0030024744A23
:10569000001BB74B494930B5484C0B1D0A68143400
:1056A00009681D68246802F00303C5F30012C1F302
:1056B0000531C4F3CC04002914FB02F200EE102AD9
:1056C000F8EE400A75D03F4A9FED3D1AB7EE000A4A
:1056D0006BB1DFED3D1A012B01D0022B64D002EE3D
:1056E000101A1168F8EE422A81EEA22A21E0334C0A
:1056F000283C23689B0612D5344B246801EE901A8F
:105700001168C4F3C104F8EE612AE34001EE903A57
:10571000C1F30801F8EE611A81EEA22A0BE001EE56
:10572000901ADFED2B2A00BFF8EE611A116882EEA5
:10573000A12AC1F3080101EE901A1168F8EE611A6E
:1057400040EE811A71EE800A62EE200AC1F3462112
:1057500001EE101AB8EE411A31EE001AC0EE811AAD
:10576000BCEEE11A80ED001A1168C1F3064101EEAA
:10577000101AB8EE411A31EE001AC0EE811ABCEED2
:10578000E11A80ED011A1168C1F3066101EE101AE9
:10579000B8EE411A31EE000A80EE801ABCEEC10A62
:1057A00080ED020A30BD04E001EE901ADFED092A17
:1057B000BAE70021016041608160F3E728440258A4
:1057C00000000039384402580024744A0090D00385
:1057D0000024744C001BB74B494930B5484C0B1D95
:1057E0000A681C3409681D68246802F00303C5F3C5
:1057F0000022C1F30551C4F3CC04002914FB02F2CA
:1058000000EE102AF8EE400A75D03F4A9FED3D1A8F
:10581000B7EE000A6BB1DFED3D1A012B01D0022B70
:1058200064D002EE101A1168F8EE422A81EEA22A24
:1058300021E0334C283C23689B0612D5344B246866
:1058400001EE901A1168C4F3C104F8EE612AE34036
:1058500001EE903AC1F30801F8EE611A81EEA22A36
:105860000BE001EE901ADFED2B2A00BFF8EE611A73
:10587000116882EEA12AC1F3080101EE901A1168A5
:10588000F8EE611A40EE811A71EE800A62EE200A8B
:10589000C1F3462101EE101AB8EE411A31EE001A9A
:1058A000C0EE811ABCEEE11A80ED001A1168C1F356
:1058B000064101EE101AB8EE411A31EE001AC0EEA0
:1058C000811ABCEEE11A80ED011A1168C1F306617C
:1058D00001EE101AB8EE411A31EE000A80EE801A7D
:1058E000BCEEC10A80ED020A30BD04E001EE901A60
:1058F000DFED092ABAE70021016041608160F3E72A
:105900002844025800000039404402580024744AD8
:105910000090D0030024744C001BB74B2DE9F04FCE
:10592000A14A0546DFF87CA280F48070DFF88092FF
:1059300089B013119F4C08439C48AAF104064FF00C
:10594000805C4FF0005828D0DFF858B285F48067AB
:105950000F430BF1080B4FD085F400670F4360D065
:1059600085F480570F4372D085F400570F434FF4EE
:1059700080394FF4003E69D085F400270F4373D07F
:1059800085F480370F4370D085F480460E436DD088
:1059900085F400420A436AD02AE0DAF8001001F0E8
:1059A0000701052924D2DFE801F0F9AA6A259F0042
:1059B00006A8FFF7CBFD079809B0BDE8F08F684651
:1059C000FFF768FE0098F7E703A8FFF705FF0398C5
:1059D000F2E72068C0F3C10022FA00F0ECE7226889
:1059E000D2056ED561456CD11846E5E74145E3D057
:1059F0000020E1E74846DFE7DBF8001001F4600132
:105A0000B1F5800F3BD005DC00294AD0B1F5001F6D
:105A1000EED174E0B1F5C00FECD0B1F5000FE7D1D5
:105A200062E0DBF8001001F0E061B1F1007F26D008
:105A300004DCB1B3B1F1807FDAD160E0B1F1407F35
:105A4000D8D0B1F1806FD3D14EE000E01BE0DAF89E
:105A5000001001F4E041B1F5005F10D008DC01B3A3
:105A6000B1F5805FC4D14AE035E058E065E088E0F8
:105A7000B1F5405FBED0B1F5804FB9D134E02068B8
:105A80008000B5D5A0E7DAF8001001F4E021B1F507
:105A9000403F6DD006DC61B149457BD07145A7D14F
:105AA00058E07BE0B1F5802F66D0B1F5A02F9FD1F3
:105AB0000DE000F09DFE7FE76846FFF7EBFD0198E3
:105AC0007AE728E003A8FFF787FE049874E72168C7
:105AD00089038AD48CE7DBF8001011F440310ED032
:105AE000494510D0714583D13168256801F0405196
:105AF0006D077FF574AF00297FF471AF69E7206807
:105B00000001E7D55BE720688000E3D503A8FFF735
:105B100063FE059850E722689203DBD566E730689C
:105B200010F480303AD04845D4D120680001D1D556
:105B30006846FFF7AFFD02983EE7DBF8001001F082
:105B4000E041B1F1405F13D008DC71B1614521D073
:105B50004145BFD120688000B4D449E7B1F1804FFE
:105B60000AD0B1F1A04FB2D042E7FFF7DDFC23E746
:105B700020684007AED52CE72068C005AAD533E7DA
:105B800008E0DAF8001011F04051A0D0614505D0CE
:105B900041459FD1206800018ED429E7206880010B
:105BA00098D505E7504402580090D00300366E01A6
:105BB0000080BB00004402582DE9FE4F0546DFF887
:105BC00000A450F8081B0024FD4FC943019005F1C3
:105BD000280026460AF1240A009008011DD4686EA8
:105BE00050B1B0F5801F0CD0B0F5001F0ED0B0F54D
:105BF000401F1ED001240FE0386840F400303860A8
:105C000017E00198022102F01FFE03E00098022134
:105C100002F0AAFE04000CD026462888C043C00526
:105C200023D4A86D05281ED2DFE800F00C11161B46
:105C30001B006A6EDAF8001021F440111143CAF813
:105C40000010EAE7386840F40030386009E0019855
:105C5000002102F0F9FD03E00098002102F084FE2B
:105C60000446C4B100E0012426462888DFF85083AA
:105C7000C04308F12C0840052FD4D5F8A400B0F596
:105C8000C00F28D010DCB8B1B0F5001F19D0B0F5A6
:105C9000800F0FD11AE0AA6DDAF8001021F0070189
:105CA0001143CAF80010E0E7B0F5000F13D0B0F5CB
:105CB000200F10D001240FE0386840F40030386025
:105CC00009E00198002102F0BFFD03E000980021E7
:105CD00002F04AFE044694B126462888C0430005D7
:105CE00030D4D5F8A800B0F1407F29D011DCC0B184
:105CF000B0F1807F1AD0B0F1007F10D11BE0D5F851
:105D0000A420D8F8001021F460011143C8F8001055
:105D1000E3E7B0F1806F13D0B0F1A06F10D0012491
:105D20000FE0386840F40030386009E00198002145
:105D300002F08AFD03E00098002102F015FE0446FF
:105D400094B126462868DFF878B2C0430BF1200BE7
:105D500080011FD4E86CD8B110280FD0202812D0B1
:105D6000302815D0012414E0D5F8A820D8F8001068
:105D700021F0E0611143C8F80010E3E7386840F40F
:105D80000030386004E00198022102F05DFD044615
:105D900074B126462888C043C0042BD4E86DB0F502
:105DA000005F20D00DDCA0B1B0F5805F0FD115E011
:105DB000EA6CDBF8001021F030011143CBF8001041
:105DC000E8E7B0F5405F13D0B0F5804F10D0012464
:105DD0000FE0386840F40030386009E00198002195
:105DE00002F032FD03E00098002102F0BDFD044600
:105DF0008CB126462888C043800429D4286EB0F58B
:105E0000403F23D010DC08B3B0F5803F14D0B0F58C
:105E1000003F0FD115E0EA6DDAF8001021F4E041FF
:105E20001143CAF80010E5E7B0F5802F0ED0B0F5A9
:105E3000A02F0BD001240AE00198012102F004FDFB
:105E400003E00098012102F08FFD044694B126463C
:105E50002888C04340042AD4D5F8AC00B0F1405F94
:105E600023D010DC08B3B0F1805F14D0B0F1005F34
:105E70000FD115E02A6EDAF8001021F4E021114369
:105E8000CAF80010E4E7B0F1804F0ED0B0F1A04F97
:105E90000BD001240AE00198012102F0D5FC03E0B7
:105EA0000098012102F060FD044674B1264628885E
:105EB000C04300041FD4E86ED8B1B0F1805F0ED0AB
:105EC000B0F1005F10D0012414E0D5F8AC20D8F870
:105ED000001021F0E0411143C8F80010E7E73868EE
:105EE00040F40030386004E00198012102F0ACFC7D
:105EF000044674B126462868C043C0011ED4A86C6D
:105F0000D0B101280ED0022811D0032814D00124CA
:105F100013E0EA6EDAF8001021F040511143CAF89C
:105F20000010E8E7386840F40030386004E0019879
:105F3000022102F089FC04466CB126462868C04361
:105F4000400255D41F48016841F480710160FEF79A
:105F50003DF981460EE0AA6CDBF8001021F0030148
:105F60001143CBF80010E9E7FEF730F9A0EB090088
:105F700064283BD813480068C005F5D5BCBBDFF8E2
:105F80004090B5F8B01009F14409D9F8000001F4C7
:105F9000407100F44070884211D0D9F80010D9F84F
:105FA000002021F4407142F48032C9F80020D9F871
:105FB000002022F48032C9F80020C9F8001003E064
:105FC0002C44025800480258D5F8B000B0F5807F44
:105FD00019D1FEF7FBF8029011E000BFFEF7F6F8CA
:105FE0000299411A41F28830814208D90324264699
:105FF0002878DFF81494C043C00721D03CE0D9F8DA
:1060000000008007EAD5D5F8B010C1F301200328BD
:10601000FE480DD0016821F47C510160B5F8B02034
:10602000D9F80010C2F30B021143C9F80010DFE7E2
:10603000F74A036802EA111223F47C511143ECE79A
:10604000A86F182816D005DCA0B1082808D01028A1
:1060500004D10AE020280DD028280BD001240AE022
:106060000198012102F0F0FB03E00098012102F009
:106070007BFC044664B126462878C04380071ED4C2
:10608000686F062819D2DFE800F0160C11161616F4
:10609000AA6FD9F8001021F038011143C9F8001097
:1060A000EAE70198012102F0CFFB03E0009801210B
:1060B00002F05AFC04467CB100E001242646287810
:1060C000C04340071FD4D5F89000062819D2DFE856
:1060D00000F0160C111616166A6FD9F8001021F090
:1060E00007011143C9F80010E9E70198012102F006
:1060F000ABFB03E00098012102F036FC0446A4B19A
:1061000000E0012426462878C04380062BD4D5F829
:106110008C00B0F1405F24D011DC10B3B0F1805F8F
:1061200015D0B0F1005F10D116E0D5F89020D8F866
:10613000001021F007011143C8F80010E3E7B0F1A7
:10614000804F0ED0B0F1A04F0BD001240AE001988F
:10615000002102F079FB03E00098022102F004FC28
:10616000044694B126462878C04340062BD4D5F87F
:106170009800B0F5406F24D011DC10B3B0F5806FFB
:1061800015D0B0F5006F10D116E0D5F88C20D9F8F5
:10619000001021F0E0411143C9F80010E3E7B0F529
:1061A000805F0ED0B0F5A05F0BD001240AE001980B
:1061B000002102F049FB03E00098022102F0D4FB29
:1061C000044694B126462878C04300062BD4D5F85F
:1061D0009C00B0F5C04F24D011DC10B3B0F5005FC7
:1061E00015D0B0F5804F10D116E0D5F89820D8F82A
:1061F000001021F4E0511143C8F80010E3E7B0F5B6
:10620000004F0ED0B0F5204F0BD001240AE00198CA
:10621000002102F019FB03E00098022102F0A4FB28
:10622000044654B126462878C04300071ED4D5F84A
:106230008000B0F5805F0AD00FE0D5F89C20D8F838
:10624000001021F460411143C8F80010EBE70098FA
:10625000022102F089FB00B10126D5F88020D9F88F
:10626000001021F440511143C9F800102878C043B0
:10627000C00613D4D5F89400B0F5807F05D10098FE
:10628000022102F071FB00B10126D5F89420D8F864
:10629000001021F440711143C8F800102868C04371
:1062A000000316D4D5F8A00038B1B0F5803F09D06E
:1062B000B0F5003F0BD001240AE00198002102F064
:1062C000C3FA03E00098022102F04EFB04468CB1B1
:1062D00026462868C043400322D4D5F88400B0F590
:1062E000801F11D0B0F5001F13D0B0F5401F15D09E
:1062F000012414E0D5F8A020D8F8001021F4403192
:106300001143C8F80010E4E7386840F40030386002
:1063100004E00098012102F027FB04465CB1264608
:106320002868C043C0031CD4286D70B1B0F5803F0D
:1063300010D0012414E0D5F88420D9F8001021F4FD
:1063400040111143C9F80010EAE7386840F4003002
:10635000386004E00198022102F076FA0446DCB1CC
:1063600026462868C043800005D40098022102F028
:10637000FBFA00B101262868C04380031BD4E86FF4
:10638000B8B1B0F5807F10D0B0F5007F11D0B0F576
:10639000407F0ED001240DE02A6DDBF8001021F4BF
:1063A00080311143CBF80010DBE7386840F400304F
:1063B00038607CB326462868C043C00207D42A6FE1
:1063C000DAF8001021F000411143CAF800102868E3
:1063D000C043800207D4AA6EDAF8001021F0807161
:1063E0001143CAF800102868C043400009D4074888
:1063F000016821F4004101600168D5F8B42011431F
:1064000001602868C04306E0544402581044025812
:10641000CFFFFF001DE007D46A6DDBF8001021F00C
:1064200040511143CBF800102868C043000208D443
:10643000D5F88820D9F8001021F440011143C9F89B
:10644000001028790024C04300F00100204309D047
:106450000EE0EA6FD9F8001021F440711143C9F839
:106460000010A8E70198002102F0EEF900B10646FD
:106470002879C04300F00200204305D10198012192
:1064800002F0E2F900B106462879C04300F00400AA
:10649000204305D10198022102F0D6F900B1064649
:1064A0002879C04300F00800204305D1009800215E
:1064B00002F05AFA00B106462879C04300F01000F5
:1064C000204305D10098012102F04EFA00B10646A2
:1064D0002879C04300F02000044304D10098022131
:1064E00002F042FA00B916B10120BDE8FE8F00208B
:1064F000FBE700002DE9F05F04000F467ED0DFF8D7
:106500003882D8F8000000F00F00B8420CD2D8F85A
:10651000001021F00F013943C8F80010D8F800002E
:1065200000F00F00B84269D12078844D40070AD5A9
:106530002069296801F07001884204D9296821F096
:1065400070010143296020787C4E361D00070AD572
:106550006069316801F07001884204D9316821F026
:106560007001014331602078C0060AD5A069316806
:1065700001F4E061884204D9316821F4E06101430B
:1065800031602078DFF8B4B180060BF1080B0CD530
:10659000E1695846DBF8002002F07002914204D90C
:1065A000026822F070020A430260207880070AD550
:1065B000E068296801F00F01884204D9296821F0B8
:1065C0000F01014329602078C0073ED05B49A268D3
:1065D0002868183920F47060104328606068022829
:1065E00018D0032819D00968012819D049070029B3
:1065F0004ADADFF848A1AAF1080A00E044E0DAF834
:10660000002022F007020243CAF80020FDF7DEFD59
:10661000814612E009688903E9E709688901E6E72C
:10662000C905E4E7FDF7D2FDA0EB090141F288308E
:10663000814202D90320BDE8F09F6168DAF80000CA
:1066400000F03800B0EBC10FECD1207880070AD5FC
:10665000E068296801F00F01884204D2296821F01E
:106660000F0101432960D8F80010404601F00F01E6
:10667000B9420BD9016821F00F013943016000686C
:1066800000F00F00B84201D00120D4E72078400785
:106690000AD52069296801F07001884204D229686E
:1066A00021F0700101432960207800070AD5606954
:1066B000316801F07001884204D2316821F0700124
:1066C000014331602078C0060AD5A069316801F421
:1066D000E061884204D2316821F4E0610143316015
:1066E000207880060CD5E1695846DBF8002002F0DE
:1066F0007002914204D2026822F070020A430260E2
:1067000000F09AF80E492A682B68C2F3032203F0BE
:106710000F038A5CC95C02F01F0201F01F01D04028
:10672000084A20FA01F1116007490860074800682B
:10673000BDE8F05FFDF786BD002000521844025806
:10674000401D0108B0460024AC460024A4460024A5
:1067500070B5144C3F220260124A24680832131D9F
:10676000114D04F00704446016681C1D06F47066A1
:106770008660166806F00F06C660126802F07002A6
:1067800002611A6802F0700242611A6802F4E06263
:106790008261226802F07002C261286800F00F0076
:1067A000086070BD104402580020005230B500F05F
:1067B00043F80B4A0B490C4B15681468C5F30322C8
:1067C00004F00F048A5C095D02F01F0201F01F0152
:1067D000D040064A20FA01F119601060084630BD29
:1067E00018440258401D0108B0460024AC4600245D
:1067F00000B5FFF7DBFF05490968054AC1F302113F
:10680000515C01F01F01C84000BD00001C4402584B
:10681000401D010800B5FFF7C9FF05490968054A91
:10682000C1F30221515C01F01F01C84000BD00000E
:106830001C440258401D0108454970B54548096887
:10684000434B103B11F0380208D00111082A03D045
:10685000102A0BD0182A0BD0084670BD196889067B
:10686000FBD51968C1F3C101C84070BD3A4870BD7D
:106870003749374D18310C1D24350A6809682668D8
:106880002D6802F0030406F00102C1F30511C5F3FF
:10689000CC0515FB02F200EE102AB8EE400AE9B36F
:1068A0002F4ADFED2E0AB7EE001A6CB1DFED2D1A7C
:1068B000012C01D0022C43D002EE101A1068F8EE21
:1068C000422A81EEA22A1EE01C68A40611D51B688C
:1068D00001EE901A1168C3F3C103F8EE612AD840A3
:1068E00001EE900AC1F30800F8EE611A81EEA22AC7
:1068F0000BE001EE901ADFED1C2A00BFF8EE611AE2
:10690000106882EEA12AC0F3080001EE900AF8EEAA
:10691000611A40EE201A31EE810A00E015E022EE05
:10692000000A1068C0F34620401C00EE900AF8EE02
:10693000600A80EE201ABCEEC10A10EE100A70BD8B
:1069400001EE901ADFED092AD8E7002070BD0000A3
:10695000104402580090D00300366E010000003948
:10696000304402580024744A0024744C001BB74B76
:106970002DE9F05F04007DD0FF4F2078FE4D1837E1
:10698000DFF8F483103DC00748D0D8F8000039681C
:1069900000F03800102815D0182803D101F00300AA
:1069A00002280FD06068B0F5803F12D010B1B0F56A
:1069B000A02F18D0286820F480302860286820F4A0
:1069C000802009E02868800328D560680028D2D09C
:1069D00024E0286840F480302860606888B1FDF7C2
:1069E000F5FB064609E0286840F480202860F0E7BF
:1069F000FDF7ECFB801B64287ED828688003F7D560
:106A00000CE0FDF7E3FB064605E000BFFDF7DEFB0B
:106A1000801B6428F0D828688003F7D4207880078A
:106A200056D5D8F80000DFF85093396810F03800D8
:106A3000A9F10C090ED0182801D188070AD0E06806
:106A4000A8B3296821F0190101432960FDF7BEFBB5
:106A5000064628E02868400702D5E06800288AD06A
:106A6000E168286820F0190008432860FDF7AEFBB4
:106A7000064606E0D2E000BFFDF7A8FB801B022817
:106A8000BAD828684007F7D5217CD9F8002022F031
:106A9000FE4242EA0161C9F8001019E0FDF796FBD9
:106AA000801B0228A8D828684007F7D5ECE7FFE745
:106AB000286820F001002860FDF788FB064604E006
:106AC000FDF784FB801B022896D828684007F7D47E
:106AD0002078C00646D5D8F80000DFF89C923968C7
:106AE00000F03800A9F10409082812D0182805D1AF
:106AF00001F00300012800E0CEE00AD0E0690028A0
:106B0000286820D040F080002860FDF75FFB064633
:106B100015E02868C00502D5E06980287ED194F888
:106B20002010D9F8002022F07C5242EA0161C9F815
:106B3000001017E0FDF74AFB801B0228A0D8286848
:106B4000C005F7D5EBE720F080002860FDF73EFB9D
:106B5000064604E0FDF73AFB801B022890D828681F
:106B6000C005F7D42078000729D5834861696430CF
:106B700000298146016811D041F001010160FDF753
:106B800025FB064605E000BFFDF720FB801B022821
:106B900088D8D9F800008007F6D510E021F001016F
:106BA0000160FDF713FB064605E000BFFDF70EFB95
:106BB000801B022870D8D9F800008007F6D420780E
:106BC000800623D5A0690028286810D040F48050A2
:106BD0002860FDF7FBFA064605E000BFFDF7F6FA70
:106BE000801B022858D828688004F7D50EE020F4CE
:106BF00080502860FDF7EAFA064604E0FDF7E6FA61
:106C0000801B022848D828688004F7D420784007E1
:106C100051D5DFF86891D9F8001000E015E141F492
:106C20008071C9F80010FDF7D1FA064605E000BFF3
:106C3000FDF7CCFA801B64282ED8D9F80000C005D7
:106C4000F6D54D4EA068603601280AD008B1052857
:106C500013D0306820F001003060306820F004006C
:106C600002E0306840F001003060A06841F2883AEC
:106C700098B1FDF7ABFA81460AE0306840F00400B5
:106C80003060EEE7FDF7A2FAA0EB0901514503D809
:106C900030688007F6D50EE072E0FDF797FA81467E
:106CA00006E000BFFDF792FAA0EB0901514567D855
:106CB00030688007F6D4606A00287CD0DFF8B8A07E
:106CC000D8F800100AF1200A4FF6F87B0AF1040800
:106CD000C1F3C2010329AAF104096DD00228286872
:106CE00020F08070286003D0FDF770FA044681E040
:106CF000FDF76CFA064604E0FDF768FA801B0228EF
:106D000075D828688001F7D4E26A40F2F331386818
:106D100054F8283F884340EA021018433860217B2A
:106D20004FF4FE0C22894FF0FE47208A4902267D4F
:106D3000521E401EA1F5007189B2C2F30802114330
:106D4000761E0CEA00400143484607EA06621143FA
:106D5000CAF80010D9F8001021F00101C9F800109C
:106D6000D8F80030266A23EA0B0343EAC601C8F8C4
:106D70000010D9F8001004E01044025800480258EE
:106D800035E0A26921F00C011143C9F80010016837
:106D9000E26921F0020111430160016841F4803190
:106DA0000160016841F400310160016841F4802113
:106DB0000160016801E06CE020E041F00101016048
:106DC000286840F080702860FDF700FA044604E06F
:106DD000FDF7FCF9001B022809D828688001F7D5C7
:106DE00057E000BFFDF7F2F9001B022802D903208B
:106DF000BDE8F09F28688001F4D44AE03968012892
:106E0000DAF8000021D0A26A01F0030393421CD1FA
:106E1000E26AC1F305118A4217D1216BC0F308025F
:106E2000491E8A4211D1616BC0F34622491E91422C
:106E30000BD1A16BC0F30642491E914205D1E16B13
:106E4000C0F30660491E814201D00120D0E7A16C49
:106E50004646D8F80000C0F3CC00814219D0D9F8DA
:106E600000004D4620F00100C9F80000FDF7AEF922
:106E70004FEA0007FDF7AAF9B842FBD0A26C3068D0
:106E800020EA0B0040EAC2003060286840F00100B0
:106E900028600020ACE700002DE9F843044690F894
:106EA000800001284BD04FF0010884F88080072231
:106EB00045F6C05184F8812064223F4800260068CE
:106EC000B0FBF1F05043009020680168890523D59C
:106ED000016921F00801016120680099491E0091B3
:106EE00030D001690907F8D4016841F4806101607C
:106EF00020680099491E00912BD001688905F8D4BB
:106F0000816941F40061816120680099491E009106
:106F100026D041690905F8D42068402700258068FB
:106F2000000426D5A06F20B30565A06FFBF794FE83
:106F3000F8B1A06FFCF782F9202818D019E00220E0
:106F4000BDE8F883D4F8841041F04001C4F88410FF
:106F5000CAE7D4F8841041F04001C4F88410CFE7A8
:106F6000D4F8840040F04000C4F88400D4E7C4F8AA
:106F700084702068806840040DD5E06F58B10565C5
:106F8000E06FFBF769FE30B1E06FFCF757F920289E
:106F900001D1C4F88470204602F034F9D4F884009A
:106FA000400601D5012601E0C4F8845084F88050E1
:106FB00084F881803046C3E7AC4600240749884204
:106FC0000BD107494878002807D04868002804D02A
:106FD00002228A60114607F047BA7047445B0024DA
:106FE000044600242DE9F0470446006800210369A7
:106FF0004269876894F8816000F130095FEA025CB9
:1070000003EA02050AD51A0708D5816941F400612F
:107010008161204600F07DFABDE8F08715F0600F31
:1070200008D1680706D5616F20468847216F204642
:107030008847012105F04100012805D1680703D4E4
:10704000216F20468847012105F02200022806D141
:10705000680704D4616F2046BDE8F047084700295F
:10706000DAD128074FF001085BD52068816941F02B
:10707000080181612068816941F010018161206807
:10708000816941F4006181612068016921F0080192
:1070900001612068806810F4404F20D023E0E06850
:1070A0000F2806D92068616E006B0860606E001DB5
:1070B0000FE0072806D9B9F80000616E0880606EFD
:1070C000801C06E02068616E90F830000870606EE9
:1070D000401C6066B4F86A00401EA4F86A00B4F868
:1070E0006A000028DBD1204602F0C6F884F88180CF
:1070F000D4F8840018B12046FFF760FF8CE7052E16
:1071000007D0042E09D0032E86D1204600F026FD9C
:1071100082E7204600F03FFD7EE7204600F0F8F9C8
:107120007AE715F4587FE9D068060AD5D4F88400C8
:1071300040F00400C4F884002068816941F04001F7
:107140008161A8050AD5D4F8840040F00100C4F894
:1071500084002068816941F400718161E8050AD5E5
:10716000D4F8840040F00800C4F8840020688169E5
:1071700041F480718161A8060AD5D4F8840040F0FA
:107180008000C4F884002068816941F02001816199
:10719000D4F884000028B1D0206840F26B32C7F3E5
:1071A00081310368032923F001010160206801692E
:1071B00021EA0201016102D084F881809BE7206806
:1071C000104D816821F440418160E06F50B1056548
:1071D000E06FFBF7F1FE28B1D4F8840040F04000E6
:1071E000C4F88400A06F002888D00565A06FFBF765
:1071F000E3FE00288CD0D4F8840040F04000C4F8AE
:10720000840009E7359300082DE9F047040029D0F0
:10721000594A4FF000092068584B594D9042C4F824
:10722000289006D0984204D0A84202D0E1680F29E5
:1072300018D8E1684FF0010AE76B0831C9080AEB7A
:1072400057167143904205D0984203D0A84201D00E
:10725000082907D8904203D0984201D0A84204D10F
:10726000102902D90120BDE8F08794F8810020B9E7
:10727000204684F8809000F085F8022084F8810090
:107280002068016821F0010101602068A16982681D
:10729000B1F1806F02F4F81110D16268B2F5800F7D
:1072A00001D01AB10AE0A26B22B107E0A26BB2F1E1
:1072B000805F03D1026842F480520260606840023D
:1072C00009D5E068072806D32068236D026822F4F8
:1072D00080721A4303E02068026822F48072026020
:1072E000A66AE069E26B25683043E3680A4310430D
:1072F0001843A860D4E90D02D4E90581636A2569C1
:107300001843D4F820C00A43266810432843A56DCB
:10731000D4E90172D4E9123140EA080040EA0C00D5
:1073200038430843104318432843F060606868B945
:107330002068816821F4C05141F4006181602068B7
:10734000816821F4C06141F4806181602068016D31
:1073500021F0010101656068400206D52068626D78
:10736000C16821F000411143C160C4F8849084F8E1
:1073700081A0002077E70000003001400038004085
:10738000003C00402DE9F047B4B0064614212EA879
:10739000F9F7AEFAB8216846F9F7AAFA5649022772
:1073A00030680024524D4FF00308DFF848A18842AE
:1073B0004FF005095CD1811417940020CDE900102D
:1073C0006846FEF7F9FB08B1F9F7F9FF48481030B5
:1073D000016841F480510160006800F480503390EE
:1073E000286840F008002860286800F00800339002
:1073F000286840F00200286028688021CDE92E1717
:1074000000F002004D46CDE930482EA9CDE932907A
:107410003A48FCF7C7FD08215046CDE92E17CDE9C3
:1074200030482EA93295FCF7BDFD354D4022354838
:10743000262101C50315D00285E81600C5E90334ED
:107440006C61C5E90640281F2C622D1FFCF76CFA01
:1074500008B1F9F7B4FFB56700220521AE63232018
:10746000FCF770FF2320FCF75FFF34B0BDE8F08726
:1074700025498842F9D1811417940020CDE90010E4
:107480006846FEF799FB08B1F9F799FF18480830EC
:10749000016841F480410160006800F4804033904D
:1074A000286840F004002860286800F00400339049
:1074B000286840F002002860286830AA45464E46F9
:1074C00000F0020033900620CDE92E0782E870001C
:1074D0000E482EA9FCF766FD4FF4005030AACDE906
:1074E0002E072EA9504682E87000FCF75BFDBCE732
:1074F000E04402580004025800300140000C0258D9
:10750000545C00241000024000380040000802587B
:10751000704770472DE9FC5F0446006817468A46AD
:107520000021994694F8802000F1200B0191012A56
:107530000DD04FF0010884F88080FCF747FE064626
:1075400094F881000025012804D0022034E00220B4
:10755000BDE8FC9FBAF1000F2DD067B3A1680320EE
:10756000C4F85CA0A4F8607084F88100C4F884506A
:10757000A4F862706566A4F86850A4F86A50B1F582
:10758000C02F65672567206819D0C16821F4C02124
:1075900041F40031C160206841686FF30F01394345
:1075A00041602068016841F0010101606068B0F548
:1075B000800F09D00DE0012084F88050C8E70168F1
:1075C00041F400610160E6E72068016841F4007160
:1075D0000160E0680F281CD820E020684169890715
:1075E0000BD5E16D09680162E06D001DE065B4F83E
:1075F0006200401EA4F862000BE0FCF7E7FD811B6F
:10760000494503D3B9F1FF3F03D099E0B9F1000F29
:1076100030D0B4F862000028DFD177E007282DD8F9
:1076200070E02068416989071CD5B4F8621001290F
:107630000BD9E16B49B1E16D09680162E06D001D94
:10764000E065B4F86200801E09E0E06D0188ABF8E7
:107650000010E06D801CE065B4F86200401EA4F8E4
:1076600062000BE0FCF7B2FD811B494503D3B9F181
:10767000FF3F03D064E0B9F1000F61D0B4F86200BD
:107680000028CED142E02068416989072ED5B4F8A0
:10769000621003290CD9E16B402909D9E16D096811
:1076A0000162E06D001DE065B4F86200001F1AE0A1
:1076B000B4F8621001290CD9E16B51B1E06D018879
:1076C000ABF80010E06D801CE065B4F86200801E2D
:1076D00009E0E16D097880F82010E06D401CE0655C
:1076E000B4F86200401EA4F862000BE0FCF76EFDE7
:1076F000811B494503D3B9F1FF3F03D020E0B9F125
:10770000000F1DD0B4F862000028BCD100224B4607
:1077100008212046009601F049FE28B1D4F88400E3
:1077200040F02000C4F88400204601F0A5FD84F854
:107730008180D4F8840084F8805080B1012007E76C
:10774000204601F099FDD4F8841084F8805041F46B
:107750008071C4F8841084F881800320F8E60198D1
:10776000F6E62DE9FF4F83B090F8801004460068DC
:1077700001294FF00001109F1D46019100F12001E9
:1077800000F130009346029100900ED04FF0010AB4
:1077900084F880A0FCF71AFD94F881108046002040
:1077A0002E46012905D0022133E0022007B0BDE8B2
:1077B000F08F049961B3BBF1000F29D045B30521C7
:1077C000814684F88110C4F88400C4F864B0A4F839
:1077D0006A50A4F868500499E165A4F86250A4F8CE
:1077E0006050206760672068C16821F4C021C160D3
:1077F000206841686FF30F012943416020680168E8
:1078000041F0010101606068B0F5800F05D009E02A
:10781000012184F880000846C8E72068016841F427
:1078200000710160E0680F2830D841E020684169AC
:1078300089070DD565B1E16D09680162E06D001D34
:10784000E065B4F86200401EA4F86200B4F862502B
:1078500048F208022068416911420DD066B1006B00
:10786000616E0860606E001D6066B4F86A00401EBC
:10787000A4F86A00B4F86A60FCF7A8FCA0EB080062
:10788000B84202D3781C01D004E01FB155EA0600CB
:10789000CCD187E0204601F0EFFCD4F8842084F8B6
:1078A000809042F48071C4F8841084F881A043E091
:1078B000072830D873E02068406980070ED56DB185
:1078C000E06D018802980180E06D801CE065B4F8ED
:1078D0006200401EA4F86200B4F86250206840695B
:1078E000C0070ED06EB100980188606E0180606E96
:1078F000801C6066B4F86A00401EA4F86A00B4F800
:107900006A60FCF763FCA0EB0800B84202D3781C65
:1079100001D004E01FB155EA0600CCD142E0204678
:1079200001F0AAFCD4F8842084F8809042F480709E
:10793000C4F8840084F881A0032037E720684169F7
:1079400089070ED56DB1E16D097880F82010E06DE2
:10795000401CE065B4F86200401EA4F86200B4F870
:10796000625020684169C9070ED06EB190F83000AE
:10797000616E0870606E401C6066B4F86A00401E5C
:10798000A4F86A00B4F86A60FCF720FCA0EB0800D9
:10799000B84202D3781C02D07CE7002FFCD055EA15
:1079A0000600CBD100223B4608212046CDF80080BE
:1079B00001F0FCFC28B1D4F8840040F02000C4F8A9
:1079C0008400204601F058FC84F881A0D4F884108B
:1079D00084F8809009B10120E8E60198E6E600000D
:1079E0002DE9F041044690F880001646012809D0A0
:1079F00094F881000127002584F88070012804D0C4
:107A0000022035E00220BDE8F08181B37EB3A26898
:107A10000320E165A4F8606084F88100C4F8845014
:107A2000A4F86260656665672567A4F86850A4F8E5
:107A30006A50B2F5C02F20681DD0C16821F4C02162
:107A400041F40031C0F80C10E1684FF480420F2976
:107A500003D9A06F8069904209D1A06F07294FF424
:107A600000530DD9806998421BD0904219D0012053
:107A700084F88050C7E7016841F400610160E3E7E2
:107A80008169994205D1B4F86210491C4908A4F8EB
:107A90006210806990420ED1B4F86200C01C800868
:107AA00007E00F2907D8904205D1B4F86200401CC6
:107AB0004008A4F86200A06F25490164A16F254821
:107AC000C863A16F2448C864A06F056520688168F9
:107AD00021F400418160B4F862302268E16DA06F4A
:107AE0002032FCF7FFF858B1D4F88410384684F8F7
:107AF000805041F01001C4F8841084F8817082E74E
:107B0000A06FC069B0F5807F206841686FF30F01F6
:107B100000D0314341602068816841F400418160B8
:107B20002068016941F4487101612068016841F0F1
:107B3000010101606068B0F5800F04D12068016820
:107B400041F400710160284684F880505BE7000032
:107B50007B930008859300084F9300080B4910B5EC
:107B6000884211D10A4C607800280DD06068002846
:107B70000AD0012006F04AF90120A06001466068A1
:107B8000BDE8104006F070BC10BD0000445B00244E
:107B90000446002470477047024A136883430B432E
:107BA000136070470404005870477047704710B561
:107BB000040003D094F83D0010B107E0012010BD8F
:107BC000002084F83C00204600F022F8022084F8CF
:107BD0003D002068211D02F027FD012084F84800A7
:107BE00084F83E0084F83F0084F8400084F84100A7
:107BF00084F8420084F8430084F8440084F8450087
:107C000084F8460084F8470084F83D00002010BD49
:107C10007047000090F83D10012901D00120704705
:107C20001A4A022180F83D100168CB6843F0010335
:107C3000CB60006890421AD0B0F1804F17D0144941
:107C4000884214D01349884211D0134988420ED07B
:107C5000124988420BD01249884208D01149884203
:107C600005D01149884202D01049884207D1816865
:107C70000F4A1140062906D0B1F5803F03D00168B4
:107C800041F0010101600020704700000000014048
:107C90000004004000080040000C004000040140C7
:107CA000001800400040014000E0004000E40040B7
:107CB00007000100704770B504460068002501699F
:107CC000C943890715D4C168C943890711D4EA1E7D
:107CD000026101212177206880698007204602D057
:107CE000FFF7E8FF04E000F0A7F8204600F0A5F851
:107CF000257720680169C943490717D4C168C9437A
:107D0000490713D402216FF0040202612177206831
:107D1000806910F4407F204602D0FFF7CBFF04E0DB
:107D200000F08AF8204600F088F82577206801697D
:107D3000C943090716D4C168C943090712D40421ED
:107D40006FF00802026121772068C0698007204631
:107D500002D0FFF7AFFF04E000F06EF8204600F01D
:107D60006CF8257720680169C943C90617D4C16832
:107D7000C943C90613D408216FF0100202612177AC
:107D80002068C06910F4407F204602D0FFF792FFC0
:107D900004E000F051F8204600F04FF82577206805
:107DA0000169C943C90708D1C168C943C90704D1DA
:107DB000891E0161204600F041F820680169C9432D
:107DC000090609D4C168C943090605D46FF08001CA
:107DD00001612046FFF7E9FE20680169C943C90532
:107DE00009D4C168C943090605D46FF480710161E3
:107DF0002046FFF7D9FE20680169C943490609D426
:107E0000C168C943490605D46FF0400101612046AD
:107E100000F01EF820680169C94389060BD4C168C7
:107E2000C943890607D46FF0200101612046BDE8EF
:107E30007040FFF7BBBE70BD7047704700680349D4
:107E4000884201D1FCF7C8B97047000000E000404B
:107E50007047FEE786B014216846F8F749FD254CC7
:107E600040F2FF77244800213A46FAF76DF838B11E
:107E7000A06A401CA0624FF4FA7006F0DDF9F1E749
:107E800001261D48FAF744FE20B91B480221FAF7E3
:107E9000ADFD60B11848FAF7BFFEA06A401CA062B1
:107EA000FCF794F90146684601F0F8FC1CE0124822
:107EB000FAF7F8FB85B21048FAF7AEFE6563FCF7F7
:107EC00085F902462946684601F0F3FC8DF8140056
:107ED00050B10A48002305A91A46006806F068FA5E
:107EE00010B1E06A401CE0620A2006F0A5F9002EFD
:107EF000C7D1B7E7EC430120785A0024004600249C
:107F0000F0B500230A251C463026372711E000BFB4
:107F1000B5EB107F02D906EB107C01E007EB107C7B
:107F200001F813C001EB430C00015B1C8CF801400D
:107F3000DBB29342ECD3F0BD00EB8100006E00F0A9
:107F4000F84070478068C0F3C00070478068C0F395
:107F5000800070478068C0F380007047C06810F4EC
:107F6000406F01D0002070470120704710B50424F5
:107F700004EAD1540723C1F3045120448B408A40C2
:107F8000416999431143416110BD000000EB81013B
:107F9000034B51F8600F20F0004010430860704719
:107FA0000060025830B58DB023A226A129A001F0AF
:107FB000AFFA00246846242109940A940B94F8F738
:107FC00097FC2A480425284B4FF410120121036026
:107FD000C0E90124C0E9044504764476C16180F813
:107FE00020408462C4620463C463046480F8444033
:107FF0008164FAF75BFB08B1F9F7E1F91B4809A9BD
:108000000994F9F7EFFF08B1F9F7D9F918480621F3
:1080100040F2FF7203928DE8230014486946CDE9CF
:1080200004548DF82140FAF771F8002801D0F9F7CF
:10803000C6F90DB030BD00004D415A452030312009
:10804000563200004C434420504F4C4C494E472080
:108050004F4B000041444320494E495449414C494B
:108060005A494E470000000000200240785A002480
:108070000000B84F094808B5016841F001010160EE
:1080800000680022052100F0010000900B20FCF7A1
:1080900059F9BDE808400B20FCF746B9D84402580E
:1080A00010B501F0ABF9164A0021164806F064FA43
:1080B000154C0021124A24326060144806F05CFA24
:1080C0000F4A0021A0601248483206F055FA0C4AC7
:1080D0000021E0600F48243A06F04EFA2060616803
:1080E00029B1A16819B1E16809B1002806D10A498E
:1080F0000420C863BDE81040F9F761B910BD000065
:10810000CC1C010891A4000814460024898A0008A8
:10811000557E000889840008EC4301202DE9F04FCA
:1081200087B014216846F8F7E3FB4E48016841F038
:1081300004010160016801F004010591016841F04A
:1081400080010160016801F080010591016841F042
:1081500001010160016801F001010591016841F030
:1081600002010160016801F002010591016841F01E
:1081700010010160016801F010010591016841F0F2
:108180000801016000680122DFF8DCB04EF229012D
:1081900000F0080005905846FCF712F840F6024738
:1081A000324800223946FCF70BF84FF400483048BB
:1081B00001224146FCF704F84FF480592B48012274
:1081C0004946FBF7FDFF4FF4806A2A4800225146DA
:1081D000FBF7F6FF0024694601254FF4604000904C
:1081E000CDE9015458460394FBF7DCFE03266946AB
:1081F0002920CDE90005CDE902465846FBF7D2FE1D
:1082000000976946CDE9015418480394FBF7CAFE6C
:108210004FF4A0506946CDE9000415480294FBF7DD
:10822000C1FECDF800806946CDE9015410480394A1
:10823000FBF7B8FE0D486946CDE90095CDE9025639
:10824000FBF7B0FECDF800A06946CDE9015409481E
:108250000394FBF7A7FE0021E806FFF79DFC07B09B
:10826000BDE8F08FE04402580008025800040258AC
:1082700000100258000C025870B586B01BA21EA157
:1082800021A001F045F918216846F8F731FB244890
:108290000822224D0021012417238160D606E0E840
:1082A0000352042580E81A0000F11403C0E9031406
:1082B00083E862000162C0E90912C16201631848E3
:1082C000FCF77EFA08B1F9F77AF84FF0011041F2A5
:1082D000883269460094CDE902401148FCF764F801
:1082E000002801D0F9F76BF806B070BD4D415A4532
:1082F00020303120563200004C434420504F4C4C2B
:10830000494E47204F4B0000464C41534820494EB0
:10831000495449414C495A494E47000000A0005277
:10832000E85A00242DE9F041174C4FF48002174918
:1083300007255311D6006EC4002017014FF0805C52
:1083400084E88110E060110220616061A061C4E9ED
:108350000810A062E06220636063A063E0632064B1
:108360006064143C0848FEF74FFF08B1F9F727F89E
:108370004FF0004060652068C16841F00041C16075
:10838000BDE8F04101F0A0B8445B0024003001409A
:108390002DE9F04117A21AA11DA001F0B9F8234858
:1083A00007264FF08042DFF880C00021551105619B
:1083B0001311C0E90216C0E9072141621712816258
:1083C0009411C162C0E90D21C163016441648164FB
:1083D000C164016541658165C0E90543C0E900C725
:1083E000FEF712FF002803D0BDE8F041F8F7E7BF21
:1083F000BDE8F0814D415A45203031205632000011
:108400004C434420504F4C4C494E47204F4B0000AA
:10841000494D552053504920494E495449414C49F2
:108420005A494E470000000000380040CC5B002451
:1084300010490122104810B502F08AFD08B1F8F782
:10844000BEFF0E490C4802F0A3FF08B1F8F7B7FFD2
:108450000B49094802F022FB08B1F8F7B0FF0648C3
:1084600003F01CF808B1F8F7AAFFBDE81040FDF7CB
:1084700053B8000024460024185D00248C470024D3
:108480008C460024FEE7000096B038216846F8F7D5
:108490002FFA05F0FDFE4FF06409B0FBF9F606B9BE
:1084A00001263D4801F06AFD3B48694601F05AFD4E
:1084B00001F0BAF8074601F0CDF908906FB3FBF769
:1084C00085FE804605F0DDFE0446684606F03AFE6D
:1084D000344405F0D6FE201A002802DC05F0D1FE57
:1084E0008419204605F0B6FE0EA801F043F9F8B154
:1084F000FBF76CFE0546149840071DD50C9800222A
:108500009FED260A401C0C902348114601F07CFD8B
:108510002148694601F026FD2DE00B98401C0B9088
:10852000684606F00FFE05F0B3FE05F085FEB8E7DD
:1085300001F090F90890F0E7A5EB080000EE100AB2
:10854000DFED170A144811AAB8EE400A0EA920EE72
:10855000200A01F059FD80460F48694601F002FDEE
:10856000B8F1000F04D00A980995401C0A9002E067
:108570000C98401C0C900A98A846B0FBF9F209FB35
:10858000120018B9002007F0CBFD0D90684606F0E8
:10859000D9FD002F9CD184E744590024000000003D
:1085A0006F12833AFEE70000F0B503004FF00000C1
:1085B00004460BD0022B09D841B100220A604A6060
:1085C000022B8A60CA600A6102D007E00120F0BD78
:1085D000294A1268D20734D04FF40074274D002284
:1085E00005EB8203D3F80434DE0707D003F002065C
:1085F00004F00207BE4201D1561C0E60DE0607D50C
:1086000003F0200604F02007BE4201D1561C4E6044
:10861000DE0507D503F4007604F40077BE4201D1ED
:10862000561C8E60DE0311D503F4802604F48027E7
:10863000BE420BD19E0302F1010604D446F48036FB
:1086400003E00F4CCAE746F08076CE60DE010FD51E
:1086500003F0806604F08067BE4209D19B0102F1FD
:10866000010302D443F4803301E043F080730B61D3
:10867000521C022AB4D3F0BD00B4005200B0005224
:10868000220204042DE9F041984616460F4604469E
:10869000069D08E0681C06D0FBF798FDA0EB0800DB
:1086A000A8420AD84DB12068006A384000D00120A5
:1086B000B042EFD10020BDE8F0814FF4007020659A
:1086C000606D40F0010060650120F4E70148FCF7AF
:1086D00005BB0000147400242DE9F0410446C06875
:1086E0000D462027236801284FF4004604F2C442B7
:1086F00003EB4511D3F840C0D1F8080B09D0DFF8DF
:108700009CE0F4453AD1020433D500BFC1F8086BB0
:1087100040E0234B5FEA007E04D59C453AD9000433
:10872000F4D437E05FEA806E02D5C1F8087B31E00F
:1087300010F0280F2ED19C4501D90004E6D4D1F8C1
:10874000101B05EBC50004EB8000C1F31201D0F84B
:108750009C32A3EB0101C0F8901200F51F70ADB977
:1087600003691BB1C2681144C1600FE02068012198
:108770000AE080060AD5C1F8087B07E035B9D4F8CD
:108780008C0218B90021184603F008FA2046E9B215
:10879000FCF78BF90020BDE8F08100000A31544F4E
:1087A0000A30544F2DE9F84F0E460568814601EB1B
:1087B000C60100EB8104D4E913203C34904202D975
:1087C0000120BDE8F88FA168101A814200D2084646
:1087D000C01C05EB461887081BE000BFA268A0EB91
:1087E000010A524500D2924699F80C100AF1030092
:1087F00000911FFA8AF3E16887082846F2B203F075
:1088000013FDE16801EB0A00E060616901EB0A0019
:108810006061D8F8180980B2B84205D3D4E90401E0
:10882000814201D20028D9D1D4E90401884208D874
:10883000D5F83418012006F00F0290408143C5F8A6
:1088400034180020BDE700002DE9F047454D0446EF
:1088500089464FF0000A2868C04380070AD0414E7D
:10886000283E306820F080603060FBF7AFFC0746A0
:10887000B04608E00120BDE8F08700BFFBF7A6FC8A
:10888000C01B022867D8D8F800000001F6D4206881
:1088900029684FF4FE0721F47C313E0241EA0030A2
:1088A0002860207AA389B4F804C040022D4D2D49D8
:1088B0005B1E227CACF1010C1035091DA0F5007087
:1088C00080B2521ECCF3080C07EA034340EA0C00C6
:1088D000184306EA0262104328600868626920F0C3
:1088E000C000104308600A68A06922F02002024319
:1088F0000A60281D0A6822F010020A6002684FF61A
:10890000F873E4699A4342EAC40202600868B9F164
:10891000000F40F010020A6011D00868B9F1010F91
:1089200011D040F400100860D8F80000444640F030
:108930008060C8F80000FBF749FC05460DE00868B8
:1089400040F40020EFE740F48010ECE7FBF73EFC3A
:10895000401B022801D903208DE720680001F5D5CE
:10896000504688E7284402582DE9F047454D044613
:1089700089464FF0000A2868C04380070AD0414E5C
:10898000283E306820F080503060FBF71FFC07461F
:10899000B04608E00120BDE8F08700BFFBF716FCF9
:1089A000C01B022867D8D8F800008000F6D42088C1
:1089B00029684FF4FE0721F07C713E0241EA005025
:1089C0002860207AA389B4F804C040022D4D2D49B7
:1089D0005B1E227CACF1010C1835091DA0F500705E
:1089E00080B2521ECCF3080C07EA034340EA0C00A5
:1089F000184306EA0262104328600868626920F49E
:108A00004060104308600A68A06922F400720243C3
:108A10000A60281D0A6822F480720A6002684FF614
:108A2000F873E4699A4342EAC40202600868B9F143
:108A3000000F40F480720A6011D00868B9F1010F8C
:108A400011D040F080700860D8F80000444640F033
:108A50008050C8F80000FBF7B9FB05460DE0086838
:108A600040F48000EFE740F40000ECE7FBF7AEFBDA
:108A7000401B022801D903208DE720688000F5D52E
:108A8000504688E7284402582DED028BCAB001F009
:108A900013F9FC483AAAFA4982EC030AD0E9002407
:108AA000D0E90235F848CDE91D24CDE91F350B6822
:108AB00000242994219443F080730B604460026881
:108AC00001211694A346269442F001022594279191
:108AD000026000201790F0222B908046EB480D4654
:108AE000029123914FF48C7106F08AFDE84801F061
:108AF000CDF8E848012101640465FBF767FB0446F3
:108B00009FEDE58ACDF86C004FF00009CDF8A890F4
:108B1000B8F1000FCDF86090CA46CDF864908DEDA5
:108B2000148A8DED158A12D1DA4E0120B06300F05F
:108B300039FFC8B14FF00108CDF80880FBF746FBBC
:108B400004461B900020299000F060FFB06405A847
:108B500001F036FAFBF73AFB0146009005A801F058
:108B60003FFACE4E074645E0706A401C706200F046
:108B70004DFFB064032101202B900020B16370648D
:108B80004FF4FA7005F058FBBEE700BF9DF8E40013
:108B900025B101282ED100250290A1E0012806D0A0
:108BA00003281AD007280BD0082823D130E0B84872
:108BB00090F82000F0B9169880F00100169019E0A6
:108BC000B34801F065F80020169001204FF0000B2B
:108BD000CDF894B0279002900CE0B0EE480A012046
:108BE0004FF0000B27905A46A9485946F0EE400A2C
:108BF00001F04CF90023306839A91A4605F07AFBD8
:108C00000028C3D0002D6BD02B9820B1A4A003E086
:108C100001250295F8E7A7A0B0EE480A0022814698
:108C20009B481146F0EE400A01F030F9994C0026BD
:108C3000B34626659648806960652198A065E06C1A
:108C400040B1E16C0FF27C29012901D0A1A712E00B
:108C5000A4A710E00FB1A7A70DE00D98012801D03F
:108C6000A7A708E00C98C00702D00C98000701D510
:108C7000A6A700E0A9A7E16CA06CCDE90001636B99
:108C80003021AAA23DA8F7F78DFC0421A1630120A1
:108C90006064E6616660A660E660266166612662E1
:108CA0003DAA3946484600F033FC58B100202B90CD
:108CB000FA2005F0C1FAFBF789FA04461B90002060
:108CC000299021E700F0A2FE0322A064606A01213E
:108CD0002B914FF00008401C6062A2636664E7E7D6
:108CE000AFB1279850B10DF1140C9CE80F001D9006
:108CF0000020834627901EA880E80E0015AB14AA1A
:108D000005A91DA800F05AFF070009D00AE00D9838
:108D1000012805D10C98C00702D00C98000701D596
:108D200001202790169837EA000003D0584890F8A1
:108D3000200038B15FF0000616EA0B0F04D000984F
:108D4000011B02E00126F7E700215148DDED150A7D
:108D50009DED140A324601F099F84D49B346009C46
:108D600091F8200098B14B480422259B026577A218
:108D70003E921BBB219A12B18B69934201D28A6940
:108D8000219201222592C26D521CC26524E027B1B6
:108D90001698B8B103226EA01BE00D98012802D0EE
:108DA00006226DA015E00C98C00702D00C980007B1
:108DB00005D56BA23E92374A012010650CE00522D2
:108DC00068A006E00C98400701D568A000E069A003
:108DD00002223E902F4802652E4E326D2698824226
:108DE00001D0012002902A48274F8169306D2690DA
:108DF00071652198B06578683AA93F9041F2820286
:108E00003D90224806F078FB2149204800F05AFFA7
:108E100098B3384641683D98081A04F08DFD1D4905
:108E2000C8601A4800F0C0FB1C900023029A01465B
:108E3000179800F0A9FB219944F2030240EA0200CE
:108E40004290D9B1124964260A208B692199B3FB5B
:108E5000F6F7B1FBF6F24FF47A71B3FBF1F3B7FB1F
:108E6000F0FCB2FBF0F600FB1626219A00FB1C700A
:108E7000B2FBF1F28DE845007EE083E08AE000007D
:108E8000FCED00E064150108001000E00000002087
:108E9000C8FD0020EC430120000000000046002433
:108EA000444953504C4159205245434F564552591D
:108EB000000000004C434420504F4C4C494E47208A
:108EC0004F4B000052454E444552204552524F529E
:108ED00000000000524153544552204641494C4540
:108EE0004400000047454F4D4554525920464149E2
:108EF0004C454400494D552052454144590000001D
:108F0000494D55204F46464C494E4500494D552048
:108F100043414C4942524154494E4700494D552026
:108F20005741495420444154410000004D415A45A5
:108F30002030312056322041444320256C75204595
:108F4000256C752052256C7500000000574F4E00AF
:108F500050415553454400004E4F20494D550000A7
:108F600043414C0057414954000000004759524FBB
:108F700000000000494D550030218BA22CA8F7F7C6
:108F800011FB1BE0316B012005460290491C316347
:108F9000F064B9E58C48642281694FF47A70B1FBC2
:108FA000F2F60A22B1FBF0F33021B6FBF2F702FB36
:108FB000176086A200902CA8F7F7F4FA89480027DA
:108FC00041683D98081A409001203909884042992B
:108FD000084277D083487C492431406810223D9074
:108FE000CAEBCA000091804900EB800001EB00262B
:108FF0007E483346394606F01DFB28B1724890F88A
:10900000200050B1012109E0794902220120199084
:10901000086B401C0863CA6459E000213E982CAAE2
:109020000391102300934FF48C713B46CDE901026C
:10903000F022304601F0E2F85FF000004FF48C526D
:1090400036F810100B0243EA112126F81010401CCC
:109050009042F5D363482399002942683D99A2EBD9
:10906000010240991144409140683D9015D0102173
:109070003246384600F070FD08B901201890594872
:109080001899002941683D98A1EB000189442ED12F
:109090002A9800F50C502A9014E0642000F022FD7C
:1090A000C0B15048416832463D98091A3846894453
:1090B000102100F0B1FC68B12A988AF0010A00F58D
:1090C0000C502A901037BFB2F02FFFF47DAF2398D9
:1090D00010B10CE001201890424F7E68642000F02F
:1090E00001FD08B9012018907868811B8944DDE9E9
:1090F000181008430FD059B13D4D686A401C686292
:1091000000F084FCA86401204FF000082B9023900D
:1091100001250295F8E4012000F03CFC239802218F
:10912000334E00281C9817904FF000000290B16356
:1091300001D0022200E0032229980021401C29903E
:109140007264F1643068401C3060409804F0F4FBB5
:10915000B060484604F0F0FB30612A98706100204E
:1091600006F0DEFFB0612348D0F8980D3062012090
:1091700005F062F81B4841683F98081A04F0DCFBD0
:109180007060FBF723F81B99411AB1F5FA7FC1D340
:109190001B9042F210722998504300222992B0FB92
:1091A000F1F0F061B0E4000054494D4520256C75A4
:1091B0002E256C755320204245535420256C752E66
:1091C000256C755300000000C8FD002054494D4532
:1091D00020256C752E256C75532020424553542054
:1091E0002D2D0000001000E00000002400000020F1
:1091F000EC43012000F000200148FDF7F3BE000021
:10920000445B002410B50168002240F26F330C6803
:1092100024F001040C6001680C699C430C61016836
:109220008B6943F008038B6101688B6943F010037D
:109230008B6101688B6823F440438B6001688B6904
:1092400043F040038B6101688B6943F020038B611D
:1092500001688B6943F480738B6101688B6943F407
:1092600000738B6101688B6943F400638B61A0F824
:109270006220A0F86A2010BD10B5026840F26F337A
:109280005169946944F0080494610268946944F057
:10929000100494610268146824F0010414600268E8
:1092A00014699C4314610268936823F440439360FB
:1092B00090F88120042A0CD08A060AD5D0F88420A0
:1092C00042F08002C0F884200268936943F02003D2
:1092D000936190F88120032A0CD04A060AD5D0F871
:1092E000842042F00402C0F884200268936943F0AD
:1092F000400393618A050AD5D0F8842042F0010228
:10930000C0F884200268936943F400739361C9052F
:109310000AD5D0F8841041F00801C0F88410016823
:109320008A6942F480728A610021A0F86210A0F874
:109330006A1010BD10B5806B00210122A0F86A10E0
:10934000A0F8621080F88120FDF738FE10BD10B53E
:10935000846BF9F773FF02280ED02046FFF78CFFCD
:10936000D4F88410012041F01001C4F8841084F86E
:1093700081002046FDF722FE10BD10B5806BFEF780
:1093800009FC10BD10B5806B90F88110072909D039
:10939000816FC969B1F5807F05D00068016941F02E
:1093A0000801016110BDFEF7D9FB10BD2DE9F041A8
:1093B0001C4616460D460746DDF818800AE000BF39
:1093C000FAF704FFA0EB0800A04202D3601C01D012
:1093D0000BE054B13868406935EA000007D000203E
:1093E000B042EDD00020BDE8F0810320FBE7012072
:1093F000F6E70178407841EA002070470022012119
:10940000082010B504F0A8FF05490028086006D11F
:1094100004490120C863BDE81040F7F7D0BF10BD74
:1094200000460024EC43012030B5ADF5497DBAA8D3
:1094300000F0C6FD07F058F92149CD6D8C6D4B6DDC
:109440000A6D0DF1580C8CE83C00CD6C8C6C4B6CAB
:109450000DF1480CC79A8CE83C008A69DDE9C534F7
:10946000CDE91002CDE90E34DDE9C1434A6908694E
:109470000AAD85E81D00CC688B6B0A6B886A06AD67
:1094800085E81D004C6B4B6A0A6A886802AD85E866
:109490001D004A68C869CDE900020B684FF42074CA
:1094A000084A1AA82146F7F77DF8002805DDA042F2
:1094B00003D281B21AA8F7F72BFD0DF5497D30BD17
:1094C000EC430120B01E010810B500F08FFA00280F
:1094D00006D0BDE8104003A205A109A000F018B80D
:1094E00010BD00004D415A45203031205632000059
:1094F000424F4F54205354415254494E47000000AC
:109500004C434420504F4C4C494E47204F4B000099
:109510002DE9FF5FDFF86C8000244FF48C7B15464B
:109520004FF40C690E4607464FF0080A1548F02222
:10953000CDE90265CDE900A72346594600F0E4FED7
:109540005FF0000041464B4631F810204FEA022CF4
:109550004CEA122221F81020401C9842F4D3094A08
:109560000821204600F0F8FA002807D00834A4B2F9
:10957000F02CDBD3012000F00DFA012004B0BDE88F
:10958000F09F0000C447002412B147F6FF707047F7
:10959000084344F201021043002BC0F30E00F6D042
:1095A00040F0020070470000F0B547F6FF774FF03B
:1095B000000218B300F5704191F8C43DF3B1B1F861
:1095C000BC3DB3F58C7F19D1B1F8BE5DF02D15D13E
:1095D000B1F8C26DB6F5007F10D8002320E000BFBF
:1095E00003EB4301C1EB431100EB8101B1F86EC005
:1095F000B1F87040A44501D8AC4201D33846F0BD63
:109600004FEA1C114FF0010C240906E00CFA01FE90
:109610001FFA8EFE491C4EEA0202A142F6D95B1CDB
:109620009E42DDD81046F0BD7CB54F4D00204F4C1A
:109630000122114628702046FAF7C2FD0122204679
:109640000821FAF7BDFD4A4800220221FAF7B8FDC9
:1096500004F090FF00287DD004F01AFE002879D095
:10966000322004F037FA01230021184601AA04F041
:109670004CFA002875D0012004F02CFA012004F0E7
:10968000E5F900286ED0002004F0E0F9002869D048
:10969000B6227E21012004F08FFA002861D032200A
:1096A00004F018FA01230021184601AA04F02DFA4B
:1096B000002856D0012004F00DFA012004F0C6F96C
:1096C00000284ED0B6221421002004F075FA00289C
:1096D00047D0322004F0FEF9002004F0B7F900284A
:1096E0003FD0042332261A467D210096012004F043
:1096F000CBF978B305200090032300227C210120C0
:1097000004F0C2F930B302240094FF23A9224021BF
:10971000012004F0B9F9E8B10122009403231046B6
:10972000412104F0B1F9A8B10022009407231046AA
:109730000F2104F0A9F968B10723009484221021B5
:10974000002004F0A1F928B100220096A0231046C1
:10975000112101E006E004E004F096F910B10120C7
:1097600028707CBD00207CBD1046002400080258F3
:10977000000402582DE9F04705002DED028B84B05E
:109780001DD01C21F7F7B4F82F4C2078012816D1F2
:1097900004F05CF998B106231221012002AA04F01A
:1097A000B4F960B100216A460823084604F0ADF917
:1097B00028B19DF800000F2807D00320207000205A
:1097C00004B0BDEC028BBDE8F0879FED208ADFED91
:1097D000208A47F6F877E94600240DF10808C7F11A
:1097E000000A00BF08EB440004F088F9064609EBC4
:1097F0004400801C04F082F900EE906A00EE100A2A
:1098000005EB8401F8EEE00AB8EEC00ABE4260EE55
:10981000880A20EE280AC1ED000A81ED030A05DA64
:10982000564503DDB84201DA504503DCA86940F033
:109830000400A861641C032CD4D3A86940F0030081
:10984000A8610120BCE70000104600240000403958
:1098500000007A3D0148007870470000104600245F
:109860004EF66021884210B501D3002010BD0A4B8E
:1098700000214FF4FA6400BF33F8112001F1010117
:10988000821A02F57A72A24201D8C8B210BD052927
:10989000F2D3062010BD00004816010810B50022C2
:1098A0000624047001230372027442744160C16093
:1098B00010BD30B51546044600F02BF801284FF0D6
:1098C00000010CD002280AD0002811D1207C70B1F0
:1098D000227A42B1217881420BD0E56007E0207402
:1098E000E5606174F2E7627C2174002A00D00020F8
:1098F00030BD617C0029FAD1E168691AB1F5487F71
:10990000F5D301216174012801D0082030BD072062
:1099100030BD30B5154604460846FFF7A1FF0628BE
:109920000CD02178814201D0207065606168691A8D
:109930003C2908D328B1217A39B104E02070656050
:1099400001E000202072002030BD0121217230BDD5
:1099500010B504F00FFE0E494FF0000218B14B682D
:1099600023B1834202D01046072205E00B782BB1C9
:109970004B783BB110460622CA7010BD0123104639
:10998000CB7010BD4860032004F046FD012010BDDF
:10999000044600244FF4806102460148FAF710BCE7
:1099A0000004025870B504F0E5FD0F4C05004FF0BF
:1099B000000606D004F06CFC18B1606820B1A84223
:1099C00002D00721304603E0607818B10621304606
:1099D000E17070BD012004F02FFA0028F9D0BDE835
:1099E0007040FFF7B5BF0000044600240649002080
:1099F0004A680AB1072202E04A7812B10622CA7008
:109A00007047002004F018BA044600240148C078CA
:109A100070470000044600242DE9F0472D4C88468D
:109A20004FF40C7181460026174608FB01F560686B
:109A300040B14146484604F0B9FA00283FD0A0782A
:109A4000F0BB02E0072130463FE02348806FB8B307
:109A50000068A8B34146484604F0DEFA00282ED03C
:109A60001E480068C00314D579191F3127F01F0064
:109A700021F01F01091A00290BDDBFF34F8F184A8F
:109A80001060203020390029FADCBFF34F8FBFF37C
:109A90006F8FBFF34F8F002004F0B8F9032004F05C
:109AA000BBFC0120A6606070AAB20B483946FDF7E6
:109AB00097FF60B10320E07004F012FA002000E08C
:109AC00001E0BDE8F08703213046E170F7E70120AF
:109AD000F5E7000004460024445B002414ED00E098
:109AE00068EF00E070B51B4C06460025606820B1A9
:109AF00004F040FD6168884202D00721284608E052
:109B0000207820B1607830B1A06830B10DE001213B
:109B10002846E17070BD012070BD304604F02AFA7D
:109B200000210246032004F0D9FCA06801280AD0D5
:109B3000A068022805D00420E07004F0D1F90020CC
:109B400070BD0520F8E76570A560032004F064FC93
:109B5000E1E70000044600242DE9F04107460D46E8
:109B60004FF40C70164601FB00F4384604F01EFA60
:109B7000B8B12946384604F04FFA90B1002004F0FD
:109B800045F9A2B2094832233146FDF7C3FC044629
:109B9000012004F03BF93CB105490920C87004F0EC
:109BA0009FF90020BDE8F0810120FBE7445B002421
:109BB00004460024004870479417010870B59FEDD3
:109BC000320A15001C468AB00E4601D085ED000A07
:109BD0000CB184ED000AEDB3E4B306A904F0D6FAA3
:109BE000C0B301A9304604F0D1FA98B301A8DDED65
:109BF000061A9DED075ADDED044A9DED084A9DEDDC
:109C0000092AF8EE005AB0EE006AD0EC032A21EEE1
:109C1000A20A21EEA31A61EE830A61EEA41A05EEF0
:109C2000030A05EE241A45EE620A45EE631A04EEB5
:109C3000230A04EE621A44EE640A44EE031A02EEAA
:109C4000240A02EE431A42EE230A42EE621A20EE82
:109C5000012A00E016E020EE200A00EEE12A21466B
:109C6000284601EE210A62EE250A20EE060AC5ED1D
:109C7000000A84ED000AB7EE000A04F0F5F90120AD
:109C80000AB070BD0020FBE700000000AFF30080C9
:109C900010B504000BD02421F6F72AFE9FED040A2C
:109CA000DFED040A012084EC020A84F8210010BDD3
:109CB0009A9929C06666E6BF014890EC030A70478E
:109CC0001C1801082DE9F0471C220D465849814611
:109CD0002DED028B88B06846F6F7D0FDB9F1000F84
:109CE0004FD0DDB35349286888424AD85249884248
:109CF00047DC52496868884243D85149884240DC71
:109D000095ED050A03F0A2FB9FED4E1ADFED4E0A1A
:109D100040EE010ACDED030A95ED040A03F096FB2F
:109D20009FED4A1ADFED4A0A07A840EE410ACDED41
:109D3000040A00F00FF98046FFF73CFFB8F1000F6E
:109D400004461ED054B101234DF6FB626946DFED97
:109D5000412A9FED418AB0EE482A00E011E0DFED94
:109D60003F1A9FED3F1ADFED3F0A9FED3F0A48463D
:109D700005F068FF00270646DFED3C8A44F6AB2A73
:109D800017E0002008B0BDEC028BBDE8F08700BFF3
:109D900008EB071052460023694690EC040AF0EEE7
:109DA000482AB0EE682A484605F04CFF00B9002664
:109DB0007F1C07988742EBD394EC030A6A464FF660
:109DC0002071DFED2B1A484631EE211ADFED291AFA
:109DD00005F0B0FF00B900266A4694EC030A4FF480
:109DE000FC614846DFED241A05F0A4FF00B9002607
:109DF0006A4695EC020A46F64D314846DFED1F1AD9
:109E00009FED1F1A70EEE10A30EE010ADFED1D1A18
:109E10009FED1D1A05F08EFF00B900266A462946FF
:109E2000484605F0ABFE00B900263046AAE7000020
:109E300004190108CDCC4CC0CDCC4C409A9919C026
:109E40009A991940EC51383EB81E853E8FC2F53DB7
:109E50000AD723BD0AD7233E0000000067662640CC
:109E60009A995940676626C09A9959C08FC275BEA3
:109E70000AD7A33D6F1283BB6F1203BC8FC2F53CA0
:109E80000AD7233DA69B44BBCFF7533E37B504000A
:109E90000D462DED020B2DED028B1AD0EAB19DED92
:109EA000020A03F083FDC0B19DED030A03F07EFDBD
:109EB00098B1002084F821009FED248A78B1002019
:109EC000E06184ED028A84ED038A84ED048A84EDE6
:109ED000058ABDEC028B05B030BD0120EAE794F89D
:109EE00020000028F5D1B6EE000A03A902A804F06C
:109EF000BBF89DED020A164960EE000A9DED030ACB
:109F000040EE000A10EE900A884203DA8DED028AD4
:109F10008DED038A9DED020A642D84ED040A9DED0A
:109F2000030A84ED050A00D96425E0692844E0614C
:109F300005E00A38E061204605F0AEFDE0690A2838
:109F4000C7D394F820100029F3D0C2E70000000026
:109F5000FAED6B3908B10621016001487047000035
:109F60003417010800280B4607D0002B05D000F15C
:109F7000A00118462022F6F781BC704770B5040096
:109F80001AD0FC21F6F7B4FC2046F7F7D7FA0B49B4
:109F90002046F7F773FB04F17C000546F7F75CFFFA
:109FA000064928461C31F7F769FFB7EE000A84ED31
:109FB000280A0820C4F8BC0070BD0000481C010835
:109FC00010B5044606F00EF9044938222046F6F78B
:109FD00055FCBDE8104006F025B90000405A0024A9
:109FE000D0E90723012B0AD1836A43B1406A081ADA
:109FF000642804D8D00702D012F0180F01D0002036
:10A0000070470120704700002DE9F0430400154619
:10A010000E462DED068BF0EE409A93B037D0AEB3DE
:10A02000A5B39FED6E1ADFED6E0AB0EE690A06F079
:10A030004CFB58B300279FED6B8ADFED6B8A9FEDD9
:10A040006B9A9FED6BAA00BF06EB8700B0EE481A33
:10A0500090ED000AF0EE680A06F037FBB0B105EBB0
:10A060008700B0EE491A90ED000AF0EE4A0A06F0B9
:10A070002CFB58B17F1C032FE6D394F8BC0000F0F2
:10A080000100C4F8BC00C1070BD017E005E00020B8
:10A0900013B0BDEC068BBDE8F083204603F05AFEFA
:10A0A000F6E740F008002A46B0EE690A3146C4F8E7
:10A0B000BC00204603F08EFD00287DD0304604F021
:10A0C00057F8B7EE091AF6EE020A06F0FEFA95EC1A
:10A0D000030A07463146D6E90050D6F808903A46BA
:10A0E0008046204603F0AAFB96E8070004F18006AC
:10A0F00004F1E804B0EE419AB0EE408B84E807002A
:10A100002774A4F1E80417B90025A846C1462046E3
:10A11000B0EE690AF7F7AEFA02EE909A02EE108AF4
:10A1200001EE905AB0EE491AF0EE680AB0EE480A15
:10A130002046F7F773FE2046F7F7FCF90DF11808F3
:10A140009FED2C8ADFED2C8A002588EC040A00BFE5
:10A1500008EB8500B0EE481A90ED000AF0EE680AB0
:10A1600006F0B3FA48B36D1C042DF1D306ADA0344C
:10A1700095E80F0084E80F00A4F12400A03CF7F755
:10A1800067FE3036204686EC030AF7F71AF90546D3
:10A1900021466846F7F732F9182269460BA8F6F708
:10A1A0006DFB15F0FF0F05D0D4F8BC0040F008009F
:10A1B000C4F8BC002FB101E009E00AE09DF83000CE
:10A1C00028B1D4F8BC0040F00400C4F8BC00012061
:10A1D0005EE72046FFF7D2FE5FE700000AD7A33C08
:10A1E0000AD7A33BEC51C040EC51C0C03303FA4442
:10A1F0003303FAC4C520803FC52080BF2DE9FF5F2F
:10A20000070099460EA81446DDF844800D4690E8F4
:10A21000400C6DD05FEA0A006AD05FEA0B0067D09D
:10A22000A02D65D3402C63D3A14561D2A4EB0900D6
:10A23000B0425DDB0020A4F110021FE009EB000139
:10A24000202901D3914218D3202905D2B8F1000F5B
:10A2500002D04FF4D46301E041F6C3031F2901D0BB
:10A26000914201D144F20823002104E000FB051CC7
:10A27000491C27F81C30A942F8D3401CB042DDD35A
:10A28000B8F1000F4FF002004FF6FF7802D019A28C
:10A29000414602E01AA240F2DF710923CDE9003203
:10A2A000CDE9020133464A462946384605F0A8F86A
:10A2B0005046F6F73DFAA0EB8000CDF80C800D2358
:10A2C0004A4605EB4000294608388DE80904334624
:10A2D000384605F0DBFE08224EF67D710B3C0391FB
:10A2E0008DE8140833464A462946384605F0CEFE26
:10A2F000BDE8FF9F4C4556454C20434C454152001C
:10A300004D415A45203031002DE9FF5FF02A1E46AD
:10A3100014460D46DDF83890804601D3122000E047
:10A320000F20B8F1000F82467ED00F9800287BD016
:10A330001098002878D01198002875D0A02D73D3DC
:10A34000E02C71D3A6426FD2A11B49456CDB0021E2
:10A35000032730E072184FF6FF7E68000190A4F1E9
:10A360001A0000900020A2F1220B21E0BBF1080F9F
:10A37000734610D2B5FBF7F3834202D94FF478430A
:10A3800011E0019BB3FBF7F3834202D94FF4FC6366
:10A3900009E01F2307E0602A03D0DDF800C0624512
:10A3A00001D14CF2186301FB050C401C28F81C304D
:10A3B000A842DBD3491C4945CCD30F982DA1F6F711
:10A3C000A5F920B90F982DA1F6F7A0F908B14FF41F
:10A3D00030404B462BA18346002002270A22CDE9BC
:10A3E0000021CDE9027032462946404605F008F8C2
:10A3F0000F993322CDE9027B4B464046CDE900213F
:10A400003246294604F0FCFF109842F2041149221A
:10A410004B46CDE90271CDE900203246294640463F
:10A4200004F0EEFFBB4600E022E000271749324669
:10A4300007FB0AF051F827300021039167308DE8BF
:10A4400009084B462946404604F0DAFF7F1C062FD8
:10A45000ECD3012244F208210391113C11984B46A0
:10A4600000942946CDE901023246404604F0C8FF77
:10A47000BDE8FF9F4641494C000000004552524F45
:10A4800052000000534F4654334400003016010878
:10A49000FDF7CEFF4FF47A74FEF7C6FF204603F0B7
:10A4A000CBFEF9E74FF0E02010B5006906F0D8FDCB
:10A4B000012803D0BDE8104006F096B910BD000099
:10A4C00030B59DB04C216846F6F712FA202113A84A
:10A4D000F6F70EFA0220FAF7F5FF1F48016821F49B
:10A4E000404101600168002401F440411B91016872
:10A4F0008904FCD502200990282521220092C3035B
:10A500000193012106910A900C23CDE90B050FADB3
:10A51000042285E8190012946846CDE90D12FCF773
:10A5200027FA08B172B6FEE740201A900823050109
:10A53000CDE9163013ABCDE918053F21032283E89E
:10A54000160013A81146FBF7D5FF002801D072B6FC
:10A55000FEE71DB030BD0000184802582748F0B58E
:10A56000274A016841F470010160106800F00F0093
:10A57000072804D2106820F00F00C01D1060214988
:10A580000020204C10340B681F4D43F001030B607A
:10A5900020600B682B400B60136803F00F03072B40
:10A5A00004D9136823F00F03DB1D1360154C174A01
:10A5B0001834174B261D371D2060124C154D2834BA
:10A5C0003060261D3860371D23603B1D35601C1D23
:10A5D0003A60251D2E1D1860331D226028603260F0
:10A5E00018600A6843F2D204064B0B4D22F4802215
:10A5F00060330A6018602C60F0BD000088ED00E058
:10A6000000200052004402587FEDF6EA800201016A
:10A61000000202020000FF01004000520148FDF765
:10A620004ABB0000CC5C00242DE9F0472A4B4FF0D8
:10A63000804A2A4D02689842294E2A4F2A4C09D056
:10A64000504507D0A84205D0B04203D0B84201D04F
:10A65000A04205D1D1F804C022F070024CEA0202F7
:10A66000DFF888C0DFF888809842DFF8889015D03E
:10A67000504513D0A84211D0B0420FD0B8420DD0EF
:10A68000A0420BD0604509D0404507D0484505D0D1
:10A69000194DA84202D0194DA84203D1CD6822F429
:10A6A00040722A434D6922F080022A430260984298
:10A6B0008A68C2620A68826207D0A04205D06045FB
:10A6C00003D0404501D0484501D10969016301210A
:10A6D0004161BDE8F0870000000001400004004037
:10A6E00000080040000C0040000401400040014010
:10A6F000004401400048014000E0004000E4004008
:10A700002DE9F0410C46D0F8D412D0F8C83200EB55
:10A710008101D1F8C01229B304F00F02002702EB27
:10A72000820500EB8506B5694DB102EBC20203EB71
:10A730008202526CB5FBF2F302FB1352A2B1C1F8D4
:10A740001472D0F8D42200EB8200D0F8C40203695E
:10A750002BB1D1F8080201F5047122469847002078
:10A76000BDE8F0810320FBE7002321461A46B761CC
:10A7700000F0F0FDF3E770B50546D0F8D40205EB24
:10A780008000D0F8C04294B1284600F0BCFCC4F868
:10A790000C02D5F8D40205EB8000D0F8C412D4F82E
:10A7A0000402CA6804F503719047002070BD0320BD
:10A7B00070BD000070B5224D0446297800F0E4FB1E
:10A7C0002878002600F00F0000EB800004EB8000EA
:10A7D00086842046697800F0D7FB687800F00F0087
:10A7E00000EB800004EB8000A0F864612046A978AB
:10A7F00000F0CAFBA87800F00F0000EB800004EB2B
:10A8000080008684C684D4F8D40204EB8000D0F89B
:10A81000C01299B1D0F8C40240688047D4F8D4027D
:10A8200004EB8000D0F8C00200F0BDFFD4F8D402E1
:10A8300004EB8000C0F8C062C4F8BC62002070BDA8
:10A840003847002410B5D0F8D41200EB8100D0F8BE
:10A85000C04284B1D0F8C41259B194F80002FF2864
:10A8600007D08B68214694F801229847FF2084F88E
:10A870000002002010BD032010BD00000A2101804D
:10A88000004870473C47002470B5822106460D48B9
:10A8900000F092FA012105460A4800F08DFA812164
:10A8A0000446084800F088FA0DB11021A9714FF054
:10A8B000400104B1A18000B1818043203080014873
:10A8C00070BD00004847002470B5822106460D483F
:10A8D00000F072FA012105460A4800F06DFA812164
:10A8E0000446084800F068FA0DB11021A9714FF430
:10A8F000007104B1A18000B1818043203080014803
:10A9000070BD00004847002470B5822106460D48FE
:10A9100000F052FA012105460A4800F04DFA812163
:10A920000446084800F048FA0DB11021A9714FF013
:10A93000400104B1A18000B18180432030800148F2
:10A9400070BD0000484700242DE9F0474FF407751B
:10A950000446284600F028FF06004FF0000965D0A5
:10A960002946F5F7C5FFD4F8D40201273C4D4FF432
:10A97000007A4FF0100804EB8000C0F8C062C4F801
:10A98000BC62207CF0B3297840230222204600F0EC
:10A990002BFC2878402300F00F0000EB800004EB34
:10A9A0008000878402226978204600F01DFC6978C7
:10A9B00008230322204601F00F0101EB810104EB83
:10A9C0008101A1F86471A97801F00F0101EB810107
:10A9D00004EB8101A1F82680A97800F005FCA97894
:10A9E000C84601F00F0101EB810104EB81018F8466
:10A9F000C6F80492D4F8D40204EB8000D0F8C40264
:10AA0000006800E01AE006F501768047C6F810807D
:10AA1000C6F8148032687AB1207CF8B14023697896
:10AA2000204600F0EDFB0020BDE8F087D4F8D412FA
:10AA300004EB8101C1F8C0920220F5E729780222D7
:10AA40005346204600F0D0FB2878534600F00F0014
:10AA500000EB800004EB80008784A3E75346DEE729
:10AA60003847002410B5D0F8D41200EB8101D1F89A
:10AA7000C01259B1027C084C002AD1F8042207D038
:10AA80004023617800F0BCFB002010BD032010BD06
:10AA90004FF40073F5E700003847002439B1D0F8CF
:10AAA000D42200EB8200C0F8C412002070470320BB
:10AAB0007047D0F8D42200EB8200D0F8C00218B161
:10AAC000C0F804120020704703207047D0F8D43239
:10AAD00000EB8300D0F8C00228B1C0F81022C0F803
:10AAE000081200207047032070472DE9FC410646FC
:10AAF000D0F8D4020C46002106EB80000D46D0F8B9
:10AB0000C0728DF80010ADF8041037B1217811F043
:10AB100060022CD0202A48D102E00320BDE8FC814D
:10AB2000E288E2B109060BD5D0F8C4023946836841
:10AB300060789847E288072A00D9072239462CE036
:10AB4000607887F80002E088402800D3402039462A
:10AB5000C2B2304687F8012200F07FF82AE0D0F830
:10AB6000C4020022214683686078984722E060781A
:10AB700030B101281ED00A2809D00B2815D110E0C9
:10AB800096F89C02032810D1022201A905E096F84C
:10AB90009C02032809D101226946304600F077F86B
:10ABA00008E096F89C02032804D02146304600F0C5
:10ABB00049F803252846B1E710B5D0F8D41200EBC8
:10ABC00081020121D2F8C0221AB1D2F8143213B195
:10ABD00016E0032010BD0B490123C2F81432D2F84D
:10ABE0001032097801F00F0404EB840400EB8404B4
:10ABF000A361D2F81032D2F8082200F0ABFB00219A
:10AC0000084610BD3847002410B5D0F8B8220024FB
:10AC10005268904700B10324204610BD00207047C1
:10AC20000020704713460A46002110B500F0E8FAEC
:10AC3000002010BD13460A46002110B500F08AFB23
:10AC4000002010BD10B58021044600F064FB2046B2
:10AC5000BDE81040002100F05EBB10B5C0F85821DF
:10AC60000323C0F89432C0F85C2113460A46002141
:10AC700000F0C6FA002010BD10B50521C0F89412EE
:10AC800000231A46194600F0BBFA002010BD10B58B
:10AC900082610223C0F89432C26113460A46002141
:10ACA00000F058FB002010BD10B50421C0F894122C
:10ACB00000231A46194600F04DFB002010BDF8B5E0
:10ACC00004460D460020ADF800004888010A062918
:10ACD00047D006DC01290FD0022912D0032962D106
:10ACE0001DE0072946D00F295DD1D4F8B402C2690E
:10ACF00020E0694690473BE0D4F8B412207C0A6813
:10AD0000F7E7207C02260028D4F8B80205D0C16AF3
:10AD1000684688470146467036E0816AF8E7C0B267
:10AD2000062840D2DFE800F003090D111519D4F808
:10AD3000B4024268B2B3207CDBE7D4F8B402826884
:10AD4000F8E7D4F8B402C268F4E7D4F8B4020269B0
:10AD5000F0E7D4F8B4024269ECE7D4F8B4028269AF
:10AD6000E8E7207CF0B9D4F8B802416B6846884720
:10AD7000014609E0207CA8B9D4F8B802016B684606
:10AD80008847014607204870EA888AB1BDF800006C
:10AD900040B1824200D902462046ADF80020FFF7BC
:10ADA00076FFF8BDFFE729462046FFF74BFFF8E79F
:10ADB0002046FFF779FFF4E778B542880D46017821
:10ADC000002604468A4212D9ADF800100AE069460E
:10ADD00000F00FF84178052904D181780646A94290
:10ADE00005D000266188BDF800209142EFD830469A
:10ADF00078BD0A8803781A440A80017808447047AD
:10AE000070B500284FF000051ED004462E4602E023
:10AE1000761C641CF6B22378002BF9D1022404EBD3
:10AE20004604148012786B1C03264A550024AA1C81
:10AE3000CE5406E0551C8B54EAB2531C401C8C5473
:10AE4000DAB20378002BF5D170BD01004FF000009D
:10AE500004D0012901D0022901D00320704701202C
:10AE60007047000004A00A46024910B5FFF7C8FF6A
:10AE7000004810BDF45F002443444320436F6E66D6
:10AE80006967000012200880004870474846002487
:10AE900004A00A46024910B5FFF7B2FF004810BDF2
:10AEA000F45F002443444320496E74657266616315
:10AEB00065000000042008800048704744460024D4
:10AEC00004A00A46024910B5FFF79AFF004810BDDA
:10AED000F45F002453544D6963726F656C6563744D
:10AEE000726F6E696373000004A00A46024910B5D0
:10AEF000FFF786FF004810BDF45F002453544D3324
:10AF000032205669727475616C20436F6D506F7298
:10AF10007400000010B51A2008800B480A49083058
:10AF2000021F096800681468081809D00749082238
:10AF3000FCF7E6FF0549042220461031FCF7E0FF4C
:10AF40000248801E10BD000000E8F11F6A46002480
:10AF500078B10023C0F8B832C0F8C432C0F8D0329B
:10AF600009B1C0F8B4120121027080F89C1200F0FF
:10AF7000CFB80320704710B5D0F8C802F9F7D8FD54
:10AF8000BDE81040FFF761BF10B5D0F8C802F9F76F
:10AF9000A9FDBDE81040FFF758BF2DE9F041174665
:10AFA00004464FF0000521B194F89C02032842D0DA
:10AFB0004CE0D4F8941204F11400022935D1D0E900
:10AFC00002639E4206D9F21A394682602046FFF794
:10AFD00031FE0FE0B34214D14068984211D3D4F847
:10AFE000981288420DD2002220461146FFF722FE19
:10AFF000C4F8985200231A461946204600F000F97A
:10B0000013E094F89C02032808D1D4F8B802C16870
:10B0100021B1C4F8D452C168204688478021204617
:10B0200000F079F92046FFF727FE94F8A00268B1F6
:10B0300084F8A0520AE0D4F8B802426932B1C4F8E8
:10B04000D452426920469047002800D10020BDE834
:10B05000F08170B5134604464FF0000221B194F818
:10B060009C02032830D03AE0D4F8941204F5AA7078
:10B07000032934D1D0E902518D420AD96A1A82607B
:10B080000846824200D3024619462046FFF7CAFD11
:10B0900025E094F8AA0210F01F0003D0012802D086
:10B0A000022800D0002294F89C02032808D1D4F88A
:10B0B000B802016921B1C4F8D42201692046884749
:10B0C0002046FFF7F1FD0AE0D4F8B802836933B1F6
:10B0D000C4F8D422826920469047002800D100207D
:10B0E00070BD0020704710B5D0F8B812012280F86A
:10B0F0009C22002429B103794A68D9B2904700B153
:10B100000324204610BDD0F8C802F9F73FBD000067
:10B1100070B50178012929D1154902230022154C67
:10B120000925C1F80805C0F8C8120846C1E903237B
:10B13000C1E906320A624A62CA620A634A63C1E925
:10B140000045FAF7A1F808B1F6F739F908484FF4C5
:10B150000071F9F776FC064880220021F9F775FCAA
:10B16000034801214FF4BA72F9F76FFC002070BD5B
:10B170001474002400000440D0F8C82201F07F00BD
:10B180000B0600EBC00002EB800002D590F83E00F9
:10B19000704790F87E02704710B5D0F8D42200EBCB
:10B1A0008202D2F8B82222B190F89C32032B02D04E
:10B1B00004E0032010BD126A02B19047002010BDC8
:10B1C00010B5D0F8D42200EB8202D2F8B82222B116
:10B1D00090F89C32032B02D004E0032010BD526A89
:10B1E00002B19047002010BD10B51C46D0F8C8022F
:10B1F00013462246F9F7D3FCBDE81040FFF725BE01
:10B2000010B5D0F8C802F9F7FAFCBDE81040FFF716
:10B210001CBE2DE9F041044601250020D4F8B812E7
:10B22000064684F89C52C4F894026060C4F8A402F4
:10B2300084F8A00231B14A6822B10021204690472B
:10B2400000B103262046002240231146FFF7CCFF21
:10B250004027A4F8645100223B4680212046C4F8D0
:10B260006071FFF7C1FFA58430462762BDE8F08119
:10B2700090F89C12042903D190F89D1280F89C123A
:10B280000020704710B590F89C12032905D1D0F822
:10B29000B81211B1C96901B18847002010BD01740D
:10B2A0000020704710B5D0F8C802FAF7B7F8BDE82B
:10B2B0001040FFF7CABD70B5044600F2AA2005464B
:10B2C00000F051F894F8AA020123B4F8B01210F07B
:10B2D0001F02C4F89432C4F898120AD0012A0ED082
:10B2E000022A12D000F080012046BDE8704000F034
:10B2F00012B829462046BDE8704000F0D1B8294672
:10B300002046BDE8704000F014BA29462046BDE84A
:10B31000704000F05CB910B5D0F8C802F9F789FCAC
:10B32000BDE81040FFF791BD10B5D0F8C802FAF79C
:10B3300090F8BDE81040FFF788BD90F89C120429F2
:10B3400003D090F89C1280F89D12042180F89C1282
:10B350000020704710B5D0F8C802F9F7A4FCBDE88A
:10B360001040FFF772BD70B5054608788C1C287038
:10B37000487868702046FEF73CF8A41C6880204698
:10B38000FEF737F8A880A01CFEF733F8E88070BD00
:10B3900038B504460020ADF80000A1B1C4F8B812D9
:10B3A000D4F8D40204EB8000D0F8B802C16A19B115
:10B3B00068468847C4F8D002D4F8D802401CC4F8C4
:10B3C000D802002038BD032038BDD0F8B83202467C
:10B3D0000020002B02D01B68104618477047000061
:10B3E0002DE9F0412C4E0446887800258846C1B2EC
:10B3F0000129317006D941462046FFF723FC03207E
:10B40000BDE8F08194F89C02022702280CD00328A2
:10B410001DD041462046FFF715FC31782046FFF746
:10B42000F3FB03252846EBE789B320466160FFF76D
:10B43000CCFF050004D041462046FFF703FC1DE089
:10B440002046FFF731FC032084F89C02EAE7C1B1F3
:10B45000606888421BD0C1B22046FFF7D5FB317827
:10B4600020466160FFF7B1FF050010D0414620463D
:10B47000FFF7E8FB21792046FFF7C6FB84F89C72B2
:10B48000D0E7616084F89C722046FFF7BDFB204640
:10B49000FFF70AFCC6E7000034470024FFF744BF6B
:10B4A0002DE9F0410A784FF0000512F060020CD04F
:10B4B000202A01D0402A7DD1D0F8D42200EB82028C
:10B4C000D2F8B8229268904731E04B7800220126EA
:10B4D0000A2B6FD2DFE803F041666E586E08056EE6
:10B4E0002D29FFF7ECFB67E004468888D8B9C888A7
:10B4F000C8B94888802816D294F89C2200F07F07AB
:10B50000032A10D03946204684F89E72FFF7CAFEFF
:10B510002046FFF7C9FB1FB1022084F89C024BE0D4
:10B5200084F89C6248E0204644E0FFF759FF054656
:10B5300042E0CB88012B3DD190F89C32012B04D006
:10B54000022B02D0032B35D104E000F10801826008
:10B55000012216E00122011D13E090F89C22012A2D
:10B5600003D0022A01D0032A24D1CA88022A21D179
:10B57000D0F8A412C66009B10321C160022200F113
:10B580000C01FFF784FB17E04A88012A02D0022A47
:10B5900003D00FE0C0F8A46216E08988090A80F899
:10B5A000A01211E090F89C32012B08D0022B06D09B
:10B5B000032B04D0FFF746FB2846BDE8F0814988FD
:10B5C0000129F9D1C0F8A422FFF76EFBF4E72DE9B9
:10B5D000F0410A780E460979054612F060004FF0F6
:10B5E0000008CCB20BD0202801D040286AD12146D7
:10B5F0002846FFF713FBFF2800D0D8B396E07078F9
:10B60000C8B3012824D003285CD195F89C020228F5
:10B6100002D0032856D10CE0002C53D0802C51D0FE
:10B6200021462846FFF777FE80212846FFF773FE64
:10B630007CE0708840B93CB1802C05D0F08818B906
:10B6400021462846FFF767FE2846FFF72DFB6DE0F1
:10B6500095F89C020228DFD0032863D1708880BB54
:10B66000600603D021462846FFF785FC2846FFF7F1
:10B670001BFBBCE700E00AE0C5F8D402D5F8B8022D
:10B680008268F2B131462846904780464EE095F8F0
:10B690009C020027022802D0032843D113E00CB1FA
:10B6A000802C3FD1200604F07F0000EB800005EBEA
:10B6B000800101D5143101E001F5AA7102220F6069
:10B6C0002CE033E02EE0200604F00F0000EB8000B9
:10B6D00005EB800009D5808C20B304F07F0000EBDF
:10B6E000800005EB800614360AE0B0F86401C8B1AA
:10B6F00004F07F0000EB800005EB800606F5AA76DB
:10B700004CB1802C07D021462846FFF735FD10B1FB
:10B710000120306000E03760022231462846FFF702
:10B72000B6FA03E031462846FFF78CFA4046BDE8FA
:10B73000F08170B5054608780E464FF0000410F011
:10B74000600003D0202801D0402827D195F89C0222
:10B75000012803D0022801D003281FD1B088C1B22C
:10B7600001291AD8C1B22846FFF75AFAFF280CD08F
:10B7700058B9D5F8B8128A683AB1C5F8D402284643
:10B780008A6831469047044600E00324F08820434D
:10B7900007D12846FFF788FA03E031462846FFF72D
:10B7A00051FA204670BD704700487047F47100247C
:10B7B00070B54D7801230A78012D1C4C02F00F055D
:10B7C00003FA05F3D0F81C5817D000EB421245EAF3
:10B7D0000343C0F81C38D2F8000B00040BD40B89CB
:10B7E0000979D2F8000BC3F30A03184344EA8141F4
:10B7F0000843C2F8000B002070BD9EB23543C0F86C
:10B800001C5800EB4213D3F800090004F3D40D894F
:10B810000979D3F80009C5F30A058904284341EAE8
:10B82000825108432043C3F80009E4E70080001078
:10B83000D0F800196FF30A01C0F80019D0F8041805
:10B8400041F48071C0F804180020704770B50446B8
:10B850001D4606990A9E0D9801291DD0E06840F00A
:10B860004000E060204600F035F8A16B5EB321F4A3
:10B870008031A163012D0ED1E16D144A89B2E165D9
:10B88000E16D1143E165A16841F00601A160A16885
:10B8900041F02001A16070BDA26B01280C4922F487
:10B8A0008030A063E06800EA0100E060E06820F416
:10B8B0004010E06003D1E06840F48010E060204672
:10B8C00000F008F8D6E741F48031D2E70000EE033B
:10B8D000BFFFBDFF08B50E4900220092009B5B1C14
:10B8E00000938B420CD80369002BF7DA00920269AF
:10B8F00042F001020261009A521C00928A4201D970
:10B90000032008BD0269D207F5D1002008BD000060
:10B91000400D030070B50A7801234C78012C00EB30
:10B9200042122CD0D2F8004B002C0BDAD2F8004B8C
:10B9300044F00064C2F8004BD2F8004B44F080445D
:10B94000C2F8004B0C78D0F83C5804F00F0403FA0E
:10B9500004F425EA0444C0F83C480978D0F81C48AF
:10B9600001F00F018B401C4924EA0343C0F81C3846
:10B97000D2F8000B0840C2F8000B002070BDD2F8CE
:10B980000049002C0BDAD2F8004944F00064C2F8F8
:10B990000049D2F8004944F08044C2F800490D78CB
:10B9A000D0F83C4805F00F050C4E03FA05F5ADB292
:10B9B000AC43C0F83C48D0F81C48097801F00F01AE
:10B9C0008B4099B28C43C0F81C48D2F80009304033
:10B9D000C2F80009D1E700000078F3EF007833ECFB
:10B9E000D0F8001E21F00301C0F8001ED0F80418A2
:10B9F00021F00201C0F8041800207047D0F8001EA2
:10BA000021F00301C0F8001ED0F8041841F0020133
:10BA1000C0F80418002070472DE9F04F9A460E46F2
:10BA200000210446DDE90B3B109F0D46099A0846AC
:10BA300004EB800CCCF80411401C0F28F8D32046EE
:10BA4000A7B1806B40F4001CC4F838C08846084693
:10BA5000C4F8000E2046D4F80018012BC4F80018D2
:10BA60001AD0D0F8001841F003011AE0D0F8040809
:10BA700040F0020CC4F804C8A06B20F4001CC4F809
:10BA800038C0206840F0400CC4F800C0206840F086
:10BA9000800CC4F800C0D9E7D0F800180AB141F012
:10BAA0000101C0F80018102100F08CFA00B1012546
:10BAB000204600F069FA00B1012540464FF00068C9
:10BAC0004FF67F334FF09049C4F81008C4F81408BB
:10BAD000C4F81C08002114E004EB4112D2F800C99C
:10BAE000BCF1000F06DA11B1C2F8009904E0C4F805
:10BAF000008901E0C2F80009C2F81009C2F808394B
:10BB0000491C8E42E8D8002115E000BF04EB411229
:10BB1000D2F800CBBCF1000F06DA11B1C2F8009BDD
:10BB200004E0C4F8008B01E0C2F8000BC2F8100B6F
:10BB3000C2F8083B491C8E42E8D8D4F81038BAF154
:10BB4000000F6FF0804223F48073C4F81038A061B6
:10BB5000626103D1A06940F01000A061A069BBF14F
:10BB6000000F094A40EA0200A06103D0A06940F03A
:10BB70000800A061012F03D1A06904490843A06116
:10BB80002846BDE8F08F000000383C8004000040EB
:10BB9000816821F0010181600020704710B5144CCC
:10BBA000036CA34203D9D0F8003B002B1EDB00231B
:10BBB000C0F8103B0129D0F8101B41F40021C0F857
:10BBC000101BD0F8101B41F01801C0F8101BD0F862
:10BBD000101B41F0C041C0F8101B07D1C0F8142B56
:10BBE000D0F8001B41F08021C0F8001B002010BDE0
:10BBF0000A30544F0B784A78012A00EB43100BD0DF
:10BC0000D0F8002B22F40012C0F8002B0979032988
:10BC100014D0022912D017E0D0F8002922F4001223
:10BC2000C0F800290979032901D002290CD1D0F8E4
:10BC3000001941F08051C0F8001905E0D0F8001B50
:10BC400041F08051C0F8001B002070470A784B7803
:10BC5000D1B2012B00EB421012D0D0F8002B002AF9
:10BC600006DB29B1D0F8001B21F08041C0F8001B91
:10BC7000D0F8001B41F40011C0F8001B00207047F1
:10BC8000D0F80029002A06DB29B1D0F8001921F0EC
:10BC90008041C0F80019D0F8001941F40011C0F833
:10BCA0000019EBE7F8B50B786FF060464F788A4DD6
:10BCB000DCB2012F00EB43132BD0D3F8107B002C08
:10BCC00007EAC544C3F8104BD3F8104B04EA050447
:10BCD000C3F8104B7ED00D69002D7CD08C682544B4
:10BCE0006D1EB5FBF4F5ADB26C430C6206EAC545BA
:10BCF000D3F8104B2C43C3F8104BD3F8104B0D6AFC
:10BD0000C5F3120554EA0504C3F8104B012A6ED09E
:10BD1000C9E00F6937B3D3F810796FF31207C3F88E
:10BD20001079D3F8107907EA0507C3F810794CB3F6
:10BD30000F698D68D3F810C92F447F1EB7FBF5F546
:10BD400006EAC54545EA0C05C3F810590E69D3F853
:10BD50001059C6F312063543C3F810590D79012D59
:10BD60001CD027E0D3F810692E40C3F81069D3F82F
:10BD7000105945F40025C3F81059D3F810596FF342
:10BD8000120515E00E698D68AE4200D90D61D0F83C
:10BD9000106946F40026C0F81069D7E7D3F81059A7
:10BDA00025F0C045C3F81059D3F8105945F0005597
:10BDB000C3F81059012A1BD000EB4413D3F80049F3
:10BDC00044F00444C3F800490C79012C31D00A69CD
:10BDD00072B301E042E055E00B78D0F8341801224C
:10BDE00003F00F039A401143C0F8341871E056E095
:10BDF000CA691AB100EB4413C3F81429097901295F
:10BE00000ED1D0F80818C90500EB4411D1F800296B
:10BE100002D442F0005201E042F08052C1F8002901
:10BE200000EB4410D0F8001941F00441C0F80019AB
:10BE30004FE0D0F80848E405D3F8004902D444F0B4
:10BE4000005401E044F08054C3F8004900920B8A8A
:10BE50000A78C9689BB200F0E7F93AE00C690CB1C6
:10BE60008C680C618C680C62C4F31205D0F8104B1E
:10BE70002C43C0F8104BD0F8104B44F40024C0F809
:10BE8000104B43E78D68D3F8104BC5F312052C43D4
:10BE9000C3F8104BD3F8104B44F4002434E7CA68BD
:10BEA0000AB1C3F8142B097901290CD1D0F808087C
:10BEB000C005D3F8000B02D440F0005001E040F080
:10BEC0008050C3F8000BD3F8000B40F00440C3F8D7
:10BED000000B0020F8BD0000FFFF07E038B500228E
:10BEE00042F21074002300920A784D78012D00EB85
:10BEF000421219D0D2F8005B002D3CDAD2F8005B78
:10BF000045F00065C2F8005B0A7800EB4212D2F8F7
:10BF1000005B45F08045C2F8005B009A521C00921D
:10BF2000A24221D9012326E0D2F80059002D22DABD
:10BF3000D2F8005945F00065C2F800590A7800EBC4
:10BF40004212D2F8005945F08045C2F80059009AD3
:10BF5000521C0092A242E5D80A7800EB4212D2F8B5
:10BF60000029002AF3DB06E00A7800EB4212D2F83F
:10BF7000002B002AD1DB184638BD816841F0010151
:10BF8000816000207047000008B50D490022009232
:10BF9000009B5B1C00938B420AD80369002BF7DAE5
:10BFA000009210230361009A521C00928A4201D928
:10BFB000032008BD0269D206F5D4002008BD0000A8
:10BFC000400D030018B50E4A00230093009C641C2A
:10BFD000009494420CD80469002CF7DA20240093D2
:10BFE00044EA811101610099491C0091914201D9F3
:10BFF000032018BD01698906F5D4002018BD000092
:10C00000400D0300D0F8080810F0060004D0022804
:10C0100003D0062801D00F207047022070474069E6
:10C0200000F001007047D0F81818D0F81C0808403C
:10C0300080B27047D0F81818D0F81C080840000CDF
:10C04000704710B5D0F8102801F00F0300EB411431
:10C05000D0F83418D4F80809D94001F0010142EAB7
:10C06000C111084010BD00EB4111D1F8081BD0F8F8
:10C0700014080840704741698069084070470346CA
:10C08000084630B5940802F00301002203F58053FE
:10C0900003E01D68521C40F8045BA242F9D300295A
:10C0A0000CD01C680023491EDD00090403F10103C4
:10C0B000090C24FA05F200F8012BF4D130BD70B55B
:10C0C0000446C06801294FF0000520F0C040E06040
:10C0D00001D079B120E0E06840F00050E06001203C
:10C0E000F7F74EFF60696D1C10F0010F10D1322D73
:10C0F000F5D30DE0E06840F08040E0600120F7F704
:10C100003FFF60696D1C10F0010F01D0322DF5D397
:10C11000322D01D0002070BD012070BDD0F8002864
:10C120004FF4FE6303EA011322F4FE62C0F8002814
:10C13000D0F800181943C0F800180020704700001C
:10C14000022A3ED1264A274B0A449A4201D20F21A5
:10C1500038E0254A254B0A449A4201D20E2131E0AB
:10C16000234A244B0A449A4201D20D212AE0224A52
:10C17000224B0A449A4201D20C2123E0204B214A4F
:10C180000B44934201D20B211CE01F4B1F4A0B446E
:10C19000934201D20A2115E01D4B1E4A0B449342E3
:10C1A0000FD31D4B1D4A0B44934201D2082109E0D5
:10C1B0001B4B1C4A1944914201D2072102E006217F
:10C1C00000E00921C2684FF4705322F47052C2603B
:10C1D00003EA8123C1681943C16000207047000051
:10C1E000405327FF00350C00401E1BFF40420F004C
:10C1F00000DC0BFF804F1200808CF9FE20D613006C
:10C2000060B6E5FE60E3160000D3CEFE40771B006B
:10C21000C05BB3FEC091210000CA91FE20753800BA
:10C22000E05459FEE09C410010B5029C74B900EB4B
:10C230000232DB1C00209B0802F5805204E000BFA4
:10C2400051F8044B1460401C9842F9D3002010BDF3
:10C25000FEE74100080218BF04200A0E18BF40F094
:10C2600001004FF07F4232EA010108BF40F00200B6
:10C27000012808BF05207047090700284FEA11610F
:10C2800004DB00F1E02080F80014704700F00F009C
:10C2900000F1E02080F8141D7047000010B54FF049
:10C2A0000E402DED028BB0EE408A18EE104A00EBE6
:10C2B0004400B0F1506F4AD84FF0FC40B0EB440F4F
:10C2C00022D2B0EEC80ADFED360A30EEC00ADFED4A
:10C2D000350A60EE208A18EE900A03F0BEFB01EEEC
:10C2E000100A14F0004F1DBFDFED2F0A9FED2F0A3B
:10C2F000B1EE411ADFED2E0A08BF9FED2E0ADFEDE9
:10C300002E1A21EE218A05E0DFED2C0A68EE088A5C
:10C31000B0EE600A9FED2A1ADFED2A1A30EE080A05
:10C3200048EE811A9FED281A08EEA11ADFED271AB0
:10C3300048EE811A9FED261A08EEA11A68EE281A17
:10C34000BDEC028B01EE810A30EE200A10BD4FF0E9
:10C35000E440B0EB440F0CD918EE100AFFF779FF58
:10C36000042808BF00F09AFFB0EE480ABDEC028B2B
:10C3700010BD4FF07F40B0EB440F07D2B0EE480A3B
:10C38000BDEC028BBDE8104000F072BF0120F4F755
:10C39000DEFABDEC028BBDE8104000F06FBF00007C
:10C3A0000000803F0000003F0000C9BF22AAFDB985
:10C3B0000000C93F22AAFD39000000C000000000B3
:10C3C00024FE1C3DC78AD83C1E67383D1B93993D0F
:10C3D000AFAA2A3E10EE100A10B510EE901A4FF0D8
:10C3E000684202EB40032DED028BB3F1654F3CBF79
:10C3F00002EB4102B2F1654F7CD200BFC0F3C753DC
:10C40000C1F3C7529A1A1B2A09DD10F0004F14BF5E
:10C410009FED6E0A9FED6E0ABDEC028B10BD12F10E
:10C420001A0F1BDA11F0004F09D010F0004F0CBFAB
:10C430009FED680A9FED680ABDEC028B10BD80EE8F
:10C44000208A18EE100AFFF704FF042808BF00F046
:10C4500025FFB0EE480ABDEC028B10BD4200B2EBE6
:10C46000410F37D910F0004F19BFDFED5C1A9FED77
:10C470005C1ADFED5C1A9FED5C1AB0EE602A0A468A
:10C48000F1EE400A80F00041B0EE420A10460A1A6E
:10C490005200B2F1807F34D2484010F0004FDFEDFF
:10C4A000532A9FED533A1DBF9FED522A71EEE21AB7
:10C4B00031EE431A9FED502A04BF71EEA21A31EEFD
:10C4C000031AF0EE402A42EE602A40EE020A82EEA3
:10C4D000A02A18E011F0004F04BF9FED481AF0EEBB
:10C4E000411AD4D010F0004F1CBFDFED451A9FED6C
:10C4F000451A00E026E004BFDFED431A9FED431A22
:10C50000C5E780EE202A22EE020ADFED410ADFEDC8
:10C51000412ABDEC028B40EE202ADFED3F0A40EEBF
:10C52000220ADFED3E2A40EE202ADFED3D0A40EEF2
:10C53000220A22EE000A00EE201A31EE020A30EE44
:10C54000210A10BD4FF07F42B2EB400F28BFB2EB83
:10C55000410F05D2BDEC028BBDE8104000F08BBE50
:10C5600040EA01035B0008BF41F0FF410BD0B2EB92
:10C57000400F08BFB2EB410F08D120F0804000EE21
:10C58000100A21F0804100EE901A37E7B2EB400F1D
:10C5900012BF5FEA410240F0FF4001F000413FF46A
:10C5A0002DAF4A0092EA40033FF528AF002AACBF06
:10C5B0009FED1C1A9FED1C1A20EE010A60EE810A05
:10C5C00010EE100A10EE901A18E70000DB0FC9BF3A
:10C5D000DB0FC93FDB0F4940DB0F49C00000C9BF7B
:10C5E00022AAFDB90000C93F22AAFD390060ED3E34
:10C5F000C30ACE37000000BF0000003F000000006B
:10C60000000049C022AA7DBA0000494022AA7D3A12
:10C610002DAD65BD8FB8D53D0FB511BE61C84C3E7F
:10C62000A8AAAABE0000804F0000802F10EE100ABA
:10C63000C0F3C7517F391729A8BF7047DFED150A2E
:10C640009FED151A002970EE200A0CDAB4EEE01AFC
:10C65000F1EE10FA1AD20028C8BF4FF07E50B8BFD2
:10C660004FF0004012E00D4A22FA01F2104208BFDA
:10C670007047F4EEC10AF1EE10FA07DD002804DD80
:10C680004FF4000323FA01F10844904300EE100A2E
:10C6900070470000CAF2497100000000FFFF7F00F0
:10C6A00010EE101A08B5434A6846B2EB410F26D97E
:10C6B0004FF0E640B0EB410F94BF00204FF0FF3049
:10C6C00000900098DFED3C0A002860DB10F0010FBD
:10C6D00046D060EE000ADFED391A9FED391A10F0EE
:10C6E000020F00EEE11ADFED371A40EE811A21EE5B
:10C6F000A01AF0EE400A40EE010A2ED041E0324B83
:10C7000021F0004293423FD911F0004FDFED2F0A94
:10C7100020EE201ADFED2E0A19BF31EE601A71EEFD
:10C72000200A31EE201A71EE600ABDEEE01A11EE19
:10C73000100A9FED281A00F0030000EEC10A9FEDD9
:10C74000261A009000EEC10A9FED241A00EEC10ADD
:10C750009FED231A00EEC10AB3E7F1EE600A10E084
:10C7600020EE000A9FED1F1ADFED1F1A10F0020FD6
:10C7700040EE011A9FED1D1A00EE211A40EE010A4B
:10C78000EBD1B0EE600A08BD00F090FD99E710EE25
:10C79000100A4000B0F17F4FF3D307D14FF00100F2
:10C7A000F4F7D5F8BDE8084000F068BDBDE80840E2
:10C7B00000F05EBDB61F927E0000803F336D4C39A5
:10C7C000DA82083CA0AA2ABE490E494683F9223FD4
:10C7D0000000004B0000C93F00A0FD390020A2333B
:10C7E0001A61342CB93AB2BACA9F2A3DDDFFFFBEA6
:10C7F00010EE100AC0F3C7517F391729A8BF704740
:10C80000DFED150A9FED151A002970EE200A0DDAEA
:10C81000B4EEE01AF1EE10FA1AD20028A8BF0020F8
:10C8200016DAB0F1004F18BF0D4811E00D4ACA40AA
:10C83000104208BF7047B4EEE01AF1EE10FA07D2CA
:10C84000002804DA4FF4000323FA01F1084490436E
:10C8500000EE100A70470000CAF2497100000000A3
:10C86000000080BFFFFF7F0010B52DED028BB0EE02
:10C87000608AF0EE408A18EE101A18EE900A04F062
:10C88000FDFD00F07040B0F1005F0CD018EE100A12
:10C8900020F00040C0F1FF40C00F02BFB0EE480AD8
:10C8A000BDEC028B10BDB0EE680ABDEC028B10BD72
:10C8B00010B52DED088B9FEDFE1A10EE100A10EE4C
:10C8C000901AB0EE418A0022A0F5000C4FF00073E0
:10C8D000DFEDF89ABCF1FE4F4FF07F4403EB410CC3
:10C8E00080F0A481BCF1804FC0F01882F24901446D
:10C8F0009FEDF23A9FEDF2AAB1F5005F40F2CA82D5
:10C9000000F58021CB0C03F00F0100EE101AC3F3E9
:10C9100007137F3BA0EBC350B8EEC02A01EE900A8C
:10C920001A44DFEDE82AB0EE410A02EE220AF0EEE8
:10C93000403A31EEA30A31EEE32A10EE100A00F578
:10C9400000606FF30B0002EE900A73EEE23A73EEB2
:10C95000A13AC1EE001A22EE210A10EE100A00F5EB
:10C9600000606FF30B0000EE100A00EE622A00EE8A
:10C97000632A62EE212A70EE221A21EEA12ADFED4F
:10C98000D23A02EE233A23EE023A20EE012A22EEB8
:10C99000811A03EE211A32EE010A10EE100A00F598
:10C9A00000606FF30B0000EE100A72EE401A31EED9
:10C9B000812A9FEDC61A60EE011A9FEDC51A20EE7E
:10C9C000011A9FEDC40A02EE001A31EE810A10EE40
:10C9D000100A00F500606FF30B0000EE100ABE486D
:10C9E00071EEC01A31EE812A784400EBC10090ED5F
:10C9F000003AD0ED011A100101EE100AF8EEC12A3A
:10CA000032EE211A31EE001A31EE031A31EE221AFB
:10CA100011EE100A00F500606FF30B0008EE900AAB
:10CA200038EEE21A31EE431A31EE400A30EE610A76
:10CA300072EE40AA10EE900A002100F500606FF33C
:10CA40000B0009EE100A084630EEC9BA4FF000009C
:10CA500028EE890A00F00C01F0EEC00A10EE900AF0
:10CA6000B0F18B4F0FDD10EE900AB4EB400F0AD3FC
:10CA700010EE100A4FF08B42B0EE699A62F31E007E
:10CA800008EE900A13E068EE8B0A39EE0B1A4AEEB4
:10CA9000810A30EE201A11EE100A00F500606FF3E3
:10CAA0000B0008EE900A30EE680A30EE209A0C2057
:10CAB0004FF0000038EE890AB4EEE90AF1EE10FA00
:10CAC00038BF9FED86AA3AEE000ABDEEC00A10EE0E
:10CAD000100A011100EE101AF8EEC00A00EE100A5A
:10CAE000B8EEC00A38EEC00A30EE090ADFED7C1A53
:10CAF0009FED7C1A00EE211ADFED7B1A7B4900F0D6
:10CB00000F0040EE011A21EE800A794401EB80010A
:10CB100091ED001A7649794401EB8001D1ED001ABC
:10CB2000744901EE801A794401EB8000724990ED5E
:10CB3000000A31EE001AB0EEE00A10EE100A884248
:10CB400015DA10EE100AB4EB400F10D39FED6B0A0C
:10CB500030EE800ADFED6A0A20EE200A68EE010A54
:10CB6000BDEC088BBCEEC00A20EE200A10BD10EE12
:10CB7000100A6449884233DA10EE100AB4EB400F11
:10CB80002ED3BDEEE00A68EE010A10EE100A00EBAB
:10CB9000D0725110C90501F17E5100EE101AA0EBC0
:10CBA0006200C00560EE200A00F17E5000EE100A1F
:10CBB00060EE808A18EE900AB4EB400F25D018EE94
:10CBC000900A400011D018EE900AFFF742FB0428AB
:10CBD00008BF00F063FBB0EE680ABDEC088B10BD27
:10CBE000F4EEE90AF1EE10FA0FD20220F3F7AFFEED
:10CBF00000F054FB18EE100A10EE101ABDEC088B72
:10CC000061F31E0000EE100A10BD0220F3F79FFE34
:10CC100000F03CFB18EE100A10EE101ABDEC088B69
:10CC200061F31E0000EE100A10BD00BFBCF1804F82
:10CC300074D300BF00F1FF43B3F1FE4F24D200BF15
:10CC4000B0EEC00A10EE100AC1F3C7537F2B0DDB04
:10CC5000972BBFF64BAEC3F196034FF0010C0CFAC5
:10CC600003F3A3F1010C1CEA010F08D00120F3F734
:10CC70006EFEBDEC088BBDE8104000F0FFBA0B4221
:10CC800018BF9FED218A31E643001CBF4FF080732F
:10CC9000B3EB400F3CD96FF01A02DFED1C1A20EE07
:10CCA000210A10EE100A10F0004FC9D11EE635E03F
:10CCB0000000803F00000000001080C0ABAAAA3E28
:10CCC0000000003F0000803D7EE24C3E00B0384254
:10CCD000D49AB8BB3BAA384264530000000000BF9E
:10CCE000FC596337C9FF753A1872313D0253000091
:10CCF00036530000A65200000000FC420000FE4235
:10CD00000000004B00004043000080BF0000004DC9
:10CD1000A0F50003B3F1FE4F21D2E7E503EB410399
:10CD2000B3F1007F11D3F4EE690AF1EE10FA05D1E8
:10CD3000430018BFB4EB400F76D87BE701F0004109
:10CD400041F0FC5100EE901A74E7B3F1807F06D2F7
:10CD500010EE903AA3F5000300EE903A6AE720F057
:10CD600000426FF0FF4C604C02EB0C03A34210D367
:10CD700021F000439C44A4450BD3B0F17E5F18BF63
:10CD80005FEA410C50D0B2F1FF4F98BFB3F1FF4FB3
:10CD900005D9BDEC088BBDE8104000F06CBAB0F1CD
:10CDA000FF4F0FD0C1F3C7527F2A09DB972A11DA50
:10CDB000C2F19602012303FA02F2531E0B4205D080
:10CDC000002208E011F0004F55D128E00A4218BFB8
:10CDD000012200D1022210F5000F13D028B3B0F1C8
:10CDE000004F26D010F1814F4FD04FF0FE42B2EBF2
:10CDF000400F94BF01200020012202EBE171884224
:10CE000039D10CE011F0004F02D0012A38D032E0C5
:10CE1000012A02BF9FED350ABDEC088B10BD9FEDC6
:10CE2000340ABDEC088B10BD2FE011F0004F0CD17F
:10CE300021E0B1F1FF4F1ED011F5000F05D011F028
:10CE4000004F15D00AB1012A08D00220F3F77FFD68
:10CE5000BDEC088BBDE8104000F0FEB90220F3F7EE
:10CE600076FD00F0F9F9BDEC088BB1EE400A10BD7B
:10CE70000AB1012A04D0B0EE690ABDEC088B10BDDE
:10CE8000BDEC088B9FED1B0A10BDBDEC088BB0EE0E
:10CE9000410A10BD30EE410A9FED171A9FED182A86
:10CEA00000EE413AB0EE4A1A60EE001A00EE431A64
:10CEB00061EEC11A9FED111A20EE011A20EE020A4E
:10CEC0009FED102A01EE820A71EE001A11EE900A0F
:10CED00000F500606FF30B0008EE900A31EE681A5F
:10CEE00071EE00AAA6E50000FFFF3F00000080FFF2
:10CEF0000000807F000000800000803E00B0B8414C
:10CF0000D49A38BB3BAAB84100B510EE101A2DEDEB
:10CF1000028B81B0524A6846B2EB410F2ED94FF0D6
:10CF2000E640B0EB410F94BF00204FF0FF3000907F
:10CF30000098B0EE408A00286ADB10F0010F4BD059
:10CF400068EE080A9FED471A9FED470A00EE810A36
:10CF50009FED461A00EE801A9FED450A10F0020F71
:10CF600000EE810A02BF01B0BDEC028B00BD00BF24
:10CF700001B0B1EE400ABDEC028B00BD3D4B21F08B
:10CF80000042934241D911F0004FDFED3B0A20EE01
:10CF9000201ADFED3A0A19BF31EE601A71EE200A4D
:10CFA00031EE201A71EE600ABDEEE01A11EE100AA1
:10CFB0009FED331A00F0030000EEC10A9FED311A15
:10CFC000009000EEC10A9FED301A00EEC10A9FEDFD
:10CFD0002F1A00EEC10AABE728EE080A9FED2C1AC3
:10CFE000DFED2C0A10F0020F40EE410A9FED2A1AE5
:10CFF00000EE201A61EE000AB0EE480A08EE200AA0
:10D00000B6D101B0BDEC028B00BD00F04FF98FE747
:10D0100018EE100A4000B0F17F4F0DD218EE100A42
:10D02000FFF717F9042808BF00F038F9B0EE480AF6
:10D0300001B0BDEC028B00BD09D10120F3F787FCE4
:10D0400001B0BDEC028B5DF804EB00F017B901B044
:10D05000B0EE480ABDEC028B5DF804EB00F008B9B5
:10D06000B61F927EB93AB2BACA9F2A3DDDFFFFBE13
:10D070000000803F490E494683F9223F0000004BE3
:10D080000000C93F00A0FD390020A2331A61342CF2
:10D09000336D4C39DA82083CA0AA2ABE10B52DEDBA
:10D0A000028BB1EEC08A18EE100A20F00040C0F1E9
:10D0B000FF40C00F0AD010EE100A20F00040C0F16F
:10D0C000FF40C00F04BF0120F3F741FCB0EE480A57
:10D0D000BDEC028B10BD000000B510EE101A2DED56
:10D0E000028B81B04D4A6846B2EB410F3CD94FF0FC
:10D0F000E640B0EB410F94BF00204FF0FF300090AE
:10D100000098B0EE408A00285FDB28EE080ADFEDC9
:10D11000440A9FED441A00EE201ADFED430A40EE68
:10D12000010A9FED421A00EE201ADFED410A10F0CD
:10D13000010F40EE010A9FED3F1A00EE201A61EE4A
:10D14000000AB0EE480A08EE200A02BF01B0BDECAA
:10D15000028B00BD9FED381A01B0C1EE000ABDEC94
:10D16000028BB0EE600A00BD344B21F000429342C6
:10D1700028D911F0004FDFED320A20EE201ADFED42
:10D18000310A19BF31EE601A71EE200A31EE201A11
:10D1900071EE600ABDEEE01A11EE100A9FED2A1A38
:10D1A00000F0030000EEC10A9FED281A009000EE87
:10D1B000C10A9FED271A00EEC10A9FED261A00EE64
:10D1C000C10A9DE700F072F89AE718EE100A4000D5
:10D1D000B0F17F4F0DD218EE100AFFF73AF804288D
:10D1E00008BF00F05BF8B0EE480A01B0BDEC028B5E
:10D1F00000BD09D10120F3F7AAFB01B0BDEC028B01
:10D200005DF804EB00F03AB801B0B0EE480ABDECAE
:10D21000028B5DF804EB00F02BB80000B61F927E85
:10D22000BBE9223C0C6D063B8A76CE3CACB5593D41
:10D2300035A1083E29AAAA3E000080BF490E4946F2
:10D2400083F9223F0000004B0000C93F00A0FD39D8
:10D250000020A2331A61342CDFED030A9FED031A7C
:10D2600080EE810A704700000000803F000000004F
:10D2700030EE000A704730EE200A7047DFED020AF8
:10D2800080EEA00A70470000000000009FED020A37
:10D2900020EE000A70470000000000709FED020AB7
:10D2A00020EE000A70470000000000102DE9F00198
:10D2B0004FF07F42B2EB410F9FBF4FF0FF31016053
:10D2C000BDE8F00170474FF0004242EA0123C1F38C
:10D2D000C752783A551112F01F0C434CCCF120067E
:10D2E0007C44C1F3C752A2F178024FEA621204EB08
:10D2F000820254F8254008BFD2E9015612D0556881
:10D3000004FA0CF425FA06F73C43976805FA0CF585
:10D3100027FA06F8D26807FA0CFCF24045EA08053D
:10D320004CEA0206A4FB034CA5FB0352A6FB0363D5
:10D330001D449D4234BF012600261319334416B103
:10D34000934202D903E0934201D2012200E000227D
:10D35000624402F1200C9206DC0C42EA443200EEF8
:10D36000102A5B03DFED210AF8EEC01A00EE103A36
:10D370004FEA9C1C11F0004FB8EE400AC0F800C004
:10D3800020EE201A00EE105ADFED190AB8EE400A1E
:10D3900020EE200A71EE810A70EE800A10EE902ACB
:10D3A00002F500626FF30B0200EE902A70EEE11AB4
:10D3B00031EEC11ADFED101A30EE411A9FED0D0A61
:10D3C00020EE800A01EE210A9FED0C1A00EE810A80
:10D3D00004BFBDE8F0017047CCF180510160BDE8A9
:10D3E000F001B1EE400A7047AC4B0000000000367F
:10D3F0000000802C22AAFD29DB0FC92F0000C92FB5
:10D40000D0EC021A31EE403A90ED0B5AD0ED053ACD
:10D4100070EEC02AD0ED064A35EE421A73EEE13ABC
:10D4200090ED0A4A34EEC20A22EE811A74EE611AB5
:10D4300023EE232AD0ED100A03EE401A01EEE22A71
:10D4400021EE200A62EE200A7047000010EE100A5A
:10D4500010F1814F04D810EE100AB0F17E5F02DDAA
:10D460009FED090A704710EE100A0849884202D958
:10D470009FED070A704710EE100A06498842F9DD51
:10D480009FED050A70470000000000003333B3BE73
:10D490003333B3BE3333B33E3333B33E70B5044698
:10D4A00000202DED088BF0EE409AB0EE60AAC9FE88
:10D4B000E20A8AFE430AC1FEA00AF0EE41AA2060F9
:10D4C00082FE000A30EEE98A61EE010A70EE4A8AB5
:10D4D00028EE080A08EEA80AB4EEE00AF1EE10FA07
:10D4E0002DD2B5EEC00A4FF00105F1EE10FAB7EEFD
:10D4F000009A27D0FFF7D2FDB0EE40BA28EE080A16
:10D5000008EEA80AFFF7CAFDC9EE000A3AEECB1AE8
:10D51000256084ED011A28EE200A68EEA00A20EEAC
:10D520000B1A60EE8B1A39EE811A7AEE211A84ED0D
:10D53000031AC4ED041A84ED070AC4ED080ABDEC11
:10D54000088B70BD31EEA21A72EE030AB6EE000A25
:10D5500072EEE12A21EE001A60EE800A73EE421AA2
:10D5600022EE804A39EEC12A7AEE602A61EE803AD4
:10D57000B5EEC02AB0EE421AB0EE623AF1EE10FA01
:10D5800001D2B1EE422AF5EEC02AF1EE10FA01D234
:10D59000F1EE622A34EE420A33EEE22ADFED1A1A85
:10D5A000FFEE000AB4EEC20AF1EE10FA0AD2F4EE6F
:10D5B000C11AF1EE10FA39FE201A69EE010A21EEC5
:10D5C000811A0BE0F4EEC31AB0EE420AF1EE10FA43
:10D5D00039FE201A61EE810A29EE011A7AEE801ACC
:10D5E0002560C4ED011A60EE801A21EE000A79EE82
:10D5F000E11A3AEE400AC4ED031A84ED040AC4EDC0
:10D60000070A84ED081A9AE70000000031EEC00A0C
:10D6100072EE600A20EE000A00EEA00A71EE220A05
:10D6200060EEA00AB4EEE00AF1EE10FA01D2012099
:10D6300070470020704700002DE9F74F82460E46E4
:10D6400000F57C402DED028B92B0009000208346C7
:10D65000ECE000BF00EBC00101EB001180F0010322
:10D660000AEBC10006EB860200F57C4903EBC3011F
:10D6700009EB82005A4601EB0311A0F114080AEBF2
:10D68000C100414600F57C40CDE906030024504628
:10D6900000F0BAFF0027B0EE408ABDE007EB87003C
:10D6A0005A4609EB80055046294600F0ADFFB5EE1D
:10D6B000C08AF0EE408AF1EE10FA04DDF5EEC08A81
:10D6C000F1EE10FA09D3B5EEC08AF1EE10FA7CD271
:10D6D000F5EEC08AF1EE10FA7BDD78EE680A0A2CCE
:10D6E00088EE200A7CD295ED001AD8ED000A1422AB
:10D6F0000DA831EE601A08A941EE000ACDED080A26
:10D7000095ED011AD8ED010A31EE601A41EE000ADA
:10D71000CDED090A95ED021AD8ED020A31EE601A34
:10D7200041EE000ACDED0A0A95ED031AD8ED030A81
:10D7300031EE601A41EE000ACDED0B0A95ED041AA8
:10D74000D8ED040A31EE601A41EE000ACDED0C0A64
:10D75000F3F794F814220DA901A8F3F78FF8BBF1A1
:10D76000050F43D2DFE80BF003070D151F000098EB
:10D7700090ED6A0A02E0009890ED6B0A8DED030AC5
:10D780001AE000989DED030AD0ED6C0A20EE600AC5
:10D7900006E000989DED030AD0ED6C0A20EE200A09
:10D7A0008DED010A08E000989DED030AD0ED6D0AA9
:10D7B00020EE600A8DED020A069904EB8400142223
:10D7C00001EB8000641C01A901E002E008E0F3F72E
:10D7D00055F8F5EEC08AF1EE10FA19DB0A2C0DD3DC
:10D7E000002012B0BDEC028BBDE8FE8F00989DEDCD
:10D7F000030AD0ED6D0A20EE200ADBE7069804EB61
:10D800008401142200EB81002946641CF3F736F8EA
:10D810007F1CA846B0EE688AB742FFF43FAF079876
:10D820000BF1010BBBF1060F264602D2002E7FF44E
:10D8300011AF169908603046D3E70000F0B50446F2
:10D8400017467C300D462DED068BF0EE409AB0EE7B
:10D8500060AAF0EE41AA83B00646F4F7F9FAF0EEBA
:10D86000418AB0EE408A3AEEC11AB0EE609A39EEC3
:10D87000C00A7AEE600A28468DEC030A00F078FCB4
:10D880009FB194F8F80080B19FED271ADFED270AC9
:10D8900002F01BFF48B1684600F06AFC10EE100A67
:10D8A000B0F17A5F01DC012100E00021204B002073
:10D8B00005EB800204EB800792ED000AD7ED3A0AEF
:10D8C00030EE600AB0EEC00A10EE102A9A4200DD77
:10D8D0000021401C0328EBD391B1D4F8BC00B0EE7A
:10D8E0006A1A40F00200C4F8BC00F0EE4A0AB0EE3A
:10D8F000690A3046F4F7DCFA03B0BDEC068BF0BDE4
:10D900003046F4F7A9FA0B493046F4F7B7FAB0EE0F
:10D91000681AF0EE490AB0EE480A3046F4F7AAFA5F
:10D920009DEC030AE8E7000092CB873FD3DE703F0F
:10D930000AD7A33C641C01080349044A0968B1FBE7
:10D94000F2F1B0FBF1F07047AC46002440420F000A
:10D9500091ED002AD0ED001A90ED011AD1ED012AC7
:10D9600032EE612A70EEC10A70EE611A32EEC11A0F
:10D9700022EE200A01EE610A70470000B4EE400A70
:10D98000F1EE10FA0BD110EE100A0649884206D2C9
:10D9900010EE100A0449884201DA01207047002085
:10D9A00070470000002474C900247449B4EE400A92
:10D9B000F1EE10FA0BD110EE100AB0F1FF4F06DABB
:10D9C00010EE100A10F5000F01D201207047002060
:10D9D00070470000A0F16102192A01D82038C0B2B6
:10D9E000A0F13002092A07D8174A00EB8000104442
:10D9F000084410F8F00C7047A0F14102192A0AD827
:10DA0000114A00EB8000323210440844A0F58050E7
:10DA100090F8BB0E70472E2806D02D2808D03A2843
:10DA200008D02F280CD007E0022905D160207047CC
:10DA300008207047022901D0002070472420704739
:10DA40000148401F405C70477915010838B5012333
:10DA5000044600216A4600F058F800280ED00CB1A8
:10DA60001E2000E00F209DF80010884207D00CB166
:10DA7000022000E0032003490870002038BD012087
:10DA800038BD0000104600242DE9F8431C46154619
:10DA90000F468046089E00F08FF8002814D03046CC
:10DAA00000F018F801236A463946404600F02DF888
:10DAB000002809D09DF8000025402040A84205D04C
:10DAC0000349052008700020BDE8F8830120FBE72A
:10DAD0001046002410B5044600F0DAFBA4FB000158
:10DAE00040F2E732801841F10001521C0023F2F7A6
:10DAF000E1FCBDE81040401C00F09EBB0088B0F582
:10DB0000004F01D3A0F58030704770B586B016463F
:10DB100000221D4600920192029208B1022400E008
:10DB20000124C4F10A02AA4202D2002006B070BD4C
:10DB300041F080018DF8001029198BB2694603AAC3
:10DB400000F00AF80028F1D003A82A46011930464F
:10DB5000F2F70DFE0120E9E72DE9F84304001D4628
:10DB600016460F4601D0012100E00821DFF83C8075
:10DB700000224046F6F724FB022000900C482B467A
:10DB800032463946F9F7EDFD05460CB1012100E0BA
:10DB9000082140460122F6F713FB2DB10549042068
:10DBA00008700020BDE8F8830120FBE70008025858
:10DBB000CC5B0024104600241CB501F07F01022339
:10DBC0008DF8001069468DF8012001AAFFF7C4FF07
:10DBD0001CBD00002DE9F04115460E4604460846DE
:10DBE0002DED028BB0EE408A00F0C2FA9FED551A7F
:10DBF000DFED550A02F069FD38B1284600F0B8FAA9
:10DC000010EE100AB0F1814F03DD204601F036FB23
:10DC100066E0D4F8F41029B34C4F00204FF07C5C40
:10DC200006EB800204EB800392ED000AD3ED370A85
:10DC300030EE600AB0EEC00A10EE102ABA42E4DC00
:10DC400005EB8002D3ED310A92ED000A30EE600A56
:10DC5000B0EEC00A10EE102A6245D6DC401C032844
:10DC6000DED305E096E80D00DC3484E80D00DC3CF2
:10DC7000002094ED300A491CC4F8F41030EE080A74
:10DC800084ED300A05EB800204EB8001D4ED3D0AFF
:10DC9000D2ED001A91ED310AB8EE601A401C71EE17
:10DCA000C00A0328C0EE811A31EE800A81ED310AE4
:10DCB000D2ED001A91ED341A31EEC00A00EE801A4E
:10DCC00081ED341ADED3D4E92F1041F00201C4F8FB
:10DCD000BC10B0F1804F03DBD4F8F400642804D208
:10DCE0000020BDEC028BBDE8F081194B0021401EE5
:10DCF00000EE100A04EB8102B8EE401AD2ED340AAD
:10DD000080EE810A10EE102A9A4209DD204601F0C9
:10DD1000B5FAD4F8BC0020F00200C4F8BC00DFE77C
:10DD2000491C0329E4D304F1C40090EC030A4838E9
:10DD3000F4F7A0F8D4F8BC0040F00100C4F8BC002F
:10DD40000120CEE7B71E8D3F3D0A673F0AD7A33CAF
:10DD5000EC51B83C10B5D0F8BC10002280F8F82087
:10DD600021F0060141F01001C0F8BC10CA0701D132
:10DD700001F084FA002010BD2DE9F743002016467B
:10DD8000884600F043F81E4F4FF48064002221467D
:10DD90003846F6F715FA1B48322301226946F9F78F
:10DDA000B9FB0546012000F031F801222146384632
:10DDB000F6F706FA00240FE0002000F027F81148DB
:10DDC0003223012208EB0401F9F7A4FB05460120E8
:10DDD00000F01CF8641CA4B255B1012000F016F844
:10DDE00009490220C87000F07BF80020BDE8FE83DE
:10DDF000B442E1D3012000F009F80120F6E7000069
:10DE0000000C0258445B0024044600244FF40041F7
:10DE100002460148F6F7D4B90010025810B531B1E6
:10DE200000F0A8F8BDE81040401C00F005BABDE8BD
:10DE30001040F6F7A5B800002DE9F041244D064644
:10DE4000287810B10120BDE8F0810020A8600120F1
:10DE5000FFF7DCFF01221F489102F6F7B1F91E4FD0
:10DE60004FF40064002221463846F6F7A9F96420F1
:10DE70003146FFF7D3FF012221463846F6F7A0F9D5
:10DE800064203146FFF7CAFF0120FBF783FD6420C1
:10DE90003146FFF7C3FF002211201146FFF76CFF48
:10DEA0000028D0D078203146FFF7B8FF0B4E002471
:10DEB00006EB0410811C42780078FFF75DFF002814
:10DEC000C1D0641C0E2CF3D301202870BAE70000E7
:10DED00004460024000C025800040258521601089F
:10DEE00070B52320F6F70FFA0B20F6F70CFA1E4850
:10DEF000F8F7D2FF1C4C1D4DA06FB8B10168A9B155
:10DF0000F4F7AAFEA06F00680068C0070ED018489A
:10DF1000016841F001010160BFF34F8F03680122E6
:10DF20000A2123F001030360AA70E97020680168E8
:10DF300021F0010101600120FFF768FF00206870F7
:10DF4000A8600B20F6F7D2F92320F6F7CFF968681E
:10DF500010B1032000F060FA0B20F6F7E5F9BDE8F8
:10DF600070402320F6F7E0B9445B00240446002407
:10DF700080440258411C10B514D0044600F088F9C2
:10DF8000A4FB000140F2E732801841F10001521C6D
:10DF90000023F2F78FFA421C71F1000101D36FF0F8
:10DFA000010010BD4FF0FF3010BD00002DE9F0471B
:10DFB000184C0D464FF40C7180460026914605FB27
:10DFC00001F7207848B1606850B100F0D3FA616879
:10DFD000884205D00721304617E00121304614E081
:10DFE000607810B1062130460FE0B9F1000F0AD079
:10DFF0004DB1B7F5803F06D2B8F1F00F03D2C8F1AA
:10E00000F000A84204D208213046E170BDE8F08754
:10E010000120FBE7044600241CB512A2030A0144B8
:10E020001268491E8DF804308DF805000C0A8DF831
:10E0300006402A20009204228DF807106946FFF757
:10E040009BFE68B104222B2001A9FFF795FE38B191
:10E0500000222C201146FFF78FFE08B101201CBDC5
:10E0600000201CBD0014012B70B50C4605462DED9B
:10E07000068BB0EE40AAD1ED008A90ED009AF0EE4A
:10E08000E80AB0EEC90AFEF7EFFBB0EE408AB5EE43
:10E09000C08AF1EE10FA1AD0C9EE089A88EE889A72
:10E0A00029EEA90A09EE090AFEF7F8FFF0EE400A88
:10E0B0008AEE200AB4EEC80AF1EE10FA07D260EE3A
:10E0C000290A20EE090AC5ED000A84ED000ABDEC1C
:10E0D000068B70BD19480168890312D4BFF34F8FB6
:10E0E000BFF36F8F164A00211160BFF34F8FBFF34C
:10E0F0006F8F016841F400310160BFF34F8FBFF3B0
:10E100006F8FF6F771F8FCF7DBF9FAF707F8F9F714
:10E11000B1FFFAF707F9F9F745FFFAF739F9FAF716
:10E12000ABF808A20AA10EA0FBF7F2F900F0B4F8D0
:10E13000F9F7B6FF00F0C2F8FEE7000014ED00E0CA
:10E1400050EF00E04D415A4520303120563200005A
:10E150004C434420504F4C4C494E47204F4B0000FD
:10E1600052544F53205354415254494E47000000DB
:10E1700090ED000A90ED011AD0ED020A20EE000A9F
:10E1800001EE010A00EEA00A704700002DE9F041FF
:10E1900006000D462DED028B9FED268AF0EE488A93
:10E1A0001BD0002406EB840797ED000AFFF7FEFB67
:10E1B000002813D097ED000AB0EEC00AB4EEC80AEA
:10E1C000F1EE10FA01DDB0EE408A641C042CE9D3B4
:10E1D000B5EEC08AF1EE10FA04D10020BDEC028B3E
:10E1E000BDE8F0815FF0000206EB820105EB8200E2
:10E1F000D1ED000A521C042A80EE880A80ED000A44
:10E2000040EE008AF0D3B0EE680AFEF747FFB7EEA3
:10E21000001A0020C1EE000A05EB8001401C91EDC0
:10E22000000A042820EE200A81ED000AF4D3012020
:10E23000D4E700000000000010B5EFF3058111B134
:10E240006FF0050404E04FF0000408B102F0A2F8FA
:10E25000204610BD38B50546EFF3058010B16FF0CC
:10E2600005040CE0002402F009FF291A009000299F
:10E2700003DD684602F0B4F801E06FF003042046C5
:10E2800038BDEFF3058008B102F0FEBE02F0F6BE25
:10E290004FF47A7070470000EFF3058010B16FF013
:10E2A000050070470449086810B14FF0FF3070470F
:10E2B00001220A60002070470447002410B5EFF3E4
:10E2C000058010B16FF0050010BD084801680129F4
:10E2D00002D04FF0FF3010BD054A002182F8141D16
:10E2E0000221016002F004F9002010BD044700245F
:10E2F0000BE000E0F8B56FF003021D466FF0020678
:10E300004FF00004EFF30583A3B1F0B1E9B1E5B933
:10E31000002200926A4602F0C9FC012817D1009839
:10E32000B0B10C494FF080500860BFF34F8FBFF37E
:10E330006F8F0DE048B141B12A4602F019FC012867
:10E3400006D025B16FF0010402E0144600E0344627
:10E350002046F8BD04ED00E0F8B514464FF0000586
:10E36000EFF3058212BB08B301B3A4B1D4E90232C2
:10E3700063B1502A1AD32269C2B100FB01F6676962
:10E38000B74213D3009502F066FA07E072B922692A
:10E3900062B9626952B9002202F03CFA050005D068
:10E3A0000CB1216800E0002101F0BEFF2846F8BD55
:10E3B000F8B56FF003021D466FF002064FF000043F
:10E3C000EFF30583ABB100B3F9B1F5B900220092C8
:10E3D00013466A4602F06CFB012818D10098B8B1C8
:10E3E0000C494FF080500860BFF34F8FBFF36F8F21
:10E3F0000EE050B149B100232A4602F0A9FA0128E3
:10E4000006D025B16FF0010402E0144600E0344666
:10E410002046F8BD04ED00E0F8B50446EFF30580B2
:10E4200010B16FF005041DE0002C02DA6FF0030458
:10E4300018E002F00FFE002206466B46114602F07D
:10E4400017FD01284FF0FF350BD100980023032260
:10E4500020EA040104463046009102F009FD01283B
:10E4600000D02C462046F8BD3EB5040001D000295E
:10E4700003DA6FF0030001902BE04FF0FF300190C2
:10E48000EFF30580D0B10025029502A82B460122AA
:10E490000090204602F05CFD0022204601AB1146B0
:10E4A000009502F055FD029898B10B494FF080504D
:10E4B0000860BFF34F8FBFF36F8F0AE00023204641
:10E4C000012202F0D5FC0022204601AB114602F0E9
:10E4D000CFFC01983EBD000004ED00E02DE9F84FAF
:10E4E000894605464FEA0206EFF3058010B16FF04A
:10E4F00005041EE0002D02DA6FF0030419E05FEA64
:10E50000897002D54FF0000800E0A846924600242A
:10E5100002F0B4FDE71E8346002053466A4641469A
:10E5200002F01EFE012807D016B36FF00104002888
:10E53000F2D12046BDE8F88F00982C405FEAC971FF
:10E5400044EA00040BD035EA0400F2D056B102F0E0
:10E5500095FDA0EB0B00504506D9002006E02542B2
:10E56000E7D1F3E73C46E4E7AAEB00008246D3E7B5
:10E570003C46DCE702F06EBD2DE9FF414FEA0103A6
:10E580004FF00005EFF30581039561BB58B34FF0E1
:10E5900080064FF018014FF000044AB3176807B126
:10E5A0003C4697691FB139467F1E382F02D2177932
:10E5B000FF0703D0002004B0BDE8F081576907B120
:10E5C000BE08D2F808C0BCF1000F0DD0D5685C2D94
:10E5D00018D312693AB137B18DE806103246214698
:10E5E00002F01BFC03900DE0D7685FB912694AB9CD
:10E5F00003AACDE90012B2B2214602F0E1FB0128E4
:10E6000000D003950398D6E7D1ED020A052A00F55C
:10E610007C4021D2DFE802F003080D12190090EDD2
:10E620006A0A30EEC00A704790ED6B0A30EE600A5D
:10E63000704791ED000A90ED6C1A0AE091ED000A26
:10E6400090ED6C1A10EE810A704791ED010A90ED81
:10E650006D1A00EE810A704791ED010A90ED6D1A76
:10E66000F0E700002DE9F04F00F5704506469B46A7
:10E6700090462DED068B85B0B5F8C20DDDE9149AF4
:10E68000B0F5007F0AD3D5F89C0D401CC5F89C0D51
:10E69000002005B0BDEC068BBDE8F08F00EB40021A
:10E6A000C2EB401006EB80043046224600F034F9FD
:10E6B00004F1140241461746304600F02DF904F1EA
:10E6C000280259469046304600F026F9D4ED0B0A50
:10E6D00094ED0A0A39462046FFF73AF9B0EE409A1F
:10E6E000B0EEC00A10EE100A884988427DDBB5EE14
:10E6F000C09AF1EE10FA10D2142239466846F2F7A9
:10E70000BDF8142241463846F2F7B8F8142269469B
:10E710004046F2F7B3F8B1EE499A94ED000A94ED51
:10E72000018A0120F0EE408AF0EE489A00EB800169
:10E7300004EB8101D1ED000AF4EEC00AF1EE10FA0B
:10E7400001D2B0EE600AF4EEE80AF1EE10FA01DD53
:10E75000F0EE608AD1ED010AF4EEC80AF1EE10FA8B
:10E7600001D2B0EE608AF4EEE90AF1EE10FA01DDB2
:10E77000F0EE609A401C0328D8D3B6EE00AA30EE23
:10E780004A0AFDF753FFBDEEC00A10EE108A38EEBC
:10E79000CA0AFEF72DF8BDEEC00A10EE106A38EE78
:10E7A0004A0AFDF743FFBDEEC00A10EE107A39EEBB
:10E7B000CA0AFEF71DF8BDEEC00AB8F1000F10EE50
:10E7C000100A01DA4FF00008002F00DA0027B5F830
:10E7D000BC1DB14200DC4E1EB5F8BE1D814200DCFE
:10E7E000481EB04501DC874201DD012051E7B7EE4C
:10E7F000000AA4F86A80C0EE090AA4F86C60A4F8C4
:10E800006E70A4F870002046C4ED100A94ED0C1A46
:10E81000D4ED070A94ED020AFEF7F2FD84ED140A26
:10E82000C4ED150A99F80000F8B19FED390A84ED9E
:10E83000170A84ED160A84ED190A84ED180A00BF40
:10E84000D9F804005146E06384F872A099F80000FA
:10E8500084F87300B9F8020000F038FEA4F86800EC
:10E8600099F8000002281BD047E094ED0D1AD4ED72
:10E87000080A94ED030A2046FEF7C2FD84ED160A4D
:10E88000C4ED170A94ED0E1AD4ED090A94ED040AAA
:10E890002046FEF7B5FD84ED180AC4ED190ACFE74E
:10E8A00000269FED1C8A0327701CB11CB0FBF7F2F9
:10E8B000B1FBF7F307FB120007FB131100EB80001D
:10E8C00001EB810104EB800004EB810190EC021A62
:10E8D00091EC020A30EE410A70EEE10A20EE000AE5
:10E8E00000EEA00AFEF7DAFB20EE080A04EB860031
:10E8F000761C032E80ED110AD6D3B5F8C20D401C4C
:10E9000080B2A5F8C20DC5F8980D6EE7ACC52737E3
:10E91000000000009A99593F10B591ED021AF7EEE8
:10E92000001A00F57C4381EE810A00F57040F6EE96
:10E93000000A82ED020AD3ED6E1A91ED001AB0F8CA
:10E94000BC4D61EE211A01EE104A61EE801AB8EE5C
:10E95000411A41EE201AC2ED001AB0F8BE0D93ED37
:10E960006E2A01EE100AD1ED011AB8EE411A61EEDD
:10E97000821A61EE200A41EEC00AC2ED010AD1ED11
:10E98000030A60EE800AC2ED030AD1ED040A20EE0C
:10E99000800A82ED040A10BD2DE9F041134C0F46A8
:10E9A0000546E6682068001D01F0A7FB681C07D13A
:10E9B00037B12168BDE8F0410D48091D01F006BCE2
:10E9C00020683544B5424560216805D2A06B091D19
:10E9D000BDE8F04101F0E2BB606B091D01F0DEFB18
:10E9E000A06A854200D2A562BDE8F081B446002449
:10E9F000107E00242DE9F041054601F0F3FB2D4C7B
:10EA00002D4FA068401CA060206810B1606930B331
:10EA10002BE02560A068012827D1002606EB8600A0
:10EA200007EB800001F0ACFB761C382EF6D32348B0
:10EA300001F0A6FB2148143001F0A2FB1F4828304A
:10EA400001F09EFB1D483C3001F09AFB1B48503002
:10EA500001F096FB194860631430A06305E0E86A92
:10EA60002168C96A814200D82560606A401C6062E2
:10EA70006864E86A2169884200D9206100EB80005F
:10EA8000291D07EB800001F0A1FB01F0CBFB6069C1
:10EA900000280CD02068E96AC06A884207D2084979
:10EAA0004FF080500860BFF34F8FBFF36F8FBDE80A
:10EAB000F0810000B446002460790024C07D002469
:10EAC00004ED00E038B501F08DFB104C2068C8B9AA
:10EAD0000F4801F055FB0E48143001F051FB0C4972
:10EAE0000020E16014312161A1F582730090A1F151
:10EAF000B40210210A2001F0AEFE206010B105A181
:10EB000001F012FCBDE8384001F08CBBF046002457
:10EB1000147F0024546D72510000000030B4026C68
:10EB20000B46002A0BD0D0E902411144C160A1423A
:10EB300001D30168C160184630BCF1F718BE30BC83
:10EB400070472DE9F041856B1746026C044600269C
:10EB500082B1C7B1E068F1F70AFEE168206C226873
:10EB6000091AE160914202D2A168081AE060022FFE
:10EB700016D017E02068A8B9A06802F037FB064657
:10EB80000020A0600EE06068F1F7F1FDD4E901011A
:10EB9000226C10446060884204D32068606001E009
:10EBA00005B16D1E6D1CA5633046BDE8F08110B542
:10EBB000044690F8590058B101280CD002280FD013
:10EBC000502080F31188BFF34F8FBFF36F8FFEE7A4
:10EBD000206B01F03BFB2046BDE8104001F036BB46
:10EBE00010BD000011484FF4004110B5420706D097
:10EBF0000E49C01D20F00700411AC1F500410C4C20
:10EC0000002301440839A4F1180221F00701C4E9E6
:10EC100000030C1A11604B600B60C0E90014946093
:10EC20004FF000415460516110BD0000F485002494
:10EC300020470024144E4FF08058144CDFF85090B9
:10EC4000A6F29C4712E000BF01F0CCFAF068C5685C
:10EC5000281D01F052FAA068401EA0606068401EA6
:10EC6000606001F0DFFA2846FFF7A1FF6068002826
:10EC7000EAD138680128F9D9C9F80080BFF34F8F6D
:10EC8000BFF36F8FF2E70000FC7D0024B446002440
:10EC900004ED00E070B51D46049C51B1C4F800209D
:10ECA000C4E90F010121204601F008FE84F84C5010
:10ECB00070BD2460F4E72DE9F05F88469A46910024
:10ECC0001546DDE90B940A9EA5228346206BF1F7D9
:10ECD00007FE206B6FF0030101EB8501084420F073
:10ECE0000707780707D0502080F31188BFF34F8FB4
:10ECF000BFF36F8FFEE7B8F1000F4FF000050ED0A5
:10ED00000020221818F8001082F8341018F80010AB
:10ED100011B1401C1028F4D384F8435001E084F86A
:10ED20003450382E00D33726E662201DC4E913651F
:10ED300001F031FA04F1180001F02DFA6565C6F111
:10ED40003800A06184F8585052462461594638462C
:10ED5000646200F07BFAB9F1000F206001D0C9F8BD
:10ED60000040BDE8F09F000030B5114900E01146B9
:10ED70000A688242FBD34B685C18844203D1446822
:10ED8000084623444B6043681D18954209D1084C3E
:10ED9000183C2468A24209D052681A4442600A68AA
:10EDA00012680260814200D0086030BD0460F9E75B
:10EDB0002047002470B50D4D914241604FF0000492
:10EDC000006106D88169D21A8A4206D2011D2869DB
:10EDD00007E09A4203D2994201D3012403E0011DC6
:10EDE000E86801F0DBF9204670BD0000F046002421
:10EDF00010B5044601F0F6F9A06B28B15FF00004ED
:10EE000001F010FA204610BD0124F9E730B53C4D61
:10EE100089B06BE00498002806DA059ADDE906015E
:10EE200090470498002861DB069C606910B1201DA2
:10EE300001F063F903A800F0D5F8024604980A2807
:10EE400054D2DFE800F00505052D304705052D30CB
:10EE500094F8280040F0010084F82800A069059982
:10EE60000B4601442046FFF7A5FF50B3216A204618
:10EE7000884794F82800400738D50020009005986E
:10EE80000023A16942181946204602F0B7FAC0B91A
:10EE9000502080F31188BFF34F8FBFF36F8FFEE7D1
:10EEA00094F828001EE094F8280040F0010084F84F
:10EEB00028000598A06128B1811813462046FFF765
:10EEC00079FF13E0502080F31188BFF34F8FBFF319
:10EED0006F8FFEE794F82800810703D4204601F0E5
:10EEE000B5F903E020F0010084F82800286800222A
:10EEF00004A901F03DFE00288CD109B030BD00000E
:10EF0000F04600242DE9FC410F46054601F034FB94
:10EF100001A800F067F80446019818B102F0DCF986
:10EF2000BDE8FC81254EAFB130690068D0B3002741
:10EF30003068291B3A4601F00BFA02F0CDF900289F
:10EF4000EED11F494FF080500860BFF34F8FBFF3E1
:10EF50006F8FE5E7A542EBD802F0BEF9F0682746CF
:10EF6000C068C468201D01F0C8F894F82800410763
:10EF700019D5A0692B463A4641192046FFF71AFFDA
:10EF8000A8B100202A46034601460090204602F020
:10EF900035FA60B9502080F31188BFF34F8FBFF36B
:10EFA0006F8FFEE707E020F0010084F82800216A57
:10EFB00020468847B4E70127BAE70000F04600245E
:10EFC00004ED00E00648416B096829B1416BC9684E
:10EFD000C9684968816270474FF0FF31FAE7000065
:10EFE000B446002470B5054602F048F8064E0446C3
:10EFF000B068844203D200F009F8012000E000204C
:10F0000028602046B46070BDF0460024F8B5194D64
:10F0100020E0C068C4680668201D01F06EF8216A0F
:10F020002046884794F82800400713D5A06930444B
:10F03000B04206D92461211D6060E86801F0AEF895
:10F0400008E000203246034601460090204602F0C8
:10F05000D5F938B1E86801680029DAD12969C5E92C
:10F060000310F8BD502080F31188BFF34F8FBFF31A
:10F070006F8FFEE7F0460024002101E0401C491C90
:10F080000278A52AFAD0C1F38F007047084840687B
:10F09000401C4FF0500080F3118804D0BFF34F8F15
:10F0A000BFF36F8FFEE7BFF34F8FBFF36F8FFEE7A6
:10F0B00028470024074CE068016841B1C06800217E
:10F0C000D0F80000FFF71EFFFFF7A0FEF3E70121D5
:10F0D0000020F7E7F04600242DE9F041044601F056
:10F0E00081F894F9455004F1240609E0606A48B1BA
:10F0F000304602F0B9F808B101F0C0F96D1E6DB2EA
:10F10000002DF3DC4FF0FF3684F8456001F08AF8FB
:10F1100001F068F894F9445004F1100709E02069FF
:10F1200048B1384602F0A0F808B101F0A7F96D1E09
:10F130006DB2002DF3DC84F84460BDE8F04101F0CD
:10F1400071B8000010B5044601F04CF804483822AC
:10F150002146F1F793FBBDE8104001F063B80000D1
:10F16000405A00242DE9F0410027044601F004FA3A
:10F17000354E306808B9FFF735FD7069044216D185
:10F18000ACB1083460070ED004F00700C0F10800ED
:10F190000444600707D0502080F31188BFF34F8FDD
:10F1A000BFF36F8FFEE714B17068844202D902F09A
:10F1B00093F839E02448183001460D6801E02846EC
:10F1C0000D466968A14202D229680029F7D1316849
:10F1D0008D42ECD007682968016008376868011B18
:10F1E00010290ED92819420707D0502080F3118822
:10F1F000BFF34F8FBFF36F8FFEE741606C60FFF787
:10F20000B3FD69687068401A7060B268904200D2BD
:10F21000B060002072691143C5E90001F068401C2C
:10F22000F06002F059F80FB900F09AFF780707D0A4
:10F23000502080F31188BFF34F8FBFF36F8FFEE72D
:10F240003846BDE8F08100000847002470B5041F6F
:10F25000094E231F4FF0807521F0010125601C1F0E
:10F260001960A0F120010B1F266044380A606FF07E
:10F2700002051D6070BD00008DF000089FED090AB9
:10F28000002180ED300AC0F8F41000F18002C0F8CF
:10F29000C410C0F8C810C0F8CC1011655165916554
:10F2A00070470000000000002DE9F041DFF8B88051
:10F2B000002604462DED028B8AB09FED2A8A002796
:10F2C0004FEA070594EC020A08EB0510B0EE481A65
:10F2D000D0EC041A6846FEF7E1F80098A8B39FED59
:10F2E000230A9DED013A94ED002ADDED072A33EE65
:10F2F000003A94ED011AD4ED021AD4ED030A02EE9D
:10F30000C32A012784ED002ADDED012A9DED082A9C
:10F3100032EE800A02EE401A84ED011A9DED071AC2
:10F320009DED082A21EE810A00EE820AB5EEC00AA0
:10F33000F1EE10FA09DD41EE401AC4ED021A9DED1E
:10F34000081A41EE400AC4ED030A6D1C062DB9D31C
:10F35000002F02D0761C042EB1D30AB0BDEC028B74
:10F36000BDE8F081EC51383E34170108ACC52737B1
:10F37000B5EEC00A4FF07E52F1EE10FA9FED1F1A63
:10F38000F7EE001A10B502D2B0EE410A05E010EE19
:10F39000101A914201DDB0EE610AF5EEC00AF1EEFD
:10F3A00010FA02D2F0EE410A05E010EE901A9142F6
:10F3B00001DDF0EE610A8388C48801EE103AF8EEB0
:10F3C000411A01EE104A21EE800AB8EE411ABCEE55
:10F3D000C00A61EE200A10EE102ABCEEE00A934249
:10F3E00010EE101A00D85A1E8C4200D8611E006818
:10F3F00001FB032130F8110010BD000000000000E7
:10F400002DE9FF4F85B092468B46DDE91306F1F7F3
:10F410008FF906EB46010190ABF110004900B0FBFB
:10F42000F1F00024009049E00099884204D9E01CE2
:10F43000884201D32E2001E01398005D00254FF093
:10F440000109039003982946FEF7C4FA5FF0000112
:10F4500009FA01F2024229D0002325E0129A1A4447
:10F4600001FB062252451ED3089F574497421AD9E2
:10F4700004EB4407A2EB0A020292002205EB470EBE
:10F480000FE000BF02F1080CDDF814800EFB06C788
:10F49000DDF808C0521C0CFB0B77DDF854C028F8CF
:10F4A00017C0B242EED35B1CB342D7D3491C072925
:10F4B000CED36D1C052DC5D30098641C844202D2A6
:10F4C00001988442B0D309B0BDE8F08F10B5C40AEA
:10F4D00000F01F03C0F345124C434A434B43FF2047
:10F4E000B4FBF0F1B2FBF0F2B3FBF0F0C90241EA79
:10F4F0004211014388B210BD70B504000D462DEDD8
:10F50000028B73D004F570460020142186F8C40DD8
:10F51000A6F8C02DA6F8C20D4FF690502044F1F782
:10F52000E7F9002D62D0B6F8BC0D00285ED0B6F821
:10F53000BE0D00285AD095ED000AFEF71FFA0028EC
:10F5400054D095ED010AFEF719FA00284ED095ED3A
:10F55000020AFEF713FA002848D026492868884294
:10F5600044DB2549884241DC95ED010A234910EE30
:10F57000100A88423ADBD5ED020AF4EEC00AF1EE39
:10F5800010FA33D94FF6805228682244243210EE04
:10F59000101A10EE903AB6EE008A82E80B0095ED54
:10F5A000000A20EE080AFDF797FD04F57C4484ED7F
:10F5B0006D0AB6F8BC1DB6F8BE0D01EE101A00EECD
:10F5C000900A0120B8EE411AF8EE601AF8EE600ACF
:10F5D00020EE012A61EE881A82EE201AC1EE800A1E
:10F5E00084ED6C1AC4ED6E0A86F8C40DBDEC028B76
:10F5F00070BD0000CDCCCC3D000040406F12833A7E
:10F6000070B5060014460D4612D04FF6C851F1F7FA
:10F610006FF9681E4FF48051884209D2002C07D040
:10F620008C4205D806F57046A6F8BC5DA6F8BE4D1E
:10F6300070BD00002DE9FF4F8A462DED0C8B83B085
:10F640000F9888B100F5704696F8C40D60B1129815
:10F6500050B11C9840B13AB1B6F8BE1D514503D91E
:10F660000AEB0200884206D9002003B0BDEC0C8BE7
:10F6700004B0BDE8F08F009000209FED8E0A0AE0F4
:10F680001C99B6F8C03D01EB8004129921F81030A6
:10F69000401C84ED000AB6F8BC1D51438142EFD8EE
:10F6A0000020FEE000EB40010F98C1EB491100EB98
:10F6B0008104B4F8700050457DD3B4F86E500099C1
:10F6C0008D4278D25545514600D80D46009994EDAB
:10F6D000060AD4ED0B0A94ED011A00F1010B30EE8D
:10F6E00060DA70EEC1CA31EE40CA8B4500D98B4654
:10F6F000D2E000BFB4F86A00A5EB0A0201EE105A8E
:10F7000000EE100AB6F8BC1DB8EE411AB8EE400A79
:10F71000F6EE000A02FB010831EE20BA70EE20BAC4
:10F7200004F1140004F128010746F0EE4B0AB0EE94
:10F730006B0A0191FEF70CF9F0EE408A0198214620
:10F74000F0EE4B0AB0EE6B0AFEF702F9B0EE409A0B
:10F75000F0EE4B0AB0EE6B0A39462046FEF7F8F899
:10F76000F0EE409A94ED000A94ED014A94ED028A7D
:10F770003BEEC01AD4ED143AD4ED03AA94ED163A38
:10F7800094ED04AA94ED182A3BEE440A01EE238A74
:10F7900041EE03AA01EE02AAD4ED152AD4ED171A00
:10F7A000D4ED190A00EE228A40EE21AA00EE20AA2A
:10F7B000B4F86A706BE072E0F5EEC08AF1EE10FA10
:10F7C00050DBB5EEC09AF1EE10FA4BDBF5EEC09AC5
:10F7D000F1EE10FA46DB1C9800EB8800019090EDEA
:10F7E000000AB4EEC80AF1EE10FA3BD294F8731096
:10F7F000B4F8680011B1022912D028E0F7EE000A2F
:10F80000E06B80EE880A2AEE801A6AEE000AB0EEFB
:10F81000410AFFF7ADFD94F87210FFF757FE16E0AE
:10F8200094ED110AB4EEE80AF1EE10FA0FD294ED5D
:10F83000120AB4EEC90AF1EE10FA08D294ED130AD6
:10F84000B4EEE90AF1EE10FA01D2B6F8C00D019952
:10F8500081ED008A129921F81800D6F8A00D401CFD
:10F86000C6F8A00D94ED141AD4ED160A94ED180AFA
:10F8700078EE8D8A39EE2C9A79EE8C9A31EE088AE0
:10F8800070EEAAAA30EE0AAA7F1C08F10108B4F8AB
:10F890006C00B84290D26D1C5D45FFF42BAF09F1AE
:10F8A0000100B6F8C21D814649453FF6FBAE012076
:10F8B000DBE60000000000002DE9F04714009A4646
:10F8C0000F4681462DED068B7DD094ED030AFEF7A1
:10F8D00055F8002877D094ED040AFEF74FF8002879
:10F8E00071D094ED050AFEF749F800286BD094ED2D
:10F8F000060A534622463946484600F08BFE002849
:10F9000061D094ED030AFDF7FFFAF0EE40AA94ED02
:10F91000030AFCF7C5FEB0EE40AA94ED040AFDF719
:10F92000F3FAF0EE409A94ED040AFCF7B9FEB0EE5B
:10F93000409A94ED050AFDF7E7FAF0EE408A94ED5F
:10F94000050AFCF7ADFE0026B0EE408A74E000BF69
:10F9500006EB86013A6802EB810509EB810095ED23
:10F96000000A00F56848FEF709F860B395ED010A52
:10F97000FEF704F838B395ED020AFDF7FFFF10B368
:10F9800095ED030AFDF7FAFFE8B195ED040AFDF7DE
:10F99000F5FFC0B1D5ED011A94ED060A95ED021AF6
:10F9A000D5ED000A61EE802A21EE002A60EE801A71
:10F9B00094ED023A22EEAA1A22EE8A0A61EE890A30
:10F9C00002EE0A1A00E043E041EE290A21EE091A8C
:10F9D00002EE6A0A01EEE91A60EE881A60EEA80AE1
:10F9E00040EE681A31EE031A40EE080A88ED021A5A
:10F9F00094ED000A31EE800A88ED000A94ED010AC8
:10FA000030EE800A88ED010A95ED030A88ED030ABD
:10FA100095ED040A88ED040A98ED000AFDF7AEFFA3
:10FA2000B0B198ED010AFDF7A9FF88B198ED020A7F
:10FA3000FDF7A4FF60B1761C3889B04288D8BDECD0
:10FA4000068B524639464846BDE8F04700F0EAB911
:10FA5000BDEC068B0020BDE8F08710B500EE100A63
:10FA60002DED028BB1EEC08A18EE100A20F0004096
:10FA7000C0F1FF40C00F0AD010EE100A20F0004085
:10FA8000C0F1FF40C00F04BF0120F0F760FF18EE87
:10FA9000100ABDEC028B10BD10B59FED300ADFEDF2
:10FAA000310A044604F10C012DED028BD0ED042A3D
:10FAB0009FED2B8A90ED021A62EE802A90ED052AC6
:10FAC000D0ED031A02EE881A22EE000A40EE081A60
:10FAD00081EE200A81EEA01A80ED020A9FED220A33
:10FAE00080ED031A081FFEF7BFFAD4ED000AD4ED2B
:10FAF000021A94ED010A94ED031A41EE880A204699
:10FB000001EE080AC4ED000A84ED010AFFF7CCFB00
:10FB1000A06910F10B0F01D80A3001E04FF0FF305F
:10FB2000A0619FED123ADFED121A9FED122AB0EE9E
:10FB3000431ADFED112A94EC020AFDF767FD002855
:10FB400008D0012184F8201084ED023A84ED033AB4
:10FB50000020E061BDEC028B10BD0000C3F51C412C
:10FB60000BD7233C5C8F823F9A991940000000001C
:10FB70009A9929406666E63F7A142E3E70B514467F
:10FB80000D461C2206462DED048B8EB0214607A89B
:10FB9000F0F774FE274A04AB9FED278A07CA83E873
:10FBA000070094ED030AFCF77BFDB0EE401A94EDDC
:10FBB000030AF0EE419AFDF7A7F9B0EE401A94ED72
:10FBC000040AF0EE418AFCF76BFDB0EE401A94EDAA
:10FBD000040AB0EE419AFDF797F995EC021A04ABCE
:10FBE00030469FED162A134907AADFED152A21EEAC
:10FBF000091A61EEA80A61EEA91AE83948EE290A45
:10FC000048EE681A00EE801A60EE890A8DED071A38
:10FC1000CDED081A95ED001A41EE400A30EE820A49
:10FC20008DED090ACDED0D2AFFF746FE0EB0BDECB5
:10FC3000048B70BDF8180108138340BECDCCCC40B6
:10FC4000EC51383EF0B51C461546A0220E462DED6F
:10FC5000068BAFB00746B0EE628AF0EE428A3449B6
:10FC60006846B0EE619AF0EE419AB0EE60AAF0EE0E
:10FC700040AAF0F703FECDED00AA8DED01AACDED6F
:10FC8000028ACDED059A8DED06AACDED078ACDED60
:10FC90000A9A8DED0B9ACDED0C8ACDED0FAA8DED64
:10FCA000109ACDED118ACDED14AA8DED15AA8DED2A
:10FCB000168ACDED199A8DED1AAA8DED1B8A1C4876
:10FCC00028ABCDED1E9A8DED1F9A60308DED208A08
:10FCD000CDED23AA8DED249A8DED258AD0E9111260
:10FCE00000F14C00CDF8ACD0002CCDE92C1207C8A7
:10FCF00083E807000BD000BF4FF000008DF8A00094
:10FD0000ADF8A25006D00A48A0F1200004E04FF060
:10FD10000100F3E74FF00000324628AB29902BA9F1
:10FD20003846FFF7C9FD2FB0BDEC068BF0BD0000D3
:10FD3000281801082DE9F0478246374891464FF0D0
:10FD4000000844462DED088BF8B055AE6F466EADF9
:10FD5000F0EE408A026E6430CDF8C4D1B0EE608A15
:10FD6000F0EE619ACDE972620DC89FED2CAA85E88C
:10FD70000D00ADF8BA11CDED008A8DED018ACDED03
:10FD8000029A9FED27BA8DED04AAB0EE419A8DED4F
:10FD900003AA00BF00EE104AB8EE400A60EE0BAABC
:10FDA000B0EE6A0AFCF77CFCF0EE680A04EB840013
:10FDB00040EE090A07EB8005B0EE6A0AC5ED050AB8
:10FDC000FDF7A2F8F0EE400AB0EE480A04EB440159
:10FDD00000EE890A601C06EB410200F00F0C641C67
:10FDE00085ED060AC5ED079A85ED09AA85ED08AAF5
:10FDF00026F811800CF1010CA2F802C0102C9080A2
:10FE0000C8D36EAB4A4671A95046FFF755FD78B08E
:10FE1000BDEC088BBDE8F0878818010800000000E1
:10FE2000DB0FC93E2DE9F74F00F5704A044601206B
:10FE30002DED048B86B0002603900DE10B9906EBA7
:10FE40004600022202EB40020423496803EB400310
:10FE500031F81050885AC95A05EB850200EB800032
:10FE600001EB810104EB820504EB810707F568478C
:10FE700004EB800005F5684500F56849D5ED012AD9
:10FE8000D5ED021AD9ED010A97ED021A99ED022A71
:10FE900070EEE20A31EE611AD7EC023A32EE612AD4
:10FEA00095ED000A20EE819A99ED003A73EEC01AA2
:10FEB00074EE622A33EE400A62EE218A02EE629A02
:10FEC00020EE228A40EE418A00EEE18A29EE090AFC
:10FED00008EEA80A08EE080AFDF7E0F8D5ED000ADA
:10FEE000D5ED011A95ED021A60EE890A0020029004
:10FEF00010EE100A5E4A4FF0030B48EEA10ADAF842
:10FF0000901D90424FF0000801F10101CAF8901DC8
:10FF100048EE010A7EDB0C98007A20B1F5EEC00AAB
:10FF2000F1EE10FA76DAF5EEC00AF1EE10FA05DD20
:10FF3000B1EE499AF1EE688AB1EE488A9FED4D1A0A
:10FF4000DFED4D1ADFED4D0A29EE011A08EEA11A78
:10FF500008EE201AC1EE000AF5EEC00AF1EE10FA22
:10FF600002D2DFED470A06E010EE900AB0F17E5FA4
:10FF700001DDF7EE000A9FED431A9FED430A1422BC
:10FF8000294600EE810ABCEEC00A10EE100AC0B28B
:10FF9000049004F57C40F0F771FC49464FF6144993
:10FFA000142204EB0900F0F769FC4FF628403946AB
:10FFB00014222044F0F762FC002700253A4605EBA6
:10FFC000850004EB8001204601F57C41FEF71CFB17
:10FFD000B5EEC00AF1EE10FA02D24FF0010802E0CD
:10FFE0006D1C032DEAD37F1C062F03D2B8F1000F3E
:10FFF000E3D002E0B8F1000F0DD0DAF8940D02AAB8
:020000040801F1
:100000005946401CCAF8940D2046FDF715FB012502
:1000100083461DE01FE0012504990C9805EB85023D
:10002000CDE90001029800EBC00101EB001004EBE8
:10003000C001204601EB820202EB090301F57C417D
:1000400002F57C42FEF70EFB08B9002003906D1C00
:10005000681C5845E0D3761C0B984089B0423FF6A7
:10006000EDAE039806B0BDEC048BBDE8FE8F00003A
:10007000BD3786355F1DA6BE0F2CF93EB7A44FBF16
:100080000000000000004743000060422DE9FF5FD0
:100090009B4617468A460E9EDDE90F9526E0002412
:1000A00028782146FDF796FC33191AD4534518DAFF
:1000B00000214FF0010E00BF09EB0102D21B0DD44D
:1000C0005A450BDA0EFA01FC1CEA000F06D002FBBF
:1000D0000A38DDF800C0119A2CF81820491C0729AD
:1000E000EAD3641C052CDBD36D1CB61D28780028D0
:1000F00001D05645D3DBBDE8FF9FD0E9013201694D
:100100009A60D0E901235A604A68824201D182682C
:100110004A60002202610868401E08600868704753
:1001200008B902480068006BFEF7A6BFB446002479
:1001300010B5044C8023046004F15C000860136077
:1001400010BD00003C7F002410B5044C4FF48073B8
:10015000046004F15C000860136010BD9881002405
:1001600002490220C863F1F72AB90000EC430120DC
:1001700002490320C863F1F722B90000EC430120D3
:100180004FF0FF3300F108010022C0E901130260C3
:10019000C1600161704700210161704730B50B6893
:1001A0005A1C02D000F1080202E0026904E0224673
:1001B000546825689D42FAD953684B6099608A60FB
:1001C000516008610168491C016030BD42684A60A5
:1001D00093688B6093685960916008610168491C5D
:1001E00001607047502080F31188BFF34F8FBFF339
:1001F0006F8F0A494868401C486001280CD10848A4
:10020000006810F0FF0F07D0502080F31188BFF373
:100210004F8FBFF36F8FFEE7704700002847002421
:1002200004ED00E00849486828B1401E486001D14B
:1002300080F311887047502080F31188BFF34F8FEF
:10024000BFF36F8FFEE700002847002470B5002839
:100250002AD0164DA0F1080461686869014207D1EF
:10026000502080F31188BFF34F8FBFF36F8FFEE7ED
:1002700022683AB1502080F31188BFF34F8FBFF34B
:100280006F8FFEE78143616000F076F9606869680E
:10029000084468602046FEF767FD2869401C286115
:1002A000BDE8704001F018B870BD00000847002498
:1002B0004FF0E020002101614FF47A728161072341
:1002C00003490968B1FBF2F1491E416103617047BE
:1002D000AC46002410B5F0F7C9F8114910280ED328
:1002E00000F1E0200A7890F8F003904207D2502005
:1002F00080F31188BFF34F8FBFF36F8FFEE709487C
:100300008968006800F4E060884207D9502080F3D3
:100310001188BFF34F8FBFF36F8FFEE710BD000052
:10032000284700240CED00E0084B5FF0000210B5F8
:1003300053F832401CB1521C082AF9D310BD03EB0C
:10034000C20443F83210606010BD00002079002420
:1003500070B515460E460446FFF744FF94F9441065
:100360000020491C01D184F8440094F94510491C2F
:1003700001D184F84500FFF755FFA06B28B904F1BF
:1003800024002A46314600F097F82046BDE8704028
:10039000FEF7A2BE020010B514D00F48006B38B1B2
:1003A000502080F31188BFF34F8FBFF36F8FFEE7AC
:1003B00000F0E2F800211046FEF7EEFA00F08CFFA4
:1003C000002807D105494FF080500860BFF34F8FD8
:1003D000BFF36F8F10BD0000B446002404ED00E0B1
:1003E00070B504000D460BD095B11E4A106BB8B124
:1003F000502080F31188BFF34F8FBFF36F8FFEE75C
:10040000502080F31188BFF34F8FBFF36F8FFEE74B
:10041000502080F31188BFF34F8FBFF36F8FFEE73B
:1004200000F0AAF82368D2685919934204D98B4284
:100430000AD9914202D807E08B42FAD9881A216082
:100440000021FEF7A9FA00E0216000F045FF002836
:1004500007D105494FF080500860BFF34F8FBFF3BD
:100460006F8F70BDB446002404ED00E002490A6AB3
:100470000260C96841607047B44600240149012008
:10048000C8617047B446002410B50C4650B1094904
:1004900009681831FFF782FE2046BDE810400121AF
:1004A000FEF77ABA502080F31188BFF34F8FBFF365
:1004B0006F8FFEE7B446002470B514460D4668B150
:1004C0000A4909681831FFF781FE0CB14FF0FF357A
:1004D00021462846BDE87040FEF75EBA502080F302
:1004E0001188BFF34F8FBFF36F8FFEE7B446002430
:1004F00030B587B0002405AA04A9039403A8049486
:10050000FFF716FEDDE9030100940023CDE9011099
:10051000174815A1059A00F080FC164D0028E862E6
:100520001FD000F03BFF012809D0401C19D15020FA
:1005300080F31188BFF34F8FBFF36F8FFEE750201A
:1005400080F31188BFF34F8FBFF36F8F01214FF0FE
:10055000FF30A8626961EC6007B0BDE8304000F090
:10056000C9B807B030BD000049444C450000000048
:1005700035EC0008B44600240248016B491C0163B5
:1005800070470000B446002410B5204C206B10B119
:100590000120E06110BD0020E06120684FF0A5312E
:1005A000006B02688A4208D142688A4205D182689B
:1005B0008A4202D1C068884204D021682068343160
:1005C000FFF7D6FD1249206901E0B8B1401E00EBEB
:1005D000800251F82220002AF7D000EB800201EBC4
:1005E000820101F108034A6852684A609A4201D1C7
:1005F00052684A60D1682160206110BD502080F3AC
:100600001188BFF34F8FBFF36F8FFEE7B44600240E
:100610006079002470B51E4615460C462DED028B00
:10062000B0EE408AF0B300F5704090F8C40DC8B346
:10063000C4B3BDB3B6B32068A0B3606890B32089DB
:1006400080B3B0F5807F37D8B0EE480AFDF796F951
:1006500040B3B5EEC08AF1EE10FA2DD995ED000A3F
:10066000FDF78CF9F0B195ED010AFDF787F9C8B1F6
:1006700095ED020AFDF782F9A0B1307802281BD867
:1006800068B9706870B1016861B1818851B1C08882
:1006900040B14FF4806291420ED890420CD86189EB
:1006A000002000E008E001EB41010AE062682389D4
:1006B00032F810209A4203D30020BDEC028B70BDAB
:1006C000401C8142F2D80120F7E7B4EEE00AF1EED7
:1006D00010FA06DBB4EEC10AF1EE10FA01D80120DF
:1006E00070470020704700000148406870470000D4
:1006F0000847002437481CB5374902688A4207D1A9
:10070000502080F31188BFF34F8FBFF36F8FFEE748
:1007100031490068491E884207D1502080F3118872
:10072000BFF34F8FBFF36F8FFEE72C49FF200A788E
:100730000192087008788DF800009DF800209DF85F
:10074000000002F0F002824207D0502080F31188AE
:10075000BFF34F8FBFF36F8FFEE79DF80020072098
:100760001F4C02F050022270A06005E09DF80020AE
:1007700052008DF80020401E9DF800201206F5D48E
:100780000328A06007D0502080F31188BFF34F8F5B
:10079000BFF36F8FFEE74FF44070A06001980870C0
:1007A0000C482030016841F470010160016841F09B
:1007B00070410160FFF77CFD00206060EFF71EFED6
:1007C0000848016841F040410160EFF703FE002056
:1007D0001CBD000000ED00E071C20F4100E400E02C
:1007E0002847002434EF00E0502010B580F3118832
:1007F000BFF34F8FBFF36F8F00F04EFC18B1044969
:100800004FF080500860002080F3118810BD000078
:1008100004ED00E0F8B5050017460E4613D005FBC1
:1008200006F05030FEF79EFC04000AD0002084F849
:10083000460004F150023B46314628460094FEF73C
:1008400029FA2046F8BD502080F31188BFF34F8F5E
:10085000BFF36F8FFEE7F8B5069D18B153B1CAB16B
:1008600081B120E0502080F31188BFF34F8FBFF398
:100870006F8FFEE7502080F31188BFF34F8FBFF3D7
:100880006F8FFEE7502080F31188BFF34F8FBFF3C7
:100890006F8FFEE739B1502080F31188BFF34F8F7F
:1008A000BFF36F8FFEE750241C46012683F8466095
:1008B00000932B46FEF7EEF92046F8BD2DE9F047F0
:1008C00004008A4629D0FFF78DFC21680025D4E971
:1008D0000F23D4F840C004F1100810460E46401E05
:1008E0004FF0FF3902FB031200FB0C10BAF1000FAE
:1008F000A563666084F8449084F84590C4E90220BA
:1009000013D04046FFF73CFC04F12400FFF738FC0D
:10091000FFF788FC0120BDE8F087502080F31188A4
:10092000BFF34F8FBFF36F8FFEE720690028EFD032
:10093000404600F099FC0028EAD004494FF080506E
:100940000860BFF34F8FBFF36F8FE1E704ED00E066
:100950002DE9FF4704001D4682B08A464FF000088B
:1009600003D0BAF1000F08D011E0502080F31188B5
:10097000BFF34F8FBFF36F8FFEE7206C38B150206D
:1009800080F31188BFF34F8FBFF36F8FFEE7022D07
:100990000AD1E06B012807D0502080F31188BFF303
:1009A0004F8FBFF36F8FFEE700F05AFB3F4F4FF0C2
:1009B00080564FF0000948B9049838B1502080F3B0
:1009C0001188BFF34F8FBFF36F8FFEE7FFF70AFC6D
:1009D000A06BE16B884207D3022D05D00498D0B1FB
:1009E000B8F1000F1AD01EE02A4651462046FEF705
:1009F000A8F8616A19B104F1240000F035FC20B1B7
:100A00003E60BFF34F8FBFF36F8FFFF70BFC0120EA
:100A100006B0BDE8F087FFF705FC22E06846FFF767
:100A200025FD4FF00108FFF7FDFBFFF7A5FDFFF7E0
:100A3000D9FB94F94400401C01D184F8449094F906
:100A40004500401C01D184F84590FFF7EBFB04A959
:100A5000684600F079F930B12046FEF73DFB00F022
:100A60003BFC0020D4E7FFF7BDFBA06BE16B8842A5
:100A700013D1FFF7D7FB049904F11000FFF704FD31
:100A80002046FEF729FB00F027FC00289ED13E609F
:100A9000BFF34F8FBFF36F8F98E7FFF7C3FB20467D
:100AA000FEF71AFB00F018FC90E7000004ED00E0F0
:100AB0002DE9F04704001F469046894603D0B9F15E
:100AC000000F08D011E0502080F31188BFF34F8F42
:100AD000BFF36F8FFEE7206C38B1502080F3118890
:100AE000BFF34F8FBFF36F8FFEE7022F0AD1E06B8A
:100AF000012807D0502080F31188BFF34F8FBFF338
:100B00006F8FFEE7FFF7E6FB5020EFF3118680F3CF
:100B10001188BFF34F8FBFF36F8FA06BE16B8842DB
:100B200006D3022F04D0002086F31188BDE8F08799
:100B300094F94550A06B3A4649462046FEF701F825
:100B4000681C04D06D1C84F845500120ECE7606AF5
:100B50000028FAD004F1240000F086FB0028F4D02D
:100B6000B8F1000FF1D00121C8F80010EDE7000046
:100B70002DE9F74704008A4683B04FF0000603D002
:100B8000BAF1000F08D011E0502080F31188BFF3B4
:100B90004F8FBFF36F8FFEE7206C38B1502080F38A
:100BA0001188BFF34F8FBFF36F8FFEE700F058FA45
:100BB000DFF8F4804FF080574FF0000948B90598EE
:100BC00038B1502080F31188BFF34F8FBFF36F8F80
:100BD000FEE7FFF707FBA56BC5B151462046FDF7C1
:100BE0009DFF6D1EA563206950B104F1100000F057
:100BF0003BFB28B1C8F80070BFF34F8FBFF36F8F76
:100C0000FFF710FB012006B0BDE8F087059808B19A
:100C10001EB106E0FFF706FB27E06846FFF726FC5B
:100C20000126FFF7FFFAFFF7A7FCFFF7DBFA94F9BD
:100C30004400401C01D184F8449094F94500401CC4
:100C400001D184F84590FFF7EDFA05A9684600F058
:100C50007BF8002820460AD0FEF73EFA00F03CFB65
:100C60002046FEF7C5F80028B3D00020CBE7FEF7FA
:100C7000BFF890B1059904F12400FFF705FC204668
:100C8000FEF72AFA00F028FB0028A2D1C8F800706D
:100C9000BFF34F8FBFF36F8F9BE72046FEF71CFA21
:100CA00000F01AFB95E7000004ED00E02DE9F047A5
:100CB00004009046894603D0B9F1000F08D011E036
:100CC000502080F31188BFF34F8FBFF36F8FFEE783
:100CD000206C38B1502080F31188BFF34F8FBFF3E1
:100CE0006F8FFEE7FFF7F6FA5020EFF3118680F3DF
:100CF0001188BFF34F8FBFF36F8FA76BFFB194F9CC
:100D0000445049462046FDF709FF681CA7F101073A
:100D1000A76304D06D1C84F84450012010E02069C2
:100D20000028FAD004F1100000F09EFA0028F4D058
:100D3000B8F1000FF1D00121C8F80010EDE7002054
:100D400086F31188BDE8F0872DE9F04105000C46D7
:100D500012D0CCB1FFF746FA184E2068F268471C53
:100D60006B68A2EB030117D02F68366AB74215D023
:100D7000934213D801251CE0502080F31188BFF363
:100D80004F8FBFF36F8FFEE7502080F31188BFF3C2
:100D90004F8FBFF36F8FFEE700250AE0884205D929
:100DA000401A20602846FFF761FBF5E7002020602D
:100DB0000125FFF737FA2846BDE8F081B446002444
:100DC0002DE9FF5F994616468A4683469000DDE985
:100DD0000E87FEF7C7F905001CD05C20FEF7C2F9AC
:100DE000040014D00020256384F859004B46CDE957
:100DF0000087CDE90240324651465846FDF75BFF79
:100E00002046FDF7F7FD012004B0BDE8F09F28461D
:100E1000FFF71CFA4FF0FF30F6E7F0B585B0DDE9DB
:100E20000B740A9DA7B1DCB15C262763022684F807
:100E30005960002703970DF1100C0095CDE901C40E
:100E4000FDF739FF2046FDF7D5FD049805B0F0BD4C
:100E5000502080F31188BFF34F8FBFF36F8FFEE7F1
:100E6000502080F31188BFF34F8FBFF36F8FFEE7E1
:100E70002DE9F0411F4690460D464FF0010690B116
:100E80000446FFF7AFF90FB1606D3860022294F8A5
:100E9000580084F85820B8F1050F19D2DFE808F09F
:100EA000230B0E141200502080F31188BFF34F8FD4
:100EB000BFF36F8FFEE7616D294301E0616D491C4F
:100EC000616510E0022801D065650CE0002634E081
:100ED000616D491C07D0502080F31188BFF34F8FFC
:100EE000BFF36F8FFEE7012827D1201DFFF705F91B
:100EF000144DE06A2969884200D9286100EB80001E
:100F0000114901EB8000211DFFF760F9A06A38B19B
:100F1000502080F31188BFF34F8FBFF36F8FFEE730
:100F20002868E16AC06A814207D908494FF08050B9
:100F30000860BFF34F8FBFF36F8FFFF773F9304631
:100F4000BDE8F081B44600246079002404ED00E09F
:100F50002DE9F04704001F4692460D46DDF820902B
:100F60004FF001081AD0FFF7B5F95020EFF31186C2
:100F700080F31188BFF34F8FBFF36F8F0FB1606D98
:100F80003860022294F8580084F85820BAF1050F0E
:100F90001AD2DFE80AF0240B0E141200502080F35E
:100FA0001188BFF34F8FBFF36F8FFEE7616D294349
:100FB00001E0616D491C616511E0022801D06565A1
:100FC0000DE04FF000083AE0616D491C07D0502059
:100FD00080F31188BFF34F8FBFF36F8FFEE70128B7
:100FE0002DD1A06A38B1502080F31188BFF34F8F04
:100FF000BFF36F8FFEE7144D286B18B1134804F14F
:1010000018010DE0201DFFF778F8E06A2969884291
:1010100000D9286100EB80000D4901EB8000211D03
:10102000FFF7D4F8E06A2968C96A884207D9B9F19C
:10103000000F4FF0010001D0C9F80000E86186F30D
:1010400011884046BDE8F087B4460024E87D0024BE
:10105000607900240148006870470000B44600240D
:101060000548416919B1006B18B100207047012093
:101070007047022070470000B44600240148C06851
:1010800070470000B446002410B5FFF723F901486B
:10109000C06810BDB44600242DE9F0412E4C206BF1
:1010A000002728B1A069401CA0613846BDE8F08146
:1010B000E668761CE66013D1606B006838B150209A
:1010C00080F31188BFF34F8FBFF36F8FFEE7606B24
:1010D000A16B6163A063206A401C2062FDF772FF70
:1010E000DFF87880A06A864209D3606B0068A0B1FF
:1010F000606BC068C5686868864211D2A0622068CB
:10110000C06A00EB800158F82100012800D90127AE
:10111000E0690028C9D00127C7E74FF0FF30EDE7AD
:10112000281DFEF7EAFFA86A18B105F11800FEF7BE
:10113000E4FFE86A2169884200D9206100EB800160
:1011400008EB8100291DFFF741F82068E96AC06AB1
:101150008142CAD30127C8E7B4460024607900243D
:101160002DE9F0411E46154688460746FFF73AF836
:101170001C4C206890F85800022814D02068416D5B
:10118000B94341652168012081F858005EB1012111
:101190003046FDF701FC14494FF080500860BFF362
:1011A0004F8FBFF36F8FFFF73DF8FFF71BF815B1B7
:1011B0002068406D2860206890F85800022801D00F
:1011C000002505E02068416D21EA080141650125FF
:1011D0002168002081F85800FFF724F82846BDE870
:1011E000F0810000B446002404ED00E070B5044630
:1011F0004FF0000190B31A4D2868844207D0502068
:1012000080F31188BFF34F8FBFF36F8FFEE7206D20
:1012100038B1E36C401EE26A20659A421ED040B1AC
:101220001CE0502080F31188BFF34F8FBFF36F8F06
:10123000FEE7201DFEF761FFE06CC0F13801A161FF
:10124000E0622969884200D9286100EB80000549E5
:1012500001EB8000211DFEF7B9FF0121084670BD9A
:10126000B44600246079002470B5C068C46854B1E5
:1012700004F118000646FEF740FF144D286B50B1EC
:101280001348314615E0502080F31188BFF34F8F8B
:10129000BFF36F8FFEE7201DFEF72FFFE06A29697D
:1012A000884200D9286100EB80000A4901EB8000E8
:1012B000211DFEF78BFFE06A2968C96A884203D9BD
:1012C0000121E961084670BD002070BDB4460024CC
:1012D000E87D0024607900242DE9F0472C4D286B2F
:1012E0000024274638B1FEF77DFF286B401E286397
:1012F000286B40B147E0502080F31188BFF34F8F37
:10130000BFF36F8FFEE7234E0120A968D9B3A6F57E
:10131000916980463068E0B1F068C46804F1180053
:10132000FEF7EBFE201DFEF7E8FEE06A2969884221
:1013300000D9286100EB800109EB8100211DFEF737
:1013400045FFE06A2968C96A8842E3D3C5F81C8072
:10135000E0E70CB1FDF736FEAC694CB14FEA080688
:10136000FFF79AFE00B1EE61641EF9D10020A8617A
:10137000E86940B1084901274FF080500860BFF389
:101380004F8FBFF36F8FFEF74DFF3846BDE8F087F4
:10139000B4460024E87D002404ED00E010B586B0DA
:1013A000FDF790FB114C2068B8B10020039005AA0E
:1013B000049004A903A8FEF7C7FEDDE9032102207B
:1013C00000238DE807000C4809A1059AFFF725FDC9
:1013D000606010B106B0012010BD502080F311886C
:1013E000BFF34F8FBFF36F8FFEE70000F04600247E
:1013F000546D722053766300B5F000082DE9FF416B
:101400001E46134602004FF000000A9D16D0144CF1
:101410002768002F0FD006290292CDE9001317DAB2
:10142000FFF71EFE02284FF000030FD000222068B5
:101430006946FFF78DFA04B0BDE8F081502080F3D3
:101440001188BFF34F8FBFF36F8FFEE72A46EEE799
:101450000023324669463846FFF72AFBEBE70000D7
:10146000F046002400EE100A00EE901AB4EE600A76
:10147000F1EE10FA78BF704700F00DB810B5FFF725
:10148000F1FFEFF3008020F0104038BF40F0004043
:1014900080F3008810BDBDE8104010B500F017F8CB
:1014A0000000000900F007B84FF0404010F1004F75
:1014B000EFF300807047401058BFC0F14040491022
:1014C00058BFC1F140418142EFF3008070470EF1F7
:1014D000020E2EF0030E5EF8044B244204D44FEAB1
:1014E0004102B2F17F4F11D84FEA4003B3F17F4F71
:1014F0000CD80ED14FEAD07CB2F17F4F0CEB4C0CE4
:101500000CF1020C08BF4CEBD17C04E04FF0080C4E
:1015100001E04FEAD17C0CEB4C0324FA03F404F015
:101520000704B4F1040C06D20EEB840CBDE81040A5
:101530004CF0010C6047DFE80CF0070802024FF0A6
:101540000040A0F5800010BD0846420018BFD2F14F
:10155000807288BF00F0004010BD4FF04070E1EE97
:10156000100A70470000803F0000000000000000EB
:101570000000000060180601003E5149453E00424F
:101580007F400042615149462141454B31181412B8
:101590007F1027454545393C4A49493001710905C5
:1015A000033649494936064949291E7E1111117EE3
:1015B0007F494949363E414141227F4141221C7FBA
:1015C000494949417F090909013E4149497A7F0852
:1015D00008087F00417F41002040413F017F0814FF
:1015E00022417F404040407F020C027F7F04081070
:1015F0007F3E4141413E7F090909063E4151215E3E
:101600007F09192946464949493101017F01013FB6
:101610004040403F1F2040201F3F4038403F631460
:10162000081463070870080761514945430000002A
:101630001020010800200108642001083C20010856
:1016400028200108502001083200C832F465BC98F7
:10165000E8CB360170000000000000000000000030
:1016600000003A010500000000000000000000003A
:101670000000B2050C0C0033330000000000000035
:101680000000B7013500000000000000000000006D
:101690000000BB013200000000000000000000005C
:1016A0000000C20101000000000000000000000076
:1016B0000000C30115000000000000000000000051
:1016C0000000C40120000000000000000000000035
:1016D0000000C6010F000000000000000000000034
:1016E0000000D002A4A100000000000000000000E3
:1016F0000000E00ED0080E09090531334817141513
:101700003134E10ED0080E0909153133481714158C
:101710003134210000000000000000000000000043
:101720000000290000000000000000000000000090
:10173000000000009A9959C0666626C0CDCC4CC006
:1017400066662640CDCC4C40666626C09A995940C4
:10175000666626409A9959C0666626C09A9959408D
:101760009A9919C09A9959C09A9919409A995940C9
:10177000666626409A9999BF9A9919C0000080BF61
:101780000000803F0000803F000080BF9A99993F91
:101790009A9919409A9929406666E63F3333B33ED9
:1017A0000000020001000000030002000400050028
:1017B000060004000600070000000100050000000C
:1017C00005000400030007000600030006000200F5
:1017D00000000400070000000700030001000200F1
:1017E0000600010006000500FBDEBAD6FBDEBAD615
:1017F000BAD6FBDEBAD6FBDEFBDEBAD6FBDEBAD645
:10180000BAD6FBDEBAD6FBDEE817010804000400F6
:1018100020190108281B01081A003000920A863F8F
:101820003333B33E0000A041000000000000000080
:1018300000000000000000000000803F00000000E9
:1018400000000000000000000000803F0000803F1A
:101850000000000000000000000000000000803FC9
:101860000000000000000000000000000000000078
:101870000000000000000000000000000000000068
:1018800000000000000000000000803F0000000099
:1018900000000000000000000000803F0000803FCA
:1018A0000000000000000000000000000000803F79
:1018B0000000000000000000000000000000000028
:1018C000000000000000000000000000A017010858
:1018D00008000C00000000000000000001000000F3
:1018E00000000000000000001100100001000000D6
:1018F0000000000000000000010020FA00000000CD
:10190000010000000000000000000000CDCCCC4031
:101910000000000000000000000000000000803F08
:101920000000000000000000000080BF0000000078
:1019300000000000F704353F00000000F70435BF49
:1019400000000000000000000000003F0000003F19
:10195000F70435BF00000000000000000000000098
:10196000F704353FF70435BF000000000000000019
:10197000000000BF0000003FF70435BF000000007A
:1019800000000000F70435BF00000000F70435BF79
:101990000000000000000000000000BF000000BFC9
:1019A000F70435BF00000000000000000000000048
:1019B000F70435BFF70435BF000000000000000049
:1019C0000000003F000000BFF70435BF000000002A
:1019D000000000000000803F000000000000000048
:1019E0000000000000000000F704353FF704353F19
:1019F00000000000000000000000000000000000E7
:101A00000000803F00000000000000000000000017
:101A1000F70435BFF704353F000000000000000068
:101A200000000000000080BF000000000000000077
:101A30000000000000000000F70435BFF70435BFC8
:101A40000000000000000000000000000000000096
:101A5000000080BF00000000000000000000000047
:101A6000F704353FF70435BF000000000000000018
:101A700000000000F704353F00000000F704353F88
:101A800000000000000000000000003F0000003FD8
:101A9000F704353F000000000000000000000000D7
:101AA000F704353FF704353F000000000000000058
:101AB000000000BF0000003FF704353F00000000B9
:101AC00000000000F70435BF00000000F704353FB8
:101AD0000000000000000000000000BF000000BF88
:101AE000F704353F00000000000000000000000087
:101AF000F70435BFF704353F000000000000000088
:101B00000000003F000000BFF704353F0000000068
:101B10000000000000000000000000000000803F06
:101B200000000000000000000000020001000000B2
:101B30000300020000000400030000000500040090
:101B40000000060005000000070006000000080075
:101B50000700000001000800010002000900020067
:101B60000A000900020003000A0003000B000A003B
:101B7000030004000B0004000C000B00040005002F
:101B80000C0005000D000C00050006000D0006000D
:101B90000E000D00060007000E0007000F000E00EB
:101BA000070008000F00080010000F0008000100E7
:101BB000100001000900100009000A0011000A00CD
:101BC000120011000A000B0012000B00130012009B
:101BD0000B000C0013000C00140013000C000D008F
:101BE00014000D00150014000D000E0015000E006D
:101BF000160015000E000F0016000F00170016004B
:101C00000F00100017001000180017001000090046
:101C10001800090011001800190011001200190025
:101C2000120013001900130014001900140015000D
:101C300019001500160019001600170019001700EA
:101C400018001900180011000000C8420000000030
:101C50000000003F0000FA440000204100000000A6
:101C60000000A0400000C8420000003F00004040CB
:101C70000000C842000000000000003F000000001B
:101C80000000000000000000000000000000803F95
:101C90000000000000000000000000000000C8423A
:101CA0000000404000004040782001080000000093
:101CB0000000000000000000000000000020000004
:101CC000210000000000000000000000902001083A
:101CD0000000000000000000000000000000000004
:101CE00000080000100000000000000000000000DC
:101CF0008420010800000000000000000000000037
:101D0000000000000020000018000000000000009B
:101D1000000000009C2001080000000000000000FE
:101D2000000000000000000000080000200000008B
:101D3000000000000000000000061016000610164B
:101D40000000000001020304010203040607080961
:101D500000000000000000000000B33FB2BE7D3A6A
:101D600000002E40DFCF513800007E40BF51FABA4C
:101D700000E0A44019DAC3BA00E0C840C2ED8AB955
:101D80000040EB40CD1F2CBA001006412AFFFABAE2
:101D900000C01541DFCFD13700D024419A97703A67
:101DA0000050334189478E3600404141E75B9D3802
:101DB00000B04E41C00A98B900A05B41558F943ADB
:101DC00000306841DA92C0BA0040744162B3C63A4A
:101DD0000000803F00A0853F00908B3F00C0913FF6
:101DE0000030983F00F09E3F00F0A53F0050AD3F0F
:101DF0000000B53F0000BD3F0060C53F0020CE3F62
:101E00000040D73F00C0E03F00C0EA3F0020F53F60
:101E1000000000007D36AC397D3C3839EBDCF4380D
:101E2000320A7E39124C26399B6AED39A4EE833989
:101E30007F661E39F6398A392B426539A4821139F9
:101E40005B991F39C3EECD39DDE7C637A5A22F391F
:101E50000000803FC3AA853FC2958B3FD3C3913F0B
:101E6000F037983F32F59E3FD7FEA53F3F58AD3F34
:101E7000F304B53FA408BD3F2A67C53F8C24CE3F7D
:101E8000FD44D73FDFCCE03FC7C0EA3F7D25F53FAB
:101E9000000000006E83F9A22915444ED15727FC9B
:101EA000C0DD34F5999562DB4190433CAB6351FE54
:101EB000736F66743364206672616D65733D256C63
:101EC000752066707331303D256C75206672616DCA
:101ED000655F75733D256C752072656E6465725F14
:101EE00075733D256C75207472693D256C75206C89
:101EF00063645F6572723D256C75206164633D2586
:101F00006C75206164635F6572723D256C75206736
:101F1000656F6D5F6572723D256C752073746167C6
:101F2000653D256C752067656F6D5F75733D256C2C
:101F30007520776169745F75733D256C75207478C1
:101F40005F62797465733D256C7520696D753D25FB
:101F50006C7520696D755F666C6167733D256C7586
:101F600020696D755F6572723D256C7520696D75B0
:101F70005F72656A6563743D256C75206865617084
:101F80003D256C752072656E6465725F7374616364
:101F90006B3D256C75206D6F74696F6E5F73746136
:101FA000636B3D256C7520646973706C61793D25A8
:101FB0006C7520646973706C61795F6572723D2520
:101FC0006C752072656E6465725F6572723D256C1A
:101FD000752067616D653D256C752067616D655F76
:101FE0006D733D256C7520626573745F6D733D255F
:101FF0006C752077696E733D256C750D0A000000C5
:1020000043454E54455220524553554D450000001E
:1020100043454E544552205354415254202F205092
:10202000415553450000000054494C5420424F4153
:10203000524420544F204D4F5645000055502053D8
:1020400054494C4C20544F205A45524F0000000038
:10205000484F4C4420444F574E20535441545553FD
:1020600000000000484F4C442043454E5445522048
:1020700052455354415254004D6F74696F6E546110
:10208000736B000052656E6465725461736B00007F
:1020900064656661756C745461736B00496E70752C
:1020A000745461736B000000D820010800460024BE
:1020B000C401000008030008D82001080000002027
:1020C0004C44010064030008A8210108C44700240F
:1020D00094D200006403000801241385AE1B08B5E8
:1020E000041AC1041AE9041315AF1B0865081A91F4
:1020F000044117040309041201140202021640836A
:1021000004405726020102030114050F0C1C0107AD
:1021100010172103191A031AC22B394913BD0E1BBC
:1021200008B9041A75041AE904130D0F2A081C8251
:10213000103C90D0030401771AAA01811481018216
:10214000130A0629DB2A40A41C090243F71125C003
:102150003209041B01020B1305241610010524018A
:102160001009010424020205240617010705820351
:1021700008151009040133020A2E07050102400761
:102180002A8107111349A91408B5A71408EBAA421C
:10219000081345A81B0801101A7704C11AC9181A98
:0821A00089041A09301A7D08B8
:04000005080002CD20
:00000001FF
