:020000040800F2
:10000000581A012475040008A5850008537E0008CD
:1000100085840008710E00088DC3000800000000F0
:10002000000000000000000000000000B503000810
:10003000BD1300080000000011040008E1A500083D
:100040008F0400088F0400088F0400088F04000844
:100050008F0400088F0400088F0400088F04000834
:100060008F0400088F0400088F040008790F00082F
:100070008F0400088F0400088F0400088F04000814
:100080008F0400088F0400088F0400088F04000804
:100090008F0400088F0400088F0400088F040008F4
:1000A0008F0400088F0400088F0400088F040008E4
:1000B0008F0400088F0400088F0400088F040008D4
:1000C0008F0400088F0400088F040008F9910008CD
:1000D0008F0400088F0400088F0400088F040008B4
:1000E0008F0400088F040008000000008F0400083F
:1000F0008F0400088F0400088F0400088F04000894
:100100008F0400088F0400088F0400088F04000883
:100110008F0400088F0400088F0400088F04000873
:100120008F0400088F0400088F0400088F04000863
:100130008F0400088F0400088F0400088F04000853
:1001400000000000000000000000000000000000AF
:100150008F0400088F0400088F0400088F04000833
:100160008F0400088F0400088F0400088F04000823
:100170008F040008CD8600088F04000800000000EE
:100180008F0400088F0400088F0400088F04000803
:100190008F0400088F0400088F0400088F040008F3
:1001A0008F0400088F0400088F040008000000007E
:1001B0008F0400088F0400088F0400088F040008D3
:1001C0008F0400088F0400080000000000000000F9
:1001D00000000000000000008F0400080000000084
:1001E000000000000000000000000000000000000F
:1001F00000000000000000008F0400088F040008C9
:100200008F0400088F040008000000008F0400081D
:100210008F0400088F0400088F0400088F04000872
:100220008F040008000000008F0400080000000098
:100230008F0400088F040008000000008F040008ED
:100240008F0400088F0400088F0400088F04000842
:100250008F0400088F0400088F0400088F04000832
:100260008F0400088F0400088F0400088F04000822
:100270008F0400088F0400088F04000800000000AD
:100280008F0400088F0400088F0400088F04000802
:10029000000000008F0400088F0400080000000028
:1002A000000000008F0400088F0400088F0400087D
:1002B0008F0400088F0400088F0400088F040008D2
:1002C0008F04000859A700088F04000800F002F806
:1002D00000F061F80AA090E8000C82448344AAF17F
:1002E0000107DA4501D100F056F8AFF2090EBAE87D
:1002F0000F0013F0010F18BFFB1A43F0010318475A
:1003000018250100482501000A444FF0000C10F8A0
:10031000013B13F0070408BF10F8014B1D1108BF83
:1003200010F8015B641E05D010F8016B641E01F823
:10033000016BF9D113F0080F1EBF10F8014BAD1C73
:100340000C1B09D16D1E58BF01F801CBFAD505E091
:1003500014F8016B01F8016B6D1EF9D59142D6D3EB
:10036000704700000023002400250026103A28BF13
:1003700078C1FBD8520728BF30C148BF0B60704717
:10038000752900F02B81002070471FB511F0D9FBB3
:100390001FBD10B510BD00F0C5FB1146FFF7F5FFFE
:1003A0000DF036FF00F0E3FB03B4FFF7F2FF03BCF0
:1003B00000F0E6FB2C4B19680868B0E8F04F80F3BA
:1003C0000988BFF36F8F4FF0000080F311887047EA
:1003D0000000000008480068006880F308884FF0BB
:1003E000000080F3148862B661B6BFF34F8FBFF38D
:1003F0006F8F00DF00BF00BF08ED00E0DFF80C00EA
:10040000016841F470010160704700BF88ED00E0B1
:10041000EFF30980BFF36F8F134B1A681EF0100FB4
:1004200008BF20ED108A20E9F04F106009B44FF0AA
:10043000500080F31188BFF34F8FBFF36F8F10F020
:1004400097FB4FF0000080F3118809BC1968086819
:10045000B0E8F04F1EF0100F08BFB0EC108A80F328
:100460000988BFF36F8F7047B4460024EFF305800F
:10047000704700000948804709480047FEE7FEE74B
:10048000FEE7FEE7FEE7FEE7FEE7FEE7FEE7FEE744
:1004900004480549054A064B7047000099A6000824
:1004A000CD02000858060124581A0124580A0124D4
:1004B000580A012453EA020C00F069802DE9F04B40
:1004C0004FF00006002B1FBFB3FA83F503FA05F4C3
:1004D00024FA05F65E4012BF1643B2FA82F502FA1C
:1004E00005F4C5F120051EBF22FA05FC44EA0C0400
:1004F000203556EA044C4FEA144418BF641C4FF0F0
:1005000000084FF00009904271EB030C39D3002929
:1005100019BFB1FA81F701FA07F6B0FA80F700FACD
:1005200007F6C7F120071EBF20FA07FC46EA0C06B3
:100530002037B6FBF4FCA7EB0507103F07F01F0BB5
:10054000CBF120060CFA0BFB2CFA06F644BFB3469F
:100550000026202FA4BF5E464FF0000B5BEA060C7E
:1005600008BF4FF0010B19EB0B09ABFB027C48EB0A
:100570000608C01B06FB02CC0BFB03CC71EB0C0185
:10058000C1E70B46024641464846BDE8F08B13B52D
:100590004FF000004FF00001AFF30080BDE81C40B9
:1005A000704700000FB47CB50C0009AA009001D080
:1005B0002044401E084B7B4469460190089800F097
:1005C0002AFA05461CB10020694600F037FA284691
:1005D0007CBC5DF814FB00008D0400002DE9F041A7
:1005E0000646002410687529314616A510D0AFF3D1
:1005F0000080002802DA404213A507E031688A072C
:1006000001D512A502E0490704D511A5012401E096
:10061000AFF3008000210A2206F1240709E0B0FBB5
:10062000F2FCB0FBF2F302FB1C00303078541846A9
:10063000491C0028F3D123462A463046BDE8F04144
:1006400000F08BB9000000002D0000002B0000001E
:10065000200000002DE9F0410F46054600202862E9
:100660002846E968884770B3252805D0D5E90121D7
:100670009047286A401CF2E7E96828460026884728
:100680006C2804460AD0682C08D04C2C35D06A2C33
:1006900031D0742C31D07A2C2FD016E0E968064680
:1006A00028468847B042044608D16C2E23D04FF428
:1006B00080662846E9688847044606E06C2E03D029
:1006C0004FF4807601E01EE04026E4B1A4F1410041
:1006D000192802D8203446F400663A4621462846B6
:1006E0002E60FFF74DFE60B1012808D0FF1D27F0F6
:1006F00007070837B4E78026DBE70026D9E73F1D68
:10070000AEE72046B2E7286ABDE8F08130B505467D
:100710000B462A4613F8014B12F8010B08B1A04210
:10072000F8D01CB1002802D06D1CF1E7284630BD7E
:1007300010B5431C02E010F8011B71B18107FAD11A
:100740004FF0013202C88C1A8C4314EAC211F9D05E
:10075000C01A0A0603D0C01E10BDC01A10BD0A047C
:1007600001D0801E10BD0902FCD0401E10BD032A1E
:1007700040F2308010F0030C00F0158011F8013BBE
:10078000BCF1020F624498BF11F801CB00F8013BA5
:1007900038BF11F8013BA2F1040298BF00F801CB69
:1007A00038BF00F8013B11F0030300F06780083AFE
:1007B000C0F0088051F8043B083A51F804CBA0E897
:1007C0000810F5E7121D5CBF51F8043B40F8043BEC
:1007D000AFF30080D20724BF11F8013B11F801CB21
:1007E00048BF11F8012B24BF00F8013B00F801CBF2
:1007F00048BF00F8012B7047431A28BF9A427FF682
:10080000B6AF032A1044114440F2268010F0030FC3
:100810001EBF11F8013D521E00F8013D10F0030FFC
:100820007FF4F6AF11F0030300F02881083AC0F01E
:100830000B8051F8043D083A51F804CD40F8043DCE
:1008400040F804CDFFF7F3BF121D5CBF51F8043D23
:1008500040F8043DAFF30080D20724BF11F8013DFA
:1008600011F801CD48BF11F8012C24BF00F8013D5B
:1008700000F801CD48BF00F8012C704710B5203AB0
:10088000C0F00B80B1E81850203AA0E81850B1E849
:100890001850A0E81850BFF4F5AF5FEA027C24BFFF
:1008A000B1E81850A0E8185044BF18C918C0BDE8F6
:1008B00010405FEA827C24BF51F8043B40F8043BBF
:1008C00008BF7047D20728BF31F8023B48BF11F874
:1008D000012B28BF20F8023B48BF00F8012B7047CE
:1008E00002F0FF0343EA032242EA024200F0F2B8B8
:1008F0004FF0000200B5134694469646203922BFB9
:10090000A0E80C50A0E80C50B1F12001BFF4F7AF03
:10091000090728BFA0E80C5048BF0CC05DF804EBE5
:10092000890028BF40F8042B08BF704748BF20F853
:10093000022B11F0804F18BF00F8012B7047704751
:100940007047704710B500F0E5F8006810BD10B5AD
:10095000044600F0DFF8046010BD2DE9F0470D46B5
:1009600099469246044600F124080168880604D599
:10097000E06921F01001216000E00120A84201DDC2
:10098000471B00E00027A1697A1902EB0900081A49
:10099000A0612078C00602D42046AFF30080002674
:1009A00008E0D4E901211AF806009047206A401CAB
:1009B000761C20624E45F4DB2078C0060AD520461E
:1009C000AFF3008006E0D4E9012130209047206A8F
:1009D000401C2062381EA7F10107F4DC07E0D4E9CF
:1009E000012118F805009047206A401C2062281E4B
:1009F000A5F10105F3DC2046AFF300802078000666
:100A000002D50220BDE8F0870120FBE701694A1CFE
:100A100002610878704700B58FB0CDE9013100213F
:100A2000059105497944CDE9031011466846FFF761
:100A300011FE0FB000BD0000E5FFFFFF0A6802F8DD
:100A4000010B0A607047D1E900239A4202D2531C7D
:100A50000B6010707047431A28BF9A427FF60EAFA2
:100A6000104410F0030F11441EBF11F8013D521E37
:100A700000F8013D10F0030F7FF4F6AF103AC0F01C
:100A80000A8010B531E91850103A20E91850BFF427
:100A9000F9AFBDE81040530724BF31E9081020E941
:100AA000081044BF51F8043D40F8043D12F0030F14
:100AB00008BF7047D20728BF31F8023D48BF11F880
:100AC000012C28BF20F8023D48BF00F8012C7047D8
:100AD0004FF000020429C0F0128010F0030C3FF424
:100AE00009AFCCF1040CBCF1020F18BF00F8012BC8
:100AF000A8BF20F8022BA1EB0C01FFF7FBBE5FEAB9
:100B0000C17C24BF00F8012B00F8012B48BF00F87E
:100B1000012B704700487047F405012400487047D6
:100B2000F40501247546FFF7F9FFAE460500694656
:100B3000534620F00700854618B020B5FFF7A8FC03
:100B4000BDE820404FF000064FF000074FF00008CE
:100B50004FF0000B21F00701AC46ACE8C009ACE84F
:100B6000C009ACE8C009ACE8C0098D46704710B5B3
:100B70000446AFF300802046BDE81040FFF714BCE8
:100B800001491820ABBEFEE72600020070470000B6
:100B900010B5324904460068884202D0304A90427B
:100BA00002D1D1F8080302E02E48D0F8080310F46F
:100BB000403F10D005F0FAFD6168B1F5803F06D0E6
:100BC000B1F5003F03D0B1F5403F26D101E0090C5B
:100BD00017E0800821E000214FF4002004F09EFE81
:100BE00061688A03920B18D18A140C2A15D2DFE8A7
:100BF00002F0140606060606060B0D0F1113890CEB
:100C00004900B0FBF1F008E0000906E0400904E00B
:100C1000800902E0C00900E0000A13494008884248
:100C200004D82068816821F4407108E00F498842A7
:100C300007D82068816821F4407141F48071816097
:100C400010BD0B4988422068816804D821F44071A6
:100C500041F40071F3E741F44071F0E700200240F5
:100C60000021024000600258105E5F0020BCBE0000
:100C700040787D012DE9F0410027044600680D46CB
:100C800007F064F90646206807F05CF930435DD050
:100C900020682F4EC168890105D5617E012902D1E6
:100CA000217E01290BD0022D1DD0206807F04EF9BE
:100CB000B8B120688168C1F3400169B111E02549EC
:100CC000012502E08F4232D27F1C0268D2435206D5
:100CD000F8D440210160E8E78168314041F010011B
:100CE0008160012D11D0206807F02CF948B12068EF
:100CF0008168C1F3400121B98168314041F0200190
:100D00008160022D08D0032D04D0042503F05EFA83
:100D1000064617E00C25F9E70825F7E703F056FA31
:100D2000801B05280ED92068806828420AD0206ED2
:100D300040F010002066606E40F001006066012007
:100D4000BDE8F081206880682842E7D10020F7E7FD
:100D5000C0FFFF7F00DC0C0070B5044600688168AE
:100D60008268C1F3400112F0010F28D039BB8168BD
:100D700001F00D01012914D18168124A1140891C2A
:100D8000816021680320086003F020FA054612E024
:100D900003F01CFA401B02280DD920688068C007A8
:100DA00009D0206E40F010002066606E40F0010017
:100DB0006066012070BD20688068C007E8D100200F
:100DC00070BD0000C0FFFF7F70B5044600688168F9
:100DD00011F0010F40D18168204A11422DD1816864
:100DE000D5432940491C816003F0F0F91C490646AF
:100DF00020681C4B884201D0984201D11A4A00E079
:100E00001A4A9268984202F01F0200D001468142BD
:100E10001DD0E2B120E0816811F0010F03D181689B
:100E20002940491C816003F0D1F9801B02280ED9AA
:100E300020680068C043C00709D0206E40F0100051
:100E40002066606E40F001006066012070BD206881
:100E50000168C943C907DED1002070BD3F00008092
:100E6000002002400021024000230240006302589B
:100E7000FEE7000004280B4610B517DD202802D03D
:100E8000212813D10AE09BB1072A11D1094819681A
:100E90000160998881809979817107E043B1072ABF
:100EA00000D9072203491846FFF761FC002010BD56
:100EB000032010BD8246002400207047074900220D
:100EC000074810B509F0A0FE08B1032010BD054980
:100ED000034809F08CFE40B210BD0000F469002404
:100EE000185D0024F46100240649074810B509F094
:100EF0007EFE08B1032010BD034809F051FE40B248
:100F000010BD0000F4610024185D0024002070472B
:100F100070B50D4610B1B5F5006F01D9032070BD55
:100F2000EFF3108472B6124991F89C32D1F8D422B2
:100F3000032B01EB8201D1F8C01205D121B1D1F808
:100F4000141219B1012010E003200EE025B12A4649
:100F500001460848FFF750FC06492A46044809F0B4
:100F600053FE10B9024809F0C5FE84F3108870BD25
:100F7000185D0024F4690024014802F061B9000002
:100F8000545C0024294A016891423AD0274A183219
:100F9000914236D0254A3032914232D0234A4832EB
:100FA00091422ED0214A603291422AD01F4A783293
:100FB000914226D01D4A9032914222D01B4AA8323B
:100FC00091421ED01A4A91421BD0194A18329142BE
:100FD00017D0174A3032914213D0154A4832914205
:100FE0000FD0134A603291420BD0114A78329142AD
:100FF00007D00F4A9032914203D00D4AA832914255
:1010000011D1CAB21823103AB2FBF3F26FF30901FF
:10101000032A02F00703074AD25CC26500D9091D02
:1010200081650846704721F0FF01F9E71000024092
:1010300010040240A824010830B5224A01230168A7
:101040009142CAB21BD01F4C1434A14217D01D4C80
:101050002834A14213D01B4C3C34A1420FD0194C70
:101060005034A1420BD0174C6434A14207D0154C28
:101070007834A14203D0134C8C34A1420CD11421FA
:10108000114C083AB2FBF1F10F4A803201F01F0512
:1010900004EB8101AB4010E00C4D1824103A0D44D4
:1010A000B2FBF4F1A82D00D80831094A01F01F0461
:1010B00002EB8101064AA3408032603080E80E00D6
:1010C00030BD00000854025800580258F0FBFDBF24
:1010D0000008024010B50279531E072B2DD8174C7B
:1010E0000168A1421BD0154C1434A14217D0134CF7
:1010F0002834A14213D0114C3C34A1420FD00F4CE4
:101100005034A1420BD00D4C6434A14207D00B4C9B
:101110007834A14203D0094C8C34A14203D1084950
:10112000074C443102E00749064C443104EB82028B
:10113000C0E91B2101219940416710BD08540258A4
:10114000FC580258FC08024010B583694FF0C07487
:10115000826A0146002053B1B3F5005F15D072B129
:10116000012A0CD0022A0AD0032A09D104E01AB1BC
:10117000012A06D0022A03D1C96AC90100D501207B
:1011800010BDC96AA142FAD010BD002AF7D0012AC9
:10119000F2D0022AF3D0032AF3D010BD2DE9F04F8C
:1011A000804E804FDFF8FC911836DFF8F8A1483701
:1011B0000468856D0AF1300ADFF8ECB14C45DFF8C0
:1011C000ECC1DFF8ECE16DD0B4426BD0544569D08E
:1011D000BC4267D0DFF8D081A8F11808444561D03F
:1011E0005C455FD064455DD074455BD0DFF8C48159
:1011F000444557D0DFF8BC8108F11808444551D068
:10120000DFF8B08108F1300844454BD0DFF8A48105
:1012100008F14808444545D0DFF8988108F1600896
:1012200044453FD0DFF88C8108F17808444539D037
:10123000DFF8808108F19008444533D0DFF87481ED
:1012400008F1A80844452DD0DFF86C81444529D029
:10125000DFF8648108F11408444523D0DFF8588191
:1012600008F1280844451DD0DFF84C8108F13C08FE
:10127000444517D0DFF8408108F15008444511D0AB
:10128000DFF8348108F1640844450BD0DFF8288189
:1012900008F17808444505D0DFF81C8108F18C0876
:1012A000444509D1D0E91948C4F80480C46E1CB182
:1012B000D0E91C48C4F8048004684C452ED0B442E0
:1012C0002CD054452AD0BC4228D0374E183EB442C8
:1012D00024D05C4522D0644520D074451ED0354EC4
:1012E000B4421BD0334E1836B44217D0314E30368C
:1012F000B44213D02F4E4836B4420FD02D4E603634
:10130000B4420BD02B4E7836B44207D0294E9036DB
:10131000B44203D0274EA836B44215D190F85C6091
:101320003F2406F01F06B440AC600468256825F42D
:10133000802525602EE09A600068C160BDE8F08FCE
:1013400099600068C260F9E71B4EB4421BD01A4E88
:101350001436B44217D0184E2836B44213D0164E65
:101360003C36B4420FD0144E5036B4420BD0124E1D
:101370006436B44207D0104E7836B44203D00E4ED5
:101380008C36B442DAD190F85C60012406F01F0676
:10139000B4406C60046863608368402B0368CFD1FD
:1013A000C9E700001000024088000240A00002408F
:1013B000B80002401004024008540258704772B648
:1013C000FEE730B5014690F8405090F84840D1E92A
:1013D000162365F307009A4264F30F2001DD012212
:1013E00000E00022D1E91C3162F317408B4201DD9D
:1013F000012100E0002161F31F6030BDF0B50C4613
:1014000007462DED068B87B091ED131AD1ED140A26
:1014100091ED150A21EE011A60EEA00A20EE000AF5
:1014200071EE200A30EE800A0BF0D6FEB0EE009A84
:101430003B4D4FF07E5620EE090A9FED3A8ADFEDD4
:101440003A8A10EE100AA84202D3B0EE480A08E029
:1014500010EE100AB04202DBB0EE680A01E00AF0BA
:10146000BBFFDFED329A9FED32AA20EE290A8DED07
:10147000000A94F860008DF80400206A48B3D4EDA7
:10148000160A00EE100AF8EEE00AB8EEC01A80EE76
:10149000810A00BF8DED020A04F16400D0EC030A5A
:1014A00020EEA00A61EE010A21EEA11A30EE200A18
:1014B00030EE010A0BF090FE20EE090A10EE100A41
:1014C000A8420DD210EE100AB04205DBB0EE688AD9
:1014D00006E0B0EE4A0ADDE70AF07EFFB0EE408A91
:1014E00028EE290A8DED030A94F878008DF8100093
:1014F000206A48B1D4ED1C0A00EE100AF8EEE00AAA
:10150000B8EEC00A80EE80AA1822694638468DEDF2
:1015100005AAFFF7B3F907B0BDEC068BF0BD0000DC
:10152000000080BFDB0FC9BFDB0FC93FE02E654263
:1015300000000000243090EC040A704710B5044904
:10154000044600F09BF82046BDE8104000F002B8C9
:10155000E023010870B5124C00210126B2EE040A06
:101560003CCCC0E90C5100F124058163C16385E8DE
:101570001C0080F8406080ED110A80F84810C164BA
:10158000016541658165026AC26580F86010416647
:101590008166C166C0E91C1280F8781070BD000039
:1015A000FC23010870B505462DED028BF6EE008A8E
:1015B00090ED0B1AB0EE408AF0EE680A90ED090A41
:1015C000D0ED0C1A41EE410A90ED0A2A20EE210AD4
:1015D00041EEE10A02EE010A0AF09AFFDFED240A69
:1015E000002468EE200A30EE600A60EE288AB0EE31
:1015F000680A0BF0F3F8B0EE408AB0EE680A0BF020
:1016000021FDB1EE401AB0EE480A95ED092AD5ED5C
:101610000A1AD5ED0B2A95ED0C3A60EE023A20EE4F
:10162000214A60EE224A20EE030A00EE904A00EEC4
:10163000A20A40EEC34A40EEE13A00EE824A00EED2
:10164000E10A40EE824A40EEE23A00EE834A01EEC1
:10165000020A41EE214A41EE433A01EE624A85ED2B
:101660000C0A2435C5EC033ABDEC028B70BD0000BA
:1016700035FA8E3C80ED000A7047000070B5B7EE79
:10168000002A04460D462DED048BB2EE041AF0EE4E
:10169000081AD1ED000A82EE200A80ED000A0879CE
:1016A0002071D1ED020AC4ED020A31EE601AC1EEDA
:1016B000210A20EE800A84ED030A91ED030AB5EEBB
:1016C000C00AF1EE10FA01DD012000E000202074D4
:1016D000DFED2E0A95ED030A9FED2D9A9FED2D8AE1
:1016E00020EE200AF6EE008A84ED050A95ED040A44
:1016F000B5EEC00AF1EE10FA02D1B0EE480A09E0E8
:1017000020EE090A0BF09EFC20EE280AF0EE000AFB
:101710000BF06CF984ED060A95ED050AB5EEC00AEA
:10172000F1EE10FA02D1B0EE480A09E020EE090A03
:101730000BF088FC20EE280AF0EE000A0BF056F9B8
:1017400084ED070A95ED000AD5ED060A20EE200A81
:10175000BDEEC00A84ED080A84ED170A84ED1D0A67
:1017600095ED020AB5EEC00AF1EE10FA06D095ED3D
:10177000060AB5EEC00AF1EE10FA03D184ED068A2E
:1017800084ED078ABDEC048B70BD000048E17A3F10
:1017900035FA8E3CFFFF7F7F2DE9F04704464FF07E
:1017A000010A34302DED108BB0EE43EBB0EE44FA6D
:1017B000B0EE403AC0EC031A207C90B3B0EE430A7E
:1017C000D4ED053AB0EEC00A2046B4EEE30AF1EEDD
:1017D00010FA11D8B0EE600AB0EEC00AB4EEE30A17
:1017E000F1EE10FA08D8B0EE410AB0EEC00AB4EE3D
:1017F000E30AF1EE10FA14D90546466AF0EE613AB2
:10180000B0EE424BD5E90A70D5F8309080462046BC
:10181000FFF7A0FE2435A5E8C003C5EC033A84F821
:1018200048A0002094F84010E9B3D4ED113A94EDAB
:10183000034A94ED020A73EEC4BAC4ED11BAF4EE91
:10184000C0BAF1EE10FA05DC84F84000F0EE40BAC0
:1018500084F848009FEDFE0A2179B6EE008A63EE17
:1018600000CA20EE80DA61EE00DAE1B3012968D027
:1018700002297ED008EE900A09EE100A09EE900ABD
:10188000F5EEC01AB7EE00CAF1EE10FA8046D14666
:1018900046460546374684F860A00FD1B0EE420AAE
:1018A000B5EEC00A00E049E0F1EE10FA06D1B0EE64
:1018B000620AB5EEC00AF1EE10FA73D021EEA10A69
:1018C00062EE020AB0EE62BAB0EE61AA2BEE0B1A1B
:1018D00030EE200AF0EE42AA30EE010A0BF07CFC5A
:1018E0008CEE001A00E02CE0F0EE4A1AB0EE6A2A04
:1018F00021EE810A62EE010AF0EE681AB0EE492B81
:101900002BEE011A60EE213A20EE824A21EE223AB5
:1019100073EE843A33EE833AB5EEC03AF1EE10FA44
:1019200041DD20EEA23A61EE213A20EE024A01EEBC
:10193000423A40EE623A00EEE14A6FE0D4ED02BA7C
:1019400088E7D4ED090A94ED0C0AF0EE489A94ED7C
:101950000A1A94ED0B3A50EEA09A61EE008A23EE3B
:10196000009A40EEC38A00EE819A40EE009A87E723
:10197000FFE794ED0B3AD4ED0C0A94ED090AF0EE72
:10198000489A63EE203A94ED0A1A40EE409A60EECF
:10199000038A40EE013A41EE608A40EEE09AB1EEF1
:1019A000639A6DE778E020EEA2AA61EE21AA20EE0C
:1019B00002BA01EE42AA40EE62AA00EEE1BAB5EE2A
:1019C000C0AAF1EE10FA15D1B0EE6A0AB5EEC00A5F
:1019D000F1EE10FA0ED1B0EE4B0AB5EEC00AF1EE00
:1019E00010FA07D1404603EE100A03EE908A04EE87
:1019F000108A13E06AEE0A0A2AEEAA0A2BEE0B1AE4
:101A000030EE800A30EE010A0BF0E6FBCCEE000A65
:101A10002AEE203A6AEEA03A2BEE204A04F14C005E
:101A200080EC033A94F8400080B923EE031A63EE89
:101A3000A30A24EE040A71EE200A30EE800AD4EDE7
:101A4000060AB4EEE00AF1EE10FA04D8A06D84F8AC
:101A50006080093801E0A06D401CA065E16D8842FE
:101A600004DDC4F85C8084F8608001E0216AE165EF
:101A70000028216A4FF0000201DA104602E0884295
:101A800000DD084694F86010A06529B913EE105ADD
:101A900013EE906A14EE107A0BEE105A0AEE906A6A
:101AA0000AEE107AB5EEC0EAB0EE681AF1EE10FA5E
:101AB00046464546374684F878900DD1B0EE6E0A1A
:101AC000B5EEC00AF1EE10FA06D1B0EE4F0AB5EE4F
:101AD000C00AF1EE10FA72D02079A846E8B30128C6
:101AE00070D002286DD028460FEE900A00EE105AF2
:101AF00000EE908A69EE8E1AB0EE408B69EE0F0A06
:101B000021EE2E0A41EE4F1A49EEEE0A09EE4E0A78
:101B100021EEA11AF0EE619AB0EE609A60EEA00A92
:101B2000B0EE40EA20EE000A70EE810A30EE800A44
:101B30000BF052FB8CEE002AF0EE490AF0EE691A27
:101B4000B0EE4E0A20EE821A61EE821A20EE022AD0
:101B5000F0EE680A21EE2F0A00E019E061EE882A13
:101B600022EE203A30EE220A30EE030AB5EEC00A29
:101B7000F1EE10FA58DD21EEA00A62EE2F2A21EED6
:101B8000083A02EE480A41EE602A01EEEF3A89E097
:101B900094ED092AB0EE480AD4ED0B1AD4ED0A2AC6
:101BA00094ED0C3A12EE020A62EEA1FA61EE830A9B
:101BB00042EE03FA42EE620A01EEA10A9AE7B2E0AF
:101BC00000E018E0D4ED091AD4ED0A0A94ED0C0AED
:101BD00001EEE18A94ED0B2A60EE802A21EE800A64
:101BE00041EE822A00EEE08A00EEC20AF1EE620ABD
:101BF000F0EE48FA7EE7D4ED0A0AD4ED0B1A94ED24
:101C0000092AB0EE480A20EEA13AD4ED0C2A02EEE1
:101C1000420A62EE200A02EE223A41EEE20A01EEA8
:101C2000E10AF1EE43FA65E721EEA09A62EE2F9AFF
:101C300021EE08EA02EE489A41EE609A01EEEFEAE0
:101C4000B5EEC09AF1EE10FA18D1B0EE690A01E0D3
:101C500035FA0E3CB5EEC00AF1EE10FA0ED1B0EE38
:101C60004E0AB5EEC00AF1EE10FA07D1404600EE7A
:101C7000100A02EE908A03EE108A13E069EE090A58
:101C800029EEA90A2EEE0E1A30EE800A30EE010A75
:101C90000BF0A2FACCEE000A29EE200A69EEA02A87
:101CA0002EEE203A84ED190AC4ED1A2A84ED1B3A6F
:101CB00094F8400080B960EE001A62EEA20A23EEAA
:101CC000030A71EEA00A30EE800AD4ED070AB4EEE2
:101CD000E00AF1EE10FA06D8216F84F8788009390D
:101CE0002167084602E0206F401C2067616F884230
:101CF00004DDC4F8748084F8788001E0216A6167AB
:101D00000028216A4FF0000201DA104602E0884202
:101D100000DD084694F87810206721B912EE906A29
:101D200013EE107A656E04F1240000EE906A00EE66
:101D3000105A01EE107A7AEEA00A3BEE000A3AEE53
:101D4000011A94ED004A60EEAB0A20EE2B0A61EE18
:101D50002B1A94ED0B2A7DEE203A3CEE801AD4ED3E
:101D60000A0A7DEEA12A94ED090A21EE043A23EE37
:101D7000841A62EE842AD4ED0C1A60EEC33A20EE87
:101D8000034A60EE014A42EE413A02EE224A40EE38
:101D9000E24A41EEE23A60EE222A01EEC14A41EE09
:101DA000834A40EE812A30EE230A70EE840A32EE36
:101DB000241AF0EE409A42EE432AB0EE608AF0EE2A
:101DC000418A71EEA21A80EC040A29EEA91A28EEC3
:101DD000080A68EEA80AB0EE619A31EE000A69EED0
:101DE000091A30EE200A30EE210A0BF0F5F9CCEE9C
:101DF000000A29EEA00A28EE201A68EEA01A69EE61
:101E0000200A84ED090A84ED0A1AC4ED0B1AC4ED08
:101E10000C0ABDEC108BBDE8F0870000002110B566
:101E200004EE101A03EE901A03EE101A0446FFF7A0
:101E3000B3FC94F84000002806D02046BDE81040CE
:101E40009FED020AFFF7AEBB10BD000000000000CE
:101E5000183090EC030A704710B50549044600F0AD
:101E60000DF800216161A161E161216210BD0000F6
:101E70000C240108183080EC030A70470EC9F7EEF5
:101E8000000A00EE101ADFED091A80E80E0080EE5D
:101E9000801A61EE210AC0ED030A00EE903A20EEAE
:101EA000800ABCEEC00A80ED040A7047FDAD003E1A
:101EB000D0ED062A90ED072AD0ED081A30EE620A1E
:101EC00090ED013A70EEC20A31EE611AF0EEC03ABE
:101ED000F4EEC33AF1EE10FA11DCF0EE603AF0EEF7
:101EE000E33AF4EEC33AF1EE10FA08DCF0EE413AD0
:101EF000F0EEE33AF4EEC33AF1EE10FA01DD002120
:101F000004E0D0E90421914202D2491C41617047AA
:101F1000D0ED033AB0EE403AB0EE605AF0EE414AEE
:101F200023EE234A25EE233A64EEA33A72EE842A86
:101F300032EE032A71EEA31AC0ED062A80ED072ABD
:101F4000C0ED081A70470000F8B500270446154692
:101F50000E46009790F85C0001280BD0012084F811
:101F60005C002046FEF7F8FE0100206E04D040F031
:101F700010002DE00220F8BD20F4885040F002004F
:101F80002066206806F4803205F08043134D1A4322
:101F900083682B401A4342F000428260104A206856
:101FA0000EE0009B5B1C0093934209D3206E84F8E3
:101FB0005C7020F0020040F0100020660120F8BDA7
:101FC0008368DB0FEDD1206E20F0020040F00100AD
:101FD0002066084684F85C70F8BD0000C0FFFE3F34
:101FE00000F8C3252DE9F0470F4690F85C109CB02F
:101FF000044601294FF0000915D00026DFF8F880CB
:10200000012084F85C0018961996216841450ED18C
:102010003A4D0095284605F09DFF8246206805F060
:1020200099FF60B10EE002201CB0BDE8F087206E81
:1020300084F85C6040F0200020660120F4E7BAF1EB
:10204000000F09D0216E4FF0010941F020002066F9
:10205000484684F85C60E7E720684146884201D042
:10206000A84201D1264800E0264840F61F72D7F862
:1020700000C0254BBCF1000F23D0D0F808C0D7F822
:1020800004802CF4404C4CEA080CC0F808C0D4F88A
:1020900000C08C4501D0AC4507D18968AB6801F020
:1020A000010103F00103194302E0996801F0010105
:1020B0000029CDD1BD68396883682943934319430A
:1020C00017E0876827F44047876027688F4201D070
:1020D000AF4207D18968AB6801F0010103F0010349
:1020E000194302E0996801F001010029B0D181682B
:1020F00091438160ACE700000020024000210240D3
:102100000023024000630258006002582DE9F84F96
:102110004FF0000B0446FD4E0D46CDF800B0DA46F8
:1021200090F85C00FA4F012808D04FF0010984F8BC
:102130005C90206805F00AFF18B152E20220BDE869
:10214000F88F2068B0420DD02968C2690B0327D0F0
:1021500091FAA1F1B1FA81F101F01F0309FA03F13B
:102160000A43C261D5E900124FF00C0C20681F230E
:10217000C1F384610CEA921C02F01F026044934098
:102180009140026B9A430A430263206805F0DEFE29
:102190008046206805F0D6FE58EA000003D048E1EA
:1021A000C1F38461D8E7AA682968206805F0DEFEDB
:1021B0002068B04204D1C2686969C2F3C1020BE071
:1021C000D44A1268B9EB127F02D0C168C90605D49F
:1021D000C2686969C2F38202520004E0C268696998
:1021E00002F01002520891402A69042A5AD02B6842
:1021F00000EB8202B04202F1600207D103F0F84026
:102200001368084340F00040106008E0D2F800C0B6
:1022100003F0F84008430CF00041014311602068CE
:10222000B0421CD12A69E96900EB8200026E22F0FB
:1022300080720A43026695F8201020682A690129F5
:102240000AD00021B042AAD100EB8200026E22F037
:1022500000720A430266ECE04FF00071F2E795F875
:1022600021102A69012917D05FF0000100EB8200DC
:10227000026E22F000420A430266287E21682A6923
:1022800001280CD000200B6902F01F02904023F4BB
:10229000F04202430A61CCE04FF00041E6E74FF420
:1022A0000060F0E7B04273D1002105F045FE000365
:1022B00020684FF000016DD005F03EFE90FAA0F0CE
:1022C000B0FA80F12868020369D090FAA0F0B0FA61
:1022D00080F0814204D100222068114605F056FEAC
:1022E0002068012105F028FE000320684FF001015D
:1022F00058D005F021FE90FAA0F0B0FA80F12868DD
:10230000020354D090FAA0F0B0FA80F0814204D1D8
:1023100020680022012105F039FE2068022105F025
:102320000BFE000320684FF0020143D005F004FECD
:1023300090FAA0F0B0FA80F1286802033FD090FA3A
:10234000A0F0B0FA80F0814204D12068002202217E
:1023500005F01CFE2068032105F0EEFD0003206857
:102360004FF003012ED005F0E7FD90FAA0F0B0FA8F
:1023700080F1286802032AD090FAA0F0B0FA80F029
:10238000814256D120680022032105F0FFFD50E074
:1023900020E0FFE705F0D0FDC0F3846192E7C0F3D1
:1023A000846096E705F0C8FDC0F38461A7E7C0F339
:1023B0008460ABE705F0C0FDC0F38461BCE7C0F307
:1023C0008460C0E705F0B8FDC0F38461D1E7C0F3D5
:1023D0008460D5E7016E2A7801F0F841B1EB826F95
:1023E00003D1016E21F00041016620682978426E18
:1023F00002F0F842B2EB816F03D1416E21F000414F
:10240000416620682978826E02F0F842B2EB816F53
:1024100003D1816E21F00041816620682978C26E67
:1024200002F0F842B2EB816F03D1C16E21F000419E
:10243000C1662068816811F0010F71D1364AB0423F
:10244000EB6829680FD1D0F8B0C003F01808C1F3C9
:10245000130322FA08F20A402CEA030C4CEA020C9D
:10246000C0F8B0C00EE0D0F8C0C003F01808C1F347
:10247000130322FA08F20A402CEA030C4CEA020C7D
:10248000C0F8C0C02548E96881427DD128680103B1
:102490001BD090FAA0F1B1FA81F1491C01F01F01A3
:1024A00009294FEA00313CD8002911D090FAA0F157
:1024B000B1FA81F101F1010101F01F0109FA01F204
:1024C00009D100BFC0F3846109E0C0F38461E4E78F
:1024D000C0F38461EEE790FAA0F1B1FA81F101F165
:1024E000010101F01F0142EA816102D1C0F3846061
:1024F00003E090FAA0F0B0FA80F000F1010000F0E3
:102500001F0000EB400041EA005140E0006002582B
:10251000002102400010005CFFFF0F000000FF4799
:1025200065E000290FD000BF90FAA0F1B1FA81F167
:1025300001F1010101F01F0109FA01F206D100BF0A
:10254000C0F3846106E0C0F38461F1E790FAA0F182
:10255000B1FA81F101F1010101F01F0142EA81614B
:1025600002D1C0F3846003E090FAA0F0B0FA80F0EA
:10257000434A00F1010000F01F0000EB400002EBB5
:10258000005041EA000100E005E041F00071AA6856
:10259000206805F0EBFCD5F800C0BCF1000F26DA8E
:1025A000384B20683849DFF8E490984201D0B842AF
:1025B00001D10A4600E04A469268984202F0E07271
:1025C00001D0B84209D19D68D7F8088005F001050F
:1025D00008F0010845EA080502E0B56805F00105C4
:1025E0004DB1216E4FF0010A41F0200020665046A7
:1025F00084F85CB0A3E5264DAC451CD115021AD475
:10260000B042F4D1984202D0B84200D049468B681B
:1026100042F4000023F0E07202438A601E491D4824
:102620000968B1FBF0F04000801C00E0401E009003
:102630000028FBD1DBE7194DAC450CD1D5010AD4FC
:10264000B042D4D1984202D0B84200D049468B68FB
:1026500042F080700EE0124DAC45C8D15502C6D490
:10266000B042C4D1984202D0B84200D049468B68EB
:1026700042F4800023F0E07202438A60B7E7000072
:10268000000020FE002002400023024000630258A8
:10269000000052C7400D0300AC460024000021C3D7
:1026A000000084CB0068006C704700002DE9F843FF
:1026B0004FF0000504002E46009502D0206E18B1A0
:1026C00008E00120BDE8F883204600F043F9656684
:1026D00084F85C5020688168C1F3407119B1816849
:1026E0008E4A1140816020688168C1F3007181B910
:1026F00081688B4A114041F0805181608A49894844
:102700000968B1FBF0F0401C00E0401E009000287A
:10271000FBD120688168C1F3007141B9216E0126A7
:1027200041F010012166616E41F00101616605F022
:102730000DFC216EC90600D420B1206E012640F0A8
:102740001000E0E0206E20F4807040F0020020666F
:1027500020688168754D11F0010F1ED1744B754AC8
:10276000984201D0904207D19968976801F0010121
:1027700007F00107394302E0A96801F0010161B9DE
:10278000984201D0904201D16B4800E06B488268CA
:10279000616822F47C120A4382602168A9421FD139
:1027A000637ED4E90207E26B5B033A43082805D055
:1027B0000C280FD01C280FD018280FD05FF0000075
:1027C00000F00C0794F8200043EA47031A4342EA5A
:1027D00000400FE00420F3E70820F1E71C20EFE7BA
:1027E000627E94F82030A768E06B520342EA03420D
:1027F0003843104394F82020012A04D1A28C504B76
:1028000003EB42421043A26A2AB1E36A02F47872EF
:10281000024343EA0200CA68A9420BD1494B1A405D
:102820000243CA602068626B016921F04061114374
:10283000016103E0444B1A400243CA60206805F07E
:1028400085FB0746206805F07DFB07434ED12068D5
:10285000A946484506D1217E94F83820890341EAEB
:10286000420103E0227E216B41EA8231C26844F2D8
:1028700003039A430A43C26094F844000128206885
:1028800003D0016921F0010122E048450ED1D4E9CD
:10289000121CD4E9143502692C4F41EA0C012B4378
:1028A0003A401943114341F0010111E0D4E91317F3
:1028B000B4F848C0DFF89880636D026908EB0C4CEF
:1028C000224D394343EA0C036D1E2A40194311433C
:1028D00001612068236C026922F070421A43026190
:1028E0002068484502D02046FEF752F920690128A9
:1028F00020680BD0016B21F00F010163206E20F0E6
:10290000020040F0010020663046DBE6E269016B20
:10291000521E21F00F011143EFE70000C0FFFF5FDF
:10292000C0FFFF7F400D0300AC460024006002584A
:1029300000200240002102400023024000630258B0
:102940000000FEFF0740F0FF03C0F0FF1FF800FC8F
:102950000100FFFF30B5B5B0044614212EA8FDF7E5
:10296000C7FFB8216846FDF7C3FF1D4920688842AC
:1029700033D1022000224FF400210091102314468D
:10298000CDE90120CDE90330C025059006906846C9
:10299000CDE907520992289203F00EF908B1FEF72B
:1029A0000EFD1048016841F020010160006800F050
:1029B000200033900B480830016841F001010160AC
:1029C00000682EAA032100F001003390202082E845
:1029D000130005482EA901F0E5FA35B030BD00001E
:1029E00000200240D8440258000002582DE9F04768
:1029F000434D0446006888464249434BA842DFF8ED
:102A00000C9101D0484501D10A4600E01A4692686F
:102A100002F01F066269082A14D0AEB1052E13D049
:102A2000092E11D0A84202D0484500D01946886826
:102A300000F4404058B1206E40F020002066012094
:102A4000BDE8F087082703E0C068C007F2E7042765
:102A500001F0BCFB824618E0B8F1FF3F15D001F051
:102A6000B5FBA0EB0A01414502D8B8F1000F0CD12B
:102A700020680068384208D1206E002184F85C107C
:102A800040F0040020660320DAE72068006838423E
:102A9000E2D0206E40F400702066206805F05EFAF7
:102AA00080B1607E70B92068006800070AD5206E8A
:102AB00020F480702066206EC00403D4206E40F0A5
:102AC000010020662068484501D12A4600E0024600
:102AD000824210D07EB1052E0DD0092E0BD0484574
:102AE00000D00546E968082F07D0490401D40C211D
:102AF00001600020A4E7C168F5E70821F8E70000BD
:102B000000200240002302400063025800210240DE
:102B10002DE9F0413B4D044600683B4FA84201D0EF
:102B2000B84201D1394900E03949896801F01F06EE
:102B300005F00CFA18B102210846BDE8F08194F8BE
:102B40005C0001280CD0012084F85C002046FEF7D0
:102B50003BF901004FF0000204D084F85C20EBE761
:102B60000220EAE7236E40F6016C206823EA0C039A
:102B7000B84243F48073236601D12B4600E003463C
:102B8000834200D01EB9236E23F480132366236E84
:102B9000DB0404D5636E23F00603636600E062661F
:102BA0001C23036084F85C202068B84201D12A46C7
:102BB00000E00246824215D0A6B1052E12D0092EA1
:102BC00010D0226EB84242F48012226600D0054630
:102BD000E8688001B0D5206E20F4005040F48050A9
:102BE0002066A9E7C268920105D5226E22F4005240
:102BF00042F4805222668268064B1A40121D82609F
:102C00009AE7000000200240002102400023024019
:102C100000630258C0FFFF7F10B5044690F85C00C7
:102C2000012808D0012084F85C0003212046FEF72B
:102C300021F810B10BE0022010BD2046FEF78CF801
:102C400028B9216E21F4885141F00101216600214B
:102C500084F85C1010BD00002DE9F84F044601F027
:102C6000B5FA00903CB194F83500022806D08021D6
:102C700061650020E4E00120BDE8F88FC74DC74E34
:102C8000C649183520683036DFF81483DFF814930E
:102C90008842DFF814A3DFF814B32ED0A8422CD05A
:102CA000B0422AD0404528D0484526D0504524D0AF
:102CB000584522D0BD4A183290421ED0BC4A90429C
:102CC0001BD0BB4A1832904217D0B94A30329042DA
:102CD00013D0B74A483290420FD0B54A6032904282
:102CE0000BD0B34A7832904207D0B14A903290422A
:102CF00003D0AF4AA832904209D1026822F01E02E6
:102D000002602068426922F08002426103E00268AA
:102D100022F00E02026027688F4238464DD0A8424A
:102D20004BD0B04249D0404547D0484545D05045AA
:102D300043D0584541D09D4A183290423DD09C4ADC
:102D400090423AD09A4A1832904236D0984A30325D
:102D5000904232D0964A483290422ED0944A603205
:102D600090422AD0924A7832904226D0904A9032AD
:102D7000904222D08E4AA83290421ED08D4A904274
:102D80001BD08C4A1432904217D08A4A2832904283
:102D900013D0884A3C3290420FD0864A503290423B
:102DA0000BD0844A6432904207D0824A78329042F3
:102DB00003D0804A8C32974204D1206E026822F4FC
:102DC0008072026075492068884228D0A84226D0C7
:102DD000B04224D0404522D0484520D050451ED096
:102DE00058451CD071491831884218D07049884222
:102DF00015D06F491831884211D06D493031884261
:102E00000DD06B494831884209D069496031884208
:102E100005D067497831884201D065499031016811
:102E200021F0010101600EE001F0D0F90099401A93
:102E3000052808D9202262650321002084F8351076
:102E400084F8340017E73868C007EDD1534A0121F0
:102E5000206890422ED0A8422CD0B0422AD04045C3
:102E600028D0484526D0504524D0584522D04F4B35
:102E7000183398421ED04E4B98421BD04C4B1833FF
:102E8000984217D04A4B3033984213D0484B4833BE
:102E900098420FD0464B603398420BD0444B783366
:102EA000984207D0424B9033984203D0404BA8330E
:102EB000984208D194F85C703F23A06D07F01F077B
:102EC000BB40836007E094F85C30A06D03F01F0303
:102ED00001FA03F34360206890424DD0A8424BD0E2
:102EE000B04249D0404547D0484545D0504543D0F1
:102EF000584541D02D4A183290423DD02C4A90423C
:102F00003AD02B4A1832904236D0294A3032904279
:102F100032D0274A483290422ED0254A6032904221
:102F20002AD0234A7832904226D0214A90329042C9
:102F300022D01F4AA83290421ED01E4A90421BD077
:102F40001C4A1432904217D01A4A2832904213D0A9
:102F5000184A3C3290420FD0164A503290420BD061
:102F6000144A6432904207D0124A7832904203D019
:102F7000104A8C3290420BD1D4E919024260E06EC3
:102F800030B1026822F480720260D4E91C0242600F
:102F9000002084F8351084F834006DE610000240FB
:102FA000580002407000024088000240A000024029
:102FB00010040240085402582DE9F05F28B190F83F
:102FC0003510022904D0802141650120BDE8F09F21
:102FD000904C904B0168183C18338E4ADFF83C92B5
:102FE000A1428D4CDFF838E28E4FDFF83CB2DFF8BB
:102FF0003CA28F4D8F4E31D091422FD099422DD08F
:10300000A1422BD0494529D0714527D0B94225D0BE
:10301000DFF810C20CF1180C61451FD0DFF808C2B0
:10302000ACF1600C614519D0DFF8FCC1ACF1480C83
:10303000614513D0DFF8F0C1ACF1300C61450DD023
:10304000DFF8E4C1ACF1180C614507D0594505D053
:10305000514503D0A94201D0B1422CD1DFF8B4C10F
:103060004FF0040880F83580ACF1180C61451DD094
:1030700091421BD0994219D0A14217D0494515D091
:10308000714513D0B94211D06648183081420DD035
:1030900065486038814209D063484838814205D08C
:1030A00061483038814201D05F481838086820F004
:1030B00001000860ABE0D1F800C02CF00E08DFF88A
:1030C00054C1C1F80080ACF1180C0168614527D0EB
:1030D000914225D0994223D0A14221D049451FD009
:1030E00071451DD0B9421BD0DFF838C10CF1180C66
:1030F000614515D0DFF830C1ACF1600C61450FD0EF
:10310000DFF824C1ACF1480C614509D0DFF818C1E3
:10311000ACF1300C614503D0DFF80CC1ACF1180CF8
:10312000D1F800C02CF0010CC1F800C0DFF8E48039
:103130004FF0010C0168A8F11808414546D09142B2
:1031400044D0994242D0A14240D049453ED0714539
:103150003CD0B9423AD0334A1832914236D0324A42
:10316000603A914232D0304A483A91422ED02E4AAB
:10317000303A91422AD02C4A183A914226D05945E9
:1031800024D0514522D0A94220D0B1421ED02A4A93
:1031900091421BD0284A1432914217D0264A283235
:1031A000914213D0244A3C3291420FD0224A5032ED
:1031B00091420BD0204A6432914207D01E4A7832A5
:1031C000914203D01C4A8C32914218D1016E0A6898
:1031D00022F480720A6090F85C20816D02F01F0278
:1031E0000CFA02F24A60D0E919124A60C16E31B19C
:1031F0000A6822F480720A60D0E91C124A60002238
:10320000016D80F835C080F8342001B18847002076
:10321000DCE6000028000240580002407000024036
:1032200088000240A000024070040240880402406E
:10323000A0040240B804024008540258406D704790
:103240002DE9FC5F0446F74E0020DFF8D88300909C
:103250004FF41652F44808F11808A56DDFF8C4932E
:10326000DFF8C0A3016809F1300920680AF1480AB3
:10327000B1FBF2F1B04201912F68D5F800C0DFF840
:10328000ACB335D04146884232D0484530D0504565
:103290002ED058452CD0E5491831884228D0E34932
:1032A0003031884224D0E1494831884220D0E04979
:1032B00088421DD0DE491831884219D0DC493031AE
:1032C000884215D0DA494831884211D0DFF860E3EE
:1032D0000EF1600E70450BD0D54A7832904207D07F
:1032E000D34B9033984203D0D149A83188427DD145
:1032F00094F85C20082102F01F0201FA02F23A421F
:103300004AD0B04232D0404530D048452ED050450A
:103310002CD058452AD0C54A1832904226D0C34AEC
:103320003032904222D0C14A483290421ED0C04A28
:1033300090421BD0BE4A1832904217D0BC4A30325D
:10334000904213D0BA4A483290420FD0B84A603205
:1033500090420BD0B64A7832904207D0B44A9032AD
:10336000904203D0B24AA832904203D1026802F0E0
:10337000040202E0026802F008026AB1026822F068
:103380000402026094F85C0000F01F008140A96014
:10339000606D40F00100606594F85C00012100F070
:1033A0001F008140394240D02068B04234D04045AF
:1033B00032D0484530D050452ED058452CD09B4A6D
:1033C0001832904228D0994A3032904224D0974AFD
:1033D0004832904220D0964A90421DD0944A1832EA
:1033E000904219D0924A3032904200E0AFE113D0BF
:1033F0008F4A483290420FD08D4A603290420BD0B3
:103400008B4A7832904207D0894A9032904203D05A
:10341000874AA83290427DD1406910F0800F04D0D5
:10342000A960606D40F00200606594F85C000421C2
:1034300000F01F00814039423ED02068B04232D0B7
:10344000404530D048452ED050452CD058452AD044
:10345000764A1832904226D0744A3032904222D0B6
:10346000724A483290421ED0714A90421BD0704A34
:103470001832904217D06E4A3032904213D06C4AC4
:10348000483290420FD06A4A603290420BD0684A6C
:103490007832904207D0664A9032904203D0644A14
:1034A000A83290424ED1006810F0020F04D0A960FB
:1034B000606D40F00400606594F85C00102100F03D
:1034C0001F008140394258D02068B04234D0404576
:1034D00032D0484530D050452ED058452CD0534A94
:1034E0001832904228D0514A3032904224D04F4A6C
:1034F0004832904220D04E4A90421DD04C4A183259
:10350000904219D04A4A3032904215D0484A483247
:10351000904200E014E00FD0454A603290420BD058
:10352000434A7832904207D0414A9032904203D0C9
:103530003F4AA832904207D1006800F0080006E038
:10354000006872E70068B7E7006800F00400A0B107
:10355000A96020680168490304D50068000308D504
:10356000A16C07E00168C90503D4016821F00801D6
:103570000160216C09B12046884794F85C00202145
:1035800000F01F008140394279D02068B04232D02B
:10359000404530D048452ED050452CD058452AD0F3
:1035A000224A1832904226D0204A3032904222D00D
:1035B0001E4A483290421ED01D4A90421BD01C4ADF
:1035C0001832904217D01A4A3032904213D0184A1B
:1035D000483290420FD0164A603290420BD0144AC3
:1035E0007832904207D0124A9032904203D0104A6B
:1035F000A832904203D1006800F0100002E0006899
:1036000000F00200B0B3A96094F8350004282068E7
:1036100001680FD049037ED5006800032BD4616C8C
:103620002AE0000010000240AC4600247000024076
:103630001004024021F0160101602068416921F068
:1036400080014161206C08B9A06C20B1206801683C
:1036500021F00801016094F85C303F21012003F063
:103660001F0300229940A96084F8350084F83420B3
:10367000216D65E003E0E16B09B120468847606D8C
:1036800000287DD0606DC00759D02068042184F8DF
:103690003510B0422BD0404529D0484527D0504561
:1036A00025D0584523D09D49884220D09B491831C8
:1036B00088421CD099493031884218D098498842B4
:1036C00015D097491831884211D095493031884238
:1036D0000DD093494831884209D0914960318842E0
:1036E00005D08F497831884201D08D4990310168E9
:1036F00021F00101016020680099019A491C0091A4
:10370000914202D80168C907F6D10068C00710D0FD
:1037100003200FE0FFE70168C905ACD4036801216D
:10372000002223F01003036084F8351084F834205D
:10373000A1E7012084F83500002084F83400E16C12
:1037400000291DD002B02046BDE8F05F084775494A
:1037500088421DD073491431884219D071492831EB
:10376000884215D06F493C31884211D06D495031A3
:1037700088420DD06B496431884209D0694900E024
:1037800084E07831884203D066498C3188427DD10B
:1037900094F85C800427016808F01F0807FA08F70E
:1037A00017EA0C0F009746D04F0744D500980F0436
:1037B000686003D5C8033CD4A16CC1E7880638D43F
:1037C0002068B0422DD055496039884229D04845FB
:1037D00027D0504525D0584523D05049884220D085
:1037E0004E49183188421CD04C493031884218D09B
:1037F0004B49884215D04A491831884211D048496E
:10380000303188420DD046494831884209D0704550
:1038100007D0904205D0984203D04149A831884250
:1038200003D1016821F0080102E0016821F00401E0
:103830000160216C84E7022707FA08F717EA0C0FEA
:1038400000974ED08F074CD500980F04686003D5C1
:10385000C80344D4616C73E7880640D42068B04242
:103860002FD02E49603988422BD0484529D0504569
:1038700027D0584525D02949884222D027491831D8
:1038800088421ED025493031884200E044E018D0FB
:103890002349884215D022491831884211D0204945
:1038A000303188420DD01E494831884209D07045D8
:1038B00007D0904205D0984203D01949A8318842D8
:1038C00003D1016821F0140102E0016821F00A012E
:1038D0000160012184F83510002084F83400E16B88
:1038E0002EE7082202FA08F212EA0C0F14D0090798
:1038F00012D5016821F00E01016094F85C100120DE
:10390000002201F01F0100FA01F16960606584F88E
:10391000350084F8342012E7BDE8FC9F880002409F
:1039200010040240085402582DE9F05F044600F0EC
:103930004DFC002C07467DD0E24E022120684FF05E
:103940000308DFF884934FF00005DFF880A3B0424E
:10395000DFF87CB334D0DB4A1832904230D048458F
:103960002ED050452CD058452AD0D94A18329042F2
:1039700026D0D74A3032904222D0D54A483290429F
:103980001ED0D44A90421BD0D24A1832904217D04F
:10399000D04A3032904213D0CE4A483290420FD0B3
:1039A000CC4A603290420BD0CA4A7832904207D05B
:1039B000C84A9032904203D0C64AA83290427DD184
:1039C00084F83510B04284F834502ED0BD491831F7
:1039D00088422AD0484528D0504526D0584524D082
:1039E000BB491831884220D0B949303188421CD0B7
:1039F000B7494831884218D0B649884215D0B549F0
:103A00001831884211D0B349303188420DD0B149C4
:103A10004831884209D0AF496031884205D0AD496C
:103A20007831884201D0AB499031016821F0010121
:103A3000016008E025E100BF00F0C8FBC01B0528BD
:103A400001D920211AE120680068C007F4D1D4E927
:103A500002032168103418438E4694E88410D4E998
:103A6000033809683A4310439B4A40EA0C006769EF
:103A700018431140103C40EA0800042F40EA0100BE
:103A800003D1D4E90B12114308436168A1F1290263
:103A9000052A0BD9163A032A08D9083A012A05D96A
:103AA000083A032A02D97439032901D840F4801056
:103AB000CEF800002068676A406900E020E0042F2B
:103AC00020F0070047EA00070DD1D4E90A010743B7
:103AD00049B12046FDF738FB28B14020606501213F
:103AE00084F83510CDE0206847612046FDF74AFA9A
:103AF00094F85C203F2102F01F029140816055E064
:103B0000764A90421BD0754B1433984217D0734BB2
:103B10002833984213D0714B3C3398420FD06F4BEF
:103B2000503398420BD06D4B6433984207D06B4BA7
:103B30007833984203D0694B8C3398427ED184F815
:103B4000351084F83450664B0168A26801EA030E10
:103B5000402A74D0802A73D05FF00002D4E9037841
:103B6000D4E9053142EAD70242EAD8085B4AD4E9EF
:103B7000077C48EAD30848EAD10141EAD70152421A
:103B800041EA1C11142341EA0E010160206810442F
:103B9000B0FBF3F08000E0652046FDF7F3F994F800
:103BA0005C20012102F01F02914041602068B04278
:103BB00057D044491831884253D0484551D05045D8
:103BC0004FD058454DD042491831884249D04049DC
:103BD0003031884245D03E494831884241D03D4944
:103BE00088423ED03B49183188423AD03949303179
:103BF000884236D037494831884232D03549603121
:103C000088422ED03349783188422AD031499031C8
:103C1000884226D02F49A831884222D02F49884295
:103C20001FD02E49143188421BD02C49283188429C
:103C300017D02A493C31884213D002E01DE017E03A
:103C400018E02649503188420BD02449643188421B
:103C500007D022497831884203D020498C318842EC
:103C600029D12046FDF7E8F9A06880280CD00CE0A7
:103C7000102273E74FF4804270E74021616584F8B9
:103C800035800120BDE8F09F6560216E20790860D5
:103C9000D4E9190141606068401E072808D8204611
:103CA000FDF718FAE06E0560D4E91C01416002E0FE
:103CB000E566256765670120656584F835000020A5
:103CC000E0E70000100002404000024058000240BF
:103CD00070000240100402403F8010FE0854025859
:103CE0000F00FEFF2DE9F84F04008C464FF0000056
:103CF000009014D094F83400012812D094F8355074
:103D00000120002184F83400012D0CD0C002606530
:103D10000120009084F834100098BDE8F88F01204D
:103D2000FBE70220F9E78C4D0226206884F8356015
:103D3000A8428A4D61658A4E8A4FDFF82C82DFF8EF
:103D40002C92DFF82CA2DFF82CB226D0A84224D087
:103D5000B04222D0B84220D040451ED048451CD0A9
:103D600050451AD0584518D08349884215D0824909
:103D70001831884211D08049303188420DD07E49B7
:103D80004831884209D07C496031884205D07A495F
:103D90007831884201D078499031016821F00101E1
:103DA000016061462046FDF7F9F96B4920688842B9
:103DB0002CD0A8422AD0B04228D0B84226D04045C4
:103DC00024D0484522D0504520D058451ED06A4ABC
:103DD00090421BD0684A1832904217D0664A30325F
:103DE000904213D0644A483290420FD0624A603207
:103DF00090420BD0604A7832904207D05E4A9032AF
:103E0000904203D05C4AA83290420CD1026822F062
:103E10001E0242F016020260206C88B1206802681F
:103E200042F008020BE0026822F00E0242F00A02A1
:103E30000260206C20B12068026842F00402026037
:103E4000206888424BD0A84249D0B04247D0B842FF
:103E500045D0404543D0484541D050453FD05845D6
:103E60003DD0454A90423AD0434A1832904236D02B
:103E7000414A3032904232D03F4A483290422ED0AE
:103E80003D4A603290422AD03B4A7832904226D056
:103E9000394A9032904222D0374AA83290421ED0FE
:103EA000364A90421BD0354A1432904217D0334ADA
:103EB0002832904213D0314A3C3290420FD02F4AE0
:103EC000503290420BD02D4A6432904207D02B4A98
:103ED0007832904203D0294A8C3290420DD1206E24
:103EE0000268D20303D5026842F480720260E06E79
:103EF00018B1026842F4807202602068884226D0BD
:103F0000A84224D0B04222D0B84220D040451ED092
:103F100048451CD050451AD0584518D016498842FB
:103F200015D015491831884211D0134930318842D3
:103F30000DD011494831884209D00F49603188427B
:103F400005D00D497831884201D00B499031016884
:103F500041F001010160DFE610000240280002404C
:103F600040000240580002407000024088000240B9
:103F7000A0000240B8000240100402400854025859
:103F800070B5044600F022F90546601C02D00448D2
:103F90000078044400F01AF9401BA042FAD370BD27
:103FA000A04600242DE9F84F03247A4D00234FF05A
:103FB00001094FF0B04B4FF00F0AE4E009FA03F6A5
:103FC000324078D00F7907F00307012F01D0022F7C
:103FD0001AD187684FEA430ED1F80CC004FA0EF8E4
:103FE00027EA08070CFA0EFC4CEA070CC0F808C0D8
:103FF000476891F804C0B743CCF3001C0CFA03FCEB
:104000004CEA070CC0F804C00E79F643B6070BD093
:10401000C6684FEA43088F6804FA08FC26EA0C06D3
:1040200007FA08F73743C7600E7906F00306022E39
:1040300012D1DE080F694FEA437C00EB8606B646D4
:10404000366A4FEADC6C0AFA0CF807FA0CF726EA33
:1040500008063743CEF820700F7906684FEA430808
:1040600007F0030704FA08FC07FA08F726EA0C062B
:10407000374307604E6816F4403F1CD0464E376801
:1040800047F00207376036689F0706F00206009681
:1040900023F0030606F1B046B6463F0FD6F8086493
:1040A000DFF8F8800AFA07FC404526EA0C0603D13F
:1040B0004FF0000C3AE065E0DFF8E4C0604502D163
:1040C0004FF0010C32E0DFF8DCC0604502D14FF068
:1040D000020C2BE0DFF8D0C0604502D14FF0030C9A
:1040E00024E0DFF8C8C0604502D14FF0040C1DE0A9
:1040F000DFF8BCC0604502D14FF0050C16E0DFF8D8
:10410000B4C0604502D14FF0060C0FE0DFF8A8C044
:10411000604502D14FF0070C08E0DFF8A0C0604511
:1041200002D14FF0090C01E04FF00A0C0CFA07FC29
:104130004CEA060CCEF808C44F68DBF80060FF02BA
:1041400026EA020600D516435F46CBF80060D1F898
:1041500004C0DBF804605FEA8C2C26EA020600D576
:1041600016437E606E684F6826EA0206BF0300D5DC
:1041700016436E602E684F6826EA0206FF0300D5DC
:1041800016432E605B1C0A6832FA03F67FF416AF02
:10419000BDE8F88F80000058F4440258000002582F
:1041A0000004025800080258000C0258001002587F
:1041B0000014025800180258001C0258002402582B
:1041C0000AB1816170470904FBE70000014880687B
:1041D00070470000A046002402488168027811441C
:1041E00081607047A0460024032010B500F0CAF893
:1041F00002F022FB0F4A104914681368C4F303222B
:1042000003F00F038A5CC95C02F01F0201F01F017A
:10421000D0400A4A20FA01F11160094908600F20D4
:1042200000F010F808B1012010BD00F04DF800209A
:1042300010BD000018440258B0240108B046002404
:10424000AC46002410B5102804468AB02AD20022B9
:104250000146A12000F076F8A12000F065F815488D
:1042600004601548016841F080710160006808A988
:1042700000F080700990684602F06AFA02F0CAFA0B
:104280000E49400000220E4CB0FBF1F10D4840F207
:10429000E7330460C0E90332491EC0E9011203F0AC
:1042A00086FC10B101200AB010BD064803F0B2FC34
:1042B000F9E70000A4460024EC44025840420F00F5
:1042C00000E00040CC5C0024074882B0016841F067
:1042D00002010160006800220F2100F0020000903E
:1042E000901E02B000F02EB8F4440258002809DBFA
:1042F000410900F01F028900012001F1E0219040F6
:10430000C1F88002704700280DDB410900F01F0250
:104310008900012001F1E0219040C1F88001BFF344
:104320004F8FBFF36F8F7047002809DB410900F002
:104330001F028900012001F1E0219040C1F8000135
:10434000704700000E4BF0B41B680D46C3F3022308
:10435000C3F10706042E00D90426191D072901D22E
:10436000002300E0DB1E012404FA06F19C40491EF4
:104370002940641E994014402143F0BC08F01AB84B
:104380000CED00E0064900F0070210B54FF6FF04FF
:104390000868044B204040EA02201843086010BD22
:1043A0000CED00E00000FA052DE9F04F02688346AD
:1043B000FE484FF0000A8DB00C468242564602D1AC
:1043C0000025012001E001250020E8460027814664
:1043D00007EB47017F1C08EBC101F8B204F0E4F8D9
:1043E00020B108204FF0010ACBF85400FFB2022F91
:1043F000EED3BAF1000F7CD1DFF8B0E3DEF80000B5
:10440000C00707D0DEF8001046F0010621F00101D8
:10441000CEF80010E6480068C00706D0E44846F031
:104420000206016821F00101016005EB45030C93D0
:10443000E048424608EBC303DFF87CB30121DC46C9
:104440009F6800EB8707D7F8008428F48078C7F8C6
:104450000084DBF80070FF0732D0DCF80070B9F19F
:10446000010F27F00107CCF800705CD1069B00EB30
:104470008303D3F8007447F00207C3F80074079B66
:104480003BB100EB8303D3F8007447F02007C3F877
:104490000074099B4BB121EA030300EB8303D3F8BB
:1044A000047447F48027C3F804740A9BDBB321EA41
:1044B000030700EB8703D3F8047447F0806730E00C
:1044C0000C9F52F8377077B300EB8707D7F800C41A
:1044D0002CF0010CC7F800C45F683FB100EB870700
:1044E000D7F800C42CF0100CC7F800C4D3F80CC0E7
:1044F00000E057E1BCF1000F09D021EA0C0700EB06
:104500008707D7F804C42CF4803CC7F804C41B699F
:104510004BB121EA030700EB8703D3F8047427F0BB
:104520008077C3F8047409EB4903D4F800C0CDF8D0
:1045300030C0914652F83370BC4518D009EBC30225
:10454000D4F804C0D2F80480C44510D0D4F808C010
:10455000D2F80880C4450AD0D4F80CC0D2F80C8038
:10456000C44504D0D4F810C01269944551D10C9AB6
:10457000BA4219D109EBC302D4F804C0D2F80480BE
:10458000C44511D1D4F80CC0D2F80C80C4450BD16D
:10459000D4F810C01269944506D1DBF8003043F01E
:1045A0000103CBF8003034E000EB870709EBC302CE
:1045B000D7F8003423F00103C7F8003453683BB147
:1045C00000EB8303D3F8007427F01007C3F80074DE
:1045D000936800EB8303D3F8007427F48077C3F863
:1045E0000074D3684BB121EA030700EB8703D3F8CB
:1045F000047427F48037C3F8047412694AB121EABD
:10460000020300EB8302D2F8043423F08073C2F873
:104610000434A3685A4600EB8303D3F8007427F4EC
:10462000407747EA452747F48077C3F80074DBF802
:1046300000C063695F1ECCF3074C674508D95F4F24
:10464000D2F800C007EB03472CF47F033B43136011
:104650001268D207226800EB8202D2F800343FD001
:1046600023F003035B1CC2F8003462684AB100EB1C
:104670008202D2F8003423F0300343F01003C2F872
:104680000034E268D3030AD521EA020300EB830277
:10469000D2F8043423F4E02343F480330AE05AB11F
:1046A00021EA020300EB8302D2F8043423F0E06332
:1046B00043F08073C2F804342269D30307D59143D1
:1046C00000EB8100D0F8041421F4E0214AE0EAB3C1
:1046D000914300EB8100D0F8041421F0E0614EE03A
:1046E00001EB450723F003033B43C2F80034626843
:1046F0005AB100EB8202D2F8003423F0300343EACF
:10470000451343F01003C2F80034E268D3030CD51C
:1047100021EA020300EB8302D2F8043423F4E023FD
:1047200043EA854343F480330CE06AB121EA020393
:1047300000EB8302D2F8043423F0E06343EA85639C
:1047400043F08073C2F80434226900E01BE0D30315
:104750000BD5914300EB8100D0F8041421F4E02143
:1047600041EA854141F440310BE062B1914300EBF5
:104770008100D0F8041421F0E06141EA856141F044
:104780004071C0F80414F00705D0DEF8001041F0C5
:104790000101CEF80010B00704D50548016841F0CA
:1047A000010101600DB05046BDE8F08F005000528D
:1047B00000A0005200B0005200B400520000FFFF01
:1047C000F8B500250446FFF701FD064624B1002098
:1047D0006065206D10B170E001256EE0204600F0AC
:1047E00073F841F28830A065258A6FF0FF012268D6
:1047F000D4F814C00F02636B07EB0545E06801EBCA
:104800000C27D4F81CC0184393683D432D4F284310
:104810003B4040EA0C00184390602068236AC2685D
:1048200022F4E0221A43C2602368228EA06B40EA81
:10483000024018612268E06B5061D4E9000302680D
:1048400001EB032322F4F85119430160A06D00220B
:10485000202133460090204603F014FF05002CD1A0
:104860002068626AC168521E21F0FF011143C160D5
:104870002068A268016821F04001114301602068AE
:10488000D4E90A12D0F80831114323F0A0421143B1
:10489000C0F808112068016841F001010160A069B9
:1048A000022804D12068816841F002018160E0683B
:1048B000B0F1806F03D0022020652846F8BD0120AA
:1048C000FAE70000F4F8E0F82DE9F043B5B004464B
:1048D00014216846FCF70CF8B82106A8FCF708F884
:1048E0004749206888427DD1002019904FF000711F
:1048F0000446CDE9061006A801F05EF908B1FCF700
:104900005EFD4048016841F400110160016801F456
:1049100000110591016841F400210160006800F474
:104920000020059037480C30016841F0010101601A
:10493000016801F001010591016841F00201016087
:10494000016801F002010591016841F01001016068
:10495000016801F010010591016841F00801016052
:10496000006802250927009500F00800DFF898800C
:10497000032603966946CDE90470CDE9015440460B
:10498000FFF710FB062102940820CDE90361CDE971
:10499000000569464046FFF705FB0121DFF86C90F2
:1049A00002AA4FF00408CDE900156946484682E89E
:1049B0005001FFF7F7FA02AA6946484682E8D0009C
:1049C000CDE90085FFF7EEFA0B2111484FF400689E
:1049D000CDF80080CDE90361CDE901546946FFF7C8
:1049E000E1FA00E008E002AA0A48694682E8D0003D
:1049F000CDE90085FFF7D6FA35B0BDE8F0830000B9
:104A000000A00052D444025800000258000402588A
:104A100000100258000C025801680123C0F800354C
:104A2000002280F8F4248869044A40F0006088611C
:104A3000486D1043486500207047000003000010D7
:104A400070470068416200207047F0B503685D6AF6
:104A500039B19F6A4C1E00204FF4827605EB174552
:104A60000BE045EA0240986210E0471C06EB80002C
:104A700053F800C0F8B205EB1C45A042F5D34FF443
:104A8000807000EB810045EA02421A500020F0BD20
:104A9000D0F8080506F0C3BB01EBC10200EB8202AF
:104AA000D0F80805926C06F016BB01EBC10200EBD2
:104AB0008202D0F80805D2F8882206F068BBD0F848
:104AC000080506F0AEBB0A0601F00F0101EBC101BB
:104AD00000EB810101D53C3101E001F51F71006857
:104AE00007F09ABA01F00F020B0670B502EBC20193
:104AF00004464FF001004FF0000504EB810103D59F
:104B000081F83D003C3103E081F87D5201F51F71D1
:104B10000A7094F8BC24012A08D084F8BC042068E8
:104B200006F096FF002084F8BC5470BD022070BDD2
:104B300070B54268044601F00F00904201D901208F
:104B400070BD01F00F024FF000050B0602EBC20131
:104B50004FF0010204EB810103D581F83D203C3187
:104B600003E081F87D5201F51F718D70087094F893
:104B7000BC04012808D084F8BC24206807F0D8F8C9
:104B8000002084F8BC5470BD022070BD01F00F01FC
:104B900001EBC10100EB8100D0F8900270472DE9D4
:104BA000F04101F00F0604460D064FF0010006EB40
:104BB000C6014FF0000504EB810103D581F83D00EB
:104BC0003C3103E081F87D5201F51F714F788A6016
:104BD0000B710E7007B14E83022B00D14D7194F80A
:104BE000BC24012A09D084F8BC04206806F07EFEAB
:104BF000284684F8BC54BDE8F0810220FBE770B57C
:104C000001F00F05002405EBC50100EB810101F562
:104C1000227181E81C0001F80B4C01F80C5DC3689F
:104C2000012B00D1CA61027B006807F0D9F800208F
:104C300070BD70B50D464168044605F00F0088420E
:104C400001D9012070BD29064FF000064FF0010286
:104C500007D500EBC00104EB810181F83D203C3118
:104C600007E005EBC50104EB810181F87D6201F5E8
:104C70001F718A70087094F8BC04012807D084F86A
:104C8000BC24206807F080F8280702D007E0022043
:104C900070BD217B04F2C442206807F01DF800209B
:104CA00084F8BC6470BD70B501F00F04002504EBFE
:104CB000C401012600EB8101483181E82C0001F894
:104CC0000B6C01F80C4DC368012B00D1CA61027B4B
:104CD000006807F085F8002070BD00002DE9FC5F3A
:104CE00005680446284607F038FA00287ED1206877
:104CF00007F05FFA002879D0D5F80808C0F30D2036
:104D0000C4F8FC04206807F054FA800704D5206832
:104D1000416901F002014161206807F04AFAC106C9
:104D200004F2C440009034D52068816921F010015C
:104D300081612F6A07F00F01C7F3434001EBC10106
:104D4000022804EB810606F51F7602D0062811D052
:104D50001AE047F6F070074216D0C7F30A12F1685E
:104D60001746284607F029FAF16870693944F1605E
:104D7000384408E000990822284607F01EFA7069B6
:104D8000C7F30A11084470612068816941F010017D
:104D90008161206807F00DFA00034FF0000A4FF020
:104DA000020B4FF001097CD52068002607F0E0F9DE
:104DB000074674E0F80770D02068F1B207F0F1F907
:104DC0008046C00707D005EB4611C1F8089B314665
:104DD000204603F081FC5FEA087025D505EB4611FB
:104DE0000820C1F8080BFC49206800E042E2026C90
:104DF00000EB461001928A42D0F8081B05D909043D
:104E000003D54FF40041C0F8081B204600F01AFB00
:104E1000F1490198884207D9E068012804D1206847
:104E20000121009A06F058FF5FEAC86004D505EB3F
:104E300046111020C1F8080B5FEA88701CD568691C
:104E4000000605D5D5F8040840F48061C5F80418BB
:104E500006EBC60004EB800090F87F1200F51F708F
:104E6000012905D180F803A02046F1B200F008FA2C
:104E700005EB4611C1F808BB5FEA886004D505EB75
:104E800046112020C1F8080B5FEA884005D505EBE4
:104E900046114FF40050C1F8080B7F08761C002F14
:104EA00088D1206807F085F940036FD5206807F0A6
:104EB00058F90026074667E0F80763D02068F1B28A
:104EC00007F05DF98046C00723D0D5F8342806F0F6
:104ED0000F0C05EB461309FA0CF08243C5F8342891
:104EE000C3F80899E06801280FD106EBC60004EB6F
:104EF0008000D0E911121144816436B9E06C20B908
:104F000020680121009A06F0E7FE2046F1B2FFF783
:104F1000C3FD5FEA087004D505EB46110820C1F80F
:104F200008095FEAC86004D505EB46111020C1F8F6
:104F300008095FEA486004D505EB46114020C1F836
:104F400008095FEA887016D53146284607F0D8F878
:104F500006EBC60004EB800090F83F103C300129BE
:104F600005D180F803A02046F1B200F085F905EBE9
:104F70004611C1F808B95FEA086003D531462046FA
:104F800003F010FC7F08761C002F95D1206807F0F5
:104F900010F9002811DAD5F8040820F00101C5F84D
:104FA000041894F8F40401283BD0204600F02EFAAF
:104FB0002068416901F000414161206807F0F9F87B
:104FC00000050BD5D5F80808C00702D0204600F030
:104FD00061FA2068416901F400614161206807F0CD
:104FE000E8F800010AD52068416901F000614161DB
:104FF00094F8F404E0B1204600F04CFA206807F081
:10500000D8F8C00472D5D5F8040820F00101C5F81D
:1050100004182068102107F073F800214FF67F3242
:105020002DE00021204684F8F4A4FFF709FDBFE736
:1050300084F8F4942068406D0121C0F38300C4F823
:10504000F8042046FFF7FCFCD8E700BF05EB411051
:10505000C0F80829D0F8003923F40013C0F800394B
:10506000C0F8082BD0F8003B23F40013C0F8003B35
:10507000D0F8003B43F00063C0F8003B491C606877
:105080008842E3D8D5F81C0840F00111C5F81C1877
:10509000206B68B1D5F8840840F00B01C5F884187E
:1050A000D5F8440840F00B012846C5F844180DE037
:1050B000D5F8140842F22B010843C5F81408D5F8B6
:1050C000100840F00B012846C5F81018D0F8000869
:1050D00020F4FE61C5F80018217B2068009A06F0D4
:1050E000FBFD2068416901F480514161206807F0AF
:1050F00060F8800417D5206806F038FC206807F0B7
:105100001FF8206101F052FB217C2368CAB20146DE
:10511000184607F0B3F8204600F062F920684169AC
:1051200001F400514161206807F043F8000707D5FA
:10513000204600F06FF92068416901F008014161E3
:10514000206807F036F8000616D5A869012620F079
:105150008001A9610DE000BF06EBC60004EB8000F2
:1051600090F87F02012803D12046F1B2FFF7ABFC93
:10517000761C6068B042EFD8206807F01AF8C002C9
:1051800021D501264F4616E006EBC60105EB461079
:1051900004EB8101D0F8000991F84020012A09D1DF
:1051A000002807DAF0B281F83F7040F08001204615
:1051B000FFF789FC761C6068B042E5D82068416939
:1051C00001F480114161206806F0F3FF800234D5BC
:1051D00001204B4629E000000A30544F00EBC0028A
:1051E00005EB401104EB8202D1F8001B92F88062BB
:1051F000012E19D1002917DA94F8FC6401F48031EA
:1052000006F00106B1420FD182F87F32A96941F060
:105210008002AA616969090606D4D5F8040840F439
:105220000070C5F8040803E0401C61688142D5D8CD
:105230002068416901F400114161206806F0B9FF5E
:10524000400007D52046FFF723FC2068416901F0A4
:1052500080414161206806F0ACFF40070AD5206814
:105260004568680702D52046FFF729FC2068416899
:1052700029434160BDE8FC9FD0F8080506F02AB834
:10528000D0F8080506F03AB82DE9F04104008AB0DC
:1052900005D094F8BD040025266820B108E001205F
:1052A0000AB0BDE8F081204684F8BC5400F066F8EE
:1052B000032084F8BD04F06BC00500D4E5602068CD
:1052C00006F004FD04F11001684628228846FBF729
:1052D000D5FA94E80F0006F057FB0227D8BB2068E8
:1052E000002106F08AFF0020012610E000EBC0013B
:1052F000421C04EB810181F83D6081F840504D640F
:105300008D64CD6481F83C00A1F85600D0B261688C
:105310008142EBD8002011E000EBC001421C04EBFD
:10532000810181F87D5281F88052C1F88452C1F820
:105330008852C1F88C5281F87C02D0B261688142F7
:10534000EAD8282241466846FBF798FA94E80F000D
:1053500006F000FC10B184F8BD74A0E7606A84F820
:10536000385084F8BD64012802D12046FFF754FB71
:10537000206806F0E1FB002092E7000010B5B0B015
:105380000446B8216846FBF7B3FA134920688842FF
:1053900020D100204FF480214FF440122192CDE91A
:1053A0000010684600F008FC08B1FCF708F800F0AF
:1053B000B3F80A48016841F00071016000680022FA
:1053C000052100F000702E904D20FEF7BBFF4D2010
:1053D000FEF7AAFF30B010BD00000440D8440258C8
:1053E00070B504460069012570B1022801D0FBF7B1
:1053F000E6FFD4F80805294605F0EFFFD4F80805C4
:10540000BDE8704005F0A3BF0025F2E7D0F808051D
:1054100005F0CCBFD0F8080505F0D2BF10B50446A2
:1054200090F8BC0401280BD0012084F8381084F8CF
:10543000BC04206806F010FF002084F8BC0410BDF6
:10544000022010BDD0F8082500F2C441104605F036
:10545000D0BF10B590F8BC1404460068012909D0EB
:10546000012184F8BC14C16BC90509D4A16A0129C2
:1054700002D005E0022010BD816B41F480318163D0
:10548000206806F018FE206806F048FB002084F82B
:10549000BC0410BD10B50446D0F8080505F0EBFFBC
:1054A0002068D0F8001E41F00101C0F8001E206AFB
:1054B000002804D00248016841F00601016010BDD7
:1054C00010ED00E0134970B50A68D243520705D5C4
:1054D000096801F00701814213D118E00A6822F03F
:1054E000070202430A60FEF771FE0A4D4FF47A7616
:1054F0000446083D07E000BFFEF768FE001BB0420F
:1055000001D9012070BD2868C0438004F4D4002074
:1055100070BD00000C4802580248016841F08071DB
:10552000016070470C48025810B501F03FF9054979
:105530000968054AC1F30211515C01F01F01C8401E
:1055400010BD000020440258B02401084A4930B57B
:10555000494C0B1D0A680C3409681D68246802F068
:10556000030305F00102C1F30511C4F3CC040029C3
:1055700014FB02F200EE102AF8EE400A76D0414AFF
:105580009FED3E1ADFED3E1AB7EE000A23B1012B64
:105590005AD0022B18D15CE0374C283C23689B067C
:1055A00012D5394B246801EE901A1168C4F3C10476
:1055B000F8EE612AE34001EE903AC1F30801F8EEFB
:1055C000611A81EEA22A07E002EE101A1168F8EEC5
:1055D000422A81EEA22A45E001EE901A1168F8EE07
:1055E000611A40EE811A71EE800A62EE200AC1F360
:1055F000462101EE101AB8EE411A31EE001AC0EE43
:10560000811ABCEEE11A80ED001A1168C1F306415F
:1056100001EE101AB8EE411A31EE001AC0EE811AEE
:10562000BCEEE11A80ED011A1168C1F3066101EECA
:10563000101AB8EE411A31EE000A80EE801ABCEE64
:10564000C10A80ED020A30BD01EE901ADFED0F2A8B
:1056500003E001EE901ADFED0E2A1168F8EE611AF0
:1056600082EEA12AC1F30801B6E7FFE7002101603D
:105670004160816030BD00002844025800000039BC
:105680000024744C304402580090D0030024744A23
:10569000001BB74B494930B5484C0B1D0A68143400
:1056A00009681D68246802F00303C5F30012C1F302
:1056B0000531C4F3CC04002914FB02F200EE102AD9
:1056C000F8EE400A75D03F4A9FED3D1AB7EE000A4A
:1056D0006BB1DFED3D1A012B01D0022B64D002EE3D
:1056E000101A1168F8EE422A81EEA22A21E0334C0A
:1056F000283C23689B0612D5344B246801EE901A8F
:105700001168C4F3C104F8EE612AE34001EE903A57
:10571000C1F30801F8EE611A81EEA22A0BE001EE56
:10572000901ADFED2B2A00BFF8EE611A116882EEA5
:10573000A12AC1F3080101EE901A1168F8EE611A6E
:1057400040EE811A71EE800A62EE200AC1F3462112
:1057500001EE101AB8EE411A31EE001AC0EE811AAD
:10576000BCEEE11A80ED001A1168C1F3064101EEAA
:10577000101AB8EE411A31EE001AC0EE811ABCEED2
:10578000E11A80ED011A1168C1F3066101EE101AE9
:10579000B8EE411A31EE000A80EE801ABCEEC10A62
:1057A00080ED020A30BD04E001EE901ADFED092A17
:1057B000BAE70021016041608160F3E728440258A4
:1057C00000000039384402580024744A0090D00385
:1057D0000024744C001BB74B494930B5484C0B1D95
:1057E0000A681C3409681D68246802F00303C5F3C5
:1057F0000022C1F30551C4F3CC04002914FB02F2CA
:1058000000EE102AF8EE400A75D03F4A9FED3D1A8F
:10581000B7EE000A6BB1DFED3D1A012B01D0022B70
:1058200064D002EE101A1168F8EE422A81EEA22A24
:1058300021E0334C283C23689B0612D5344B246866
:1058400001EE901A1168C4F3C104F8EE612AE34036
:1058500001EE903AC1F30801F8EE611A81EEA22A36
:105860000BE001EE901ADFED2B2A00BFF8EE611A73
:10587000116882EEA12AC1F3080101EE901A1168A5
:10588000F8EE611A40EE811A71EE800A62EE200A8B
:10589000C1F3462101EE101AB8EE411A31EE001A9A
:1058A000C0EE811ABCEEE11A80ED001A1168C1F356
:1058B000064101EE101AB8EE411A31EE001AC0EEA0
:1058C000811ABCEEE11A80ED011A1168C1F306617C
:1058D00001EE101AB8EE411A31EE000A80EE801A7D
:1058E000BCEEC10A80ED020A30BD04E001EE901A60
:1058F000DFED092ABAE70021016041608160F3E72A
:105900002844025800000039404402580024744AD8
:105910000090D0030024744C001BB74B2DE9F04FCE
:10592000A14A0546DFF87CA280F48070DFF88092FF
:1059300089B013119F4C08439C48AAF104064FF00C
:10594000805C4FF0005828D0DFF858B285F48067AB
:105950000F430BF1080B4FD085F400670F4360D065
:1059600085F480570F4372D085F400570F434FF4EE
:1059700080394FF4003E69D085F400270F4373D07F
:1059800085F480370F4370D085F480460E436DD088
:1059900085F400420A436AD02AE0DAF8001001F0E8
:1059A0000701052924D2DFE801F0F9AA6A259F0042
:1059B00006A8FFF7CBFD079809B0BDE8F08F684651
:1059C000FFF768FE0098F7E703A8FFF705FF0398C5
:1059D000F2E72068C0F3C10022FA00F0ECE7226889
:1059E000D2056ED561456CD11846E5E74145E3D057
:1059F0000020E1E74846DFE7DBF8001001F4600132
:105A0000B1F5800F3BD005DC00294AD0B1F5001F6D
:105A1000EED174E0B1F5C00FECD0B1F5000FE7D1D5
:105A200062E0DBF8001001F0E061B1F1007F26D008
:105A300004DCB1B3B1F1807FDAD160E0B1F1407F35
:105A4000D8D0B1F1806FD3D14EE000E01BE0DAF89E
:105A5000001001F4E041B1F5005F10D008DC01B3A3
:105A6000B1F5805FC4D14AE035E058E065E088E0F8
:105A7000B1F5405FBED0B1F5804FB9D134E02068B8
:105A80008000B5D5A0E7DAF8001001F4E021B1F507
:105A9000403F6DD006DC61B149457BD07145A7D14F
:105AA00058E07BE0B1F5802F66D0B1F5A02F9FD1F3
:105AB0000DE000F09DFE7FE76846FFF7EBFD0198E3
:105AC0007AE728E003A8FFF787FE049874E72168C7
:105AD00089038AD48CE7DBF8001011F440310ED032
:105AE000494510D0714583D13168256801F0405196
:105AF0006D077FF574AF00297FF471AF69E7206807
:105B00000001E7D55BE720688000E3D503A8FFF735
:105B100063FE059850E722689203DBD566E730689C
:105B200010F480303AD04845D4D120680001D1D556
:105B30006846FFF7AFFD02983EE7DBF8001001F082
:105B4000E041B1F1405F13D008DC71B1614521D073
:105B50004145BFD120688000B4D449E7B1F1804FFE
:105B60000AD0B1F1A04FB2D042E7FFF7DDFC23E746
:105B700020684007AED52CE72068C005AAD533E7DA
:105B800008E0DAF8001011F04051A0D0614505D0CE
:105B900041459FD1206800018ED429E7206880010B
:105BA00098D505E7504402580090D00300366E01A6
:105BB0000080BB00004402582DE9FE4F0546DFF887
:105BC00000A450F8081B0024FD4FC943019005F1C3
:105BD000280026460AF1240A009008011DD4686EA8
:105BE00050B1B0F5801F0CD0B0F5001F0ED0B0F54D
:105BF000401F1ED001240FE0386840F400303860A8
:105C000017E00198022102F01FFE03E00098022134
:105C100002F0AAFE04000CD026462888C043C00526
:105C200023D4A86D05281ED2DFE800F00C11161B46
:105C30001B006A6EDAF8001021F440111143CAF813
:105C40000010EAE7386840F40030386009E0019855
:105C5000002102F0F9FD03E00098002102F084FE2B
:105C60000446C4B100E0012426462888DFF85083AA
:105C7000C04308F12C0840052FD4D5F8A400B0F596
:105C8000C00F28D010DCB8B1B0F5001F19D0B0F5A6
:105C9000800F0FD11AE0AA6DDAF8001021F0070189
:105CA0001143CAF80010E0E7B0F5000F13D0B0F5CB
:105CB000200F10D001240FE0386840F40030386025
:105CC00009E00198002102F0BFFD03E000980021E7
:105CD00002F04AFE044694B126462888C0430005D7
:105CE00030D4D5F8A800B0F1407F29D011DCC0B184
:105CF000B0F1807F1AD0B0F1007F10D11BE0D5F851
:105D0000A420D8F8001021F460011143C8F8001055
:105D1000E3E7B0F1806F13D0B0F1A06F10D0012491
:105D20000FE0386840F40030386009E00198002145
:105D300002F08AFD03E00098002102F015FE0446FF
:105D400094B126462868DFF878B2C0430BF1200BE7
:105D500080011FD4E86CD8B110280FD0202812D0B1
:105D6000302815D0012414E0D5F8A820D8F8001068
:105D700021F0E0611143C8F80010E3E7386840F40F
:105D80000030386004E00198022102F05DFD044615
:105D900074B126462888C043C0042BD4E86DB0F502
:105DA000005F20D00DDCA0B1B0F5805F0FD115E011
:105DB000EA6CDBF8001021F030011143CBF8001041
:105DC000E8E7B0F5405F13D0B0F5804F10D0012464
:105DD0000FE0386840F40030386009E00198002195
:105DE00002F032FD03E00098002102F0BDFD044600
:105DF0008CB126462888C043800429D4286EB0F58B
:105E0000403F23D010DC08B3B0F5803F14D0B0F58C
:105E1000003F0FD115E0EA6DDAF8001021F4E041FF
:105E20001143CAF80010E5E7B0F5802F0ED0B0F5A9
:105E3000A02F0BD001240AE00198012102F004FDFB
:105E400003E00098012102F08FFD044694B126463C
:105E50002888C04340042AD4D5F8AC00B0F1405F94
:105E600023D010DC08B3B0F1805F14D0B0F1005F34
:105E70000FD115E02A6EDAF8001021F4E021114369
:105E8000CAF80010E4E7B0F1804F0ED0B0F1A04F97
:105E90000BD001240AE00198012102F0D5FC03E0B7
:105EA0000098012102F060FD044674B1264628885E
:105EB000C04300041FD4E86ED8B1B0F1805F0ED0AB
:105EC000B0F1005F10D0012414E0D5F8AC20D8F870
:105ED000001021F0E0411143C8F80010E7E73868EE
:105EE00040F40030386004E00198012102F0ACFC7D
:105EF000044674B126462868C043C0011ED4A86C6D
:105F0000D0B101280ED0022811D0032814D00124CA
:105F100013E0EA6EDAF8001021F040511143CAF89C
:105F20000010E8E7386840F40030386004E0019879
:105F3000022102F089FC04466CB126462868C04361
:105F4000400255D41F48016841F480710160FEF79A
:105F50003DF981460EE0AA6CDBF8001021F0030148
:105F60001143CBF80010E9E7FEF730F9A0EB090088
:105F700064283BD813480068C005F5D5BCBBDFF8E2
:105F80004090B5F8B01009F14409D9F8000001F4C7
:105F9000407100F44070884211D0D9F80010D9F84F
:105FA000002021F4407142F48032C9F80020D9F871
:105FB000002022F48032C9F80020C9F8001003E064
:105FC0002C44025800480258D5F8B000B0F5807F44
:105FD00019D1FEF7FBF8029011E000BFFEF7F6F8CA
:105FE0000299411A41F28830814208D90324264699
:105FF0002878DFF81494C043C00721D03CE0D9F8DA
:1060000000008007EAD5D5F8B010C1F301200328BD
:10601000FE480DD0016821F47C510160B5F8B02034
:10602000D9F80010C2F30B021143C9F80010DFE7E2
:10603000F74A036802EA111223F47C511143ECE79A
:10604000A86F182816D005DCA0B1082808D01028A1
:1060500004D10AE020280DD028280BD001240AE022
:106060000198012102F0F0FB03E00098012102F009
:106070007BFC044664B126462878C04380071ED4C2
:10608000686F062819D2DFE800F0160C11161616F4
:10609000AA6FD9F8001021F038011143C9F8001097
:1060A000EAE70198012102F0CFFB03E0009801210B
:1060B00002F05AFC04467CB100E001242646287810
:1060C000C04340071FD4D5F89000062819D2DFE856
:1060D00000F0160C111616166A6FD9F8001021F090
:1060E00007011143C9F80010E9E70198012102F006
:1060F000ABFB03E00098012102F036FC0446A4B19A
:1061000000E0012426462878C04380062BD4D5F829
:106110008C00B0F1405F24D011DC10B3B0F1805F8F
:1061200015D0B0F1005F10D116E0D5F89020D8F866
:10613000001021F007011143C8F80010E3E7B0F1A7
:10614000804F0ED0B0F1A04F0BD001240AE001988F
:10615000002102F079FB03E00098022102F004FC28
:10616000044694B126462878C04340062BD4D5F87F
:106170009800B0F5406F24D011DC10B3B0F5806FFB
:1061800015D0B0F5006F10D116E0D5F88C20D9F8F5
:10619000001021F0E0411143C9F80010E3E7B0F529
:1061A000805F0ED0B0F5A05F0BD001240AE001980B
:1061B000002102F049FB03E00098022102F0D4FB29
:1061C000044694B126462878C04300062BD4D5F85F
:1061D0009C00B0F5C04F24D011DC10B3B0F5005FC7
:1061E00015D0B0F5804F10D116E0D5F89820D8F82A
:1061F000001021F4E0511143C8F80010E3E7B0F5B6
:10620000004F0ED0B0F5204F0BD001240AE00198CA
:10621000002102F019FB03E00098022102F0A4FB28
:10622000044654B126462878C04300071ED4D5F84A
:106230008000B0F5805F0AD00FE0D5F89C20D8F838
:10624000001021F460411143C8F80010EBE70098FA
:10625000022102F089FB00B10126D5F88020D9F88F
:10626000001021F440511143C9F800102878C043B0
:10627000C00613D4D5F89400B0F5807F05D10098FE
:10628000022102F071FB00B10126D5F89420D8F864
:10629000001021F440711143C8F800102868C04371
:1062A000000316D4D5F8A00038B1B0F5803F09D06E
:1062B000B0F5003F0BD001240AE00198002102F064
:1062C000C3FA03E00098022102F04EFB04468CB1B1
:1062D00026462868C043400322D4D5F88400B0F590
:1062E000801F11D0B0F5001F13D0B0F5401F15D09E
:1062F000012414E0D5F8A020D8F8001021F4403192
:106300001143C8F80010E4E7386840F40030386002
:1063100004E00098012102F027FB04465CB1264608
:106320002868C043C0031CD4286D70B1B0F5803F0D
:1063300010D0012414E0D5F88420D9F8001021F4FD
:1063400040111143C9F80010EAE7386840F4003002
:10635000386004E00198022102F076FA0446DCB1CC
:1063600026462868C043800005D40098022102F028
:10637000FBFA00B101262868C04380031BD4E86FF4
:10638000B8B1B0F5807F10D0B0F5007F11D0B0F576
:10639000407F0ED001240DE02A6DDBF8001021F4BF
:1063A00080311143CBF80010DBE7386840F400304F
:1063B00038607CB326462868C043C00207D42A6FE1
:1063C000DAF8001021F000411143CAF800102868E3
:1063D000C043800207D4AA6EDAF8001021F0807161
:1063E0001143CAF800102868C043400009D4074888
:1063F000016821F4004101600168D5F8B42011431F
:1064000001602868C04306E0544402581044025812
:10641000CFFFFF001DE007D46A6DDBF8001021F00C
:1064200040511143CBF800102868C043000208D443
:10643000D5F88820D9F8001021F440011143C9F89B
:10644000001028790024C04300F00100204309D047
:106450000EE0EA6FD9F8001021F440711143C9F839
:106460000010A8E70198002102F0EEF900B10646FD
:106470002879C04300F00200204305D10198012192
:1064800002F0E2F900B106462879C04300F00400AA
:10649000204305D10198022102F0D6F900B1064649
:1064A0002879C04300F00800204305D1009800215E
:1064B00002F05AFA00B106462879C04300F01000F5
:1064C000204305D10098012102F04EFA00B10646A2
:1064D0002879C04300F02000044304D10098022131
:1064E00002F042FA00B916B10120BDE8FE8F00208B
:1064F000FBE700002DE9F05F04000F467ED0DFF8D7
:106500003882D8F8000000F00F00B8420CD2D8F85A
:10651000001021F00F013943C8F80010D8F800002E
:1065200000F00F00B84269D12078844D40070AD5A9
:106530002069296801F07001884204D9296821F096
:1065400070010143296020787C4E361D00070AD572
:106550006069316801F07001884204D9316821F026
:106560007001014331602078C0060AD5A069316806
:1065700001F4E061884204D9316821F4E06101430B
:1065800031602078DFF8B4B180060BF1080B0CD530
:10659000E1695846DBF8002002F07002914204D90C
:1065A000026822F070020A430260207880070AD550
:1065B000E068296801F00F01884204D9296821F0B8
:1065C0000F01014329602078C0073ED05B49A268D3
:1065D0002868183920F47060104328606068022829
:1065E00018D0032819D00968012819D049070029B3
:1065F0004ADADFF848A1AAF1080A00E044E0DAF834
:10660000002022F007020243CAF80020FDF7DEFD59
:10661000814612E009688903E9E709688901E6E72C
:10662000C905E4E7FDF7D2FDA0EB090141F288308E
:10663000814202D90320BDE8F09F6168DAF80000CA
:1066400000F03800B0EBC10FECD1207880070AD5FC
:10665000E068296801F00F01884204D2296821F01E
:106660000F0101432960D8F80010404601F00F01E6
:10667000B9420BD9016821F00F013943016000686C
:1066800000F00F00B84201D00120D4E72078400785
:106690000AD52069296801F07001884204D229686E
:1066A00021F0700101432960207800070AD5606954
:1066B000316801F07001884204D2316821F0700124
:1066C000014331602078C0060AD5A069316801F421
:1066D000E061884204D2316821F4E0610143316015
:1066E000207880060CD5E1695846DBF8002002F0DE
:1066F0007002914204D2026822F070020A430260E2
:1067000000F09AF80E492A682B68C2F3032203F0BE
:106710000F038A5CC95C02F01F0201F01F01D04028
:10672000084A20FA01F1116007490860074800682B
:10673000BDE8F05FFDF786BD002000521844025806
:10674000B0240108B0460024AC460024A44600242E
:1067500070B5144C3F220260124A24680832131D9F
:10676000114D04F00704446016681C1D06F47066A1
:106770008660166806F00F06C660126802F07002A6
:1067800002611A6802F0700242611A6802F4E06263
:106790008261226802F07002C261286800F00F0076
:1067A000086070BD104402580020005230B500F05F
:1067B00043F80B4A0B490C4B15681468C5F30322C8
:1067C00004F00F048A5C095D02F01F0201F01F0152
:1067D000D040064A20FA01F119601060084630BD29
:1067E00018440258B0240108B0460024AC460024E6
:1067F00000B5FFF7DBFF05490968054AC1F302113F
:10680000515C01F01F01C84000BD00001C4402584B
:10681000B024010800B5FFF7C9FF05490968054A1A
:10682000C1F30221515C01F01F01C84000BD00000E
:106830001C440258B0240108454970B54548096810
:10684000434B103B11F0380208D00111082A03D045
:10685000102A0BD0182A0BD0084670BD196889067B
:10686000FBD51968C1F3C101C84070BD3A4870BD7D
:106870003749374D18310C1D24350A6809682668D8
:106880002D6802F0030406F00102C1F30511C5F3FF
:10689000CC0515FB02F200EE102AB8EE400AE9B36F
:1068A0002F4ADFED2E0AB7EE001A6CB1DFED2D1A7C
:1068B000012C01D0022C43D002EE101A1068F8EE21
:1068C000422A81EEA22A1EE01C68A40611D51B688C
:1068D00001EE901A1168C3F3C103F8EE612AD840A3
:1068E00001EE900AC1F30800F8EE611A81EEA22AC7
:1068F0000BE001EE901ADFED1C2A00BFF8EE611AE2
:10690000106882EEA12AC0F3080001EE900AF8EEAA
:10691000611A40EE201A31EE810A00E015E022EE05
:10692000000A1068C0F34620401C00EE900AF8EE02
:10693000600A80EE201ABCEEC10A10EE100A70BD8B
:1069400001EE901ADFED092AD8E7002070BD0000A3
:10695000104402580090D00300366E010000003948
:10696000304402580024744A0024744C001BB74B76
:106970002DE9F05F04007DD0FF4F2078FE4D1837E1
:10698000DFF8F483103DC00748D0D8F8000039681C
:1069900000F03800102815D0182803D101F00300AA
:1069A00002280FD06068B0F5803F12D010B1B0F56A
:1069B000A02F18D0286820F480302860286820F4A0
:1069C000802009E02868800328D560680028D2D09C
:1069D00024E0286840F480302860606888B1FDF7C2
:1069E000F5FB064609E0286840F480202860F0E7BF
:1069F000FDF7ECFB801B64287ED828688003F7D560
:106A00000CE0FDF7E3FB064605E000BFFDF7DEFB0B
:106A1000801B6428F0D828688003F7D4207880078A
:106A200056D5D8F80000DFF85093396810F03800D8
:106A3000A9F10C090ED0182801D188070AD0E06806
:106A4000A8B3296821F0190101432960FDF7BEFBB5
:106A5000064628E02868400702D5E06800288AD06A
:106A6000E168286820F0190008432860FDF7AEFBB4
:106A7000064606E0D2E000BFFDF7A8FB801B022817
:106A8000BAD828684007F7D5217CD9F8002022F031
:106A9000FE4242EA0161C9F8001019E0FDF796FBD9
:106AA000801B0228A8D828684007F7D5ECE7FFE745
:106AB000286820F001002860FDF788FB064604E006
:106AC000FDF784FB801B022896D828684007F7D47E
:106AD0002078C00646D5D8F80000DFF89C923968C7
:106AE00000F03800A9F10409082812D0182805D1AF
:106AF00001F00300012800E0CEE00AD0E0690028A0
:106B0000286820D040F080002860FDF75FFB064633
:106B100015E02868C00502D5E06980287ED194F888
:106B20002010D9F8002022F07C5242EA0161C9F815
:106B3000001017E0FDF74AFB801B0228A0D8286848
:106B4000C005F7D5EBE720F080002860FDF73EFB9D
:106B5000064604E0FDF73AFB801B022890D828681F
:106B6000C005F7D42078000729D5834861696430CF
:106B700000298146016811D041F001010160FDF753
:106B800025FB064605E000BFFDF720FB801B022821
:106B900088D8D9F800008007F6D510E021F001016F
:106BA0000160FDF713FB064605E000BFFDF70EFB95
:106BB000801B022870D8D9F800008007F6D420780E
:106BC000800623D5A0690028286810D040F48050A2
:106BD0002860FDF7FBFA064605E000BFFDF7F6FA70
:106BE000801B022858D828688004F7D50EE020F4CE
:106BF00080502860FDF7EAFA064604E0FDF7E6FA61
:106C0000801B022848D828688004F7D420784007E1
:106C100051D5DFF86891D9F8001000E015E141F492
:106C20008071C9F80010FDF7D1FA064605E000BFF3
:106C3000FDF7CCFA801B64282ED8D9F80000C005D7
:106C4000F6D54D4EA068603601280AD008B1052857
:106C500013D0306820F001003060306820F004006C
:106C600002E0306840F001003060A06841F2883AEC
:106C700098B1FDF7ABFA81460AE0306840F00400B5
:106C80003060EEE7FDF7A2FAA0EB0901514503D809
:106C900030688007F6D50EE072E0FDF797FA81467E
:106CA00006E000BFFDF792FAA0EB0901514567D855
:106CB00030688007F6D4606A00287CD0DFF8B8A07E
:106CC000D8F800100AF1200A4FF6F87B0AF1040800
:106CD000C1F3C2010329AAF104096DD00228286872
:106CE00020F08070286003D0FDF770FA044681E040
:106CF000FDF76CFA064604E0FDF768FA801B0228EF
:106D000075D828688001F7D4E26A40F2F331386818
:106D100054F8283F884340EA021018433860217B2A
:106D20004FF4FE0C22894FF0FE47208A4902267D4F
:106D3000521E401EA1F5007189B2C2F30802114330
:106D4000761E0CEA00400143484607EA06621143FA
:106D5000CAF80010D9F8001021F00101C9F800109C
:106D6000D8F80030266A23EA0B0343EAC601C8F8C4
:106D70000010D9F8001004E01044025800480258EE
:106D800035E0A26921F00C011143C9F80010016837
:106D9000E26921F0020111430160016841F4803190
:106DA0000160016841F400310160016841F4802113
:106DB0000160016801E06CE020E041F00101016048
:106DC000286840F080702860FDF700FA044604E06F
:106DD000FDF7FCF9001B022809D828688001F7D5C7
:106DE00057E000BFFDF7F2F9001B022802D903208B
:106DF000BDE8F09F28688001F4D44AE03968012892
:106E0000DAF8000021D0A26A01F0030393421CD1FA
:106E1000E26AC1F305118A4217D1216BC0F308025F
:106E2000491E8A4211D1616BC0F34622491E91422C
:106E30000BD1A16BC0F30642491E914205D1E16B13
:106E4000C0F30660491E814201D00120D0E7A16C49
:106E50004646D8F80000C0F3CC00814219D0D9F8DA
:106E600000004D4620F00100C9F80000FDF7AEF922
:106E70004FEA0007FDF7AAF9B842FBD0A26C3068D0
:106E800020EA0B0040EAC2003060286840F00100B0
:106E900028600020ACE700002DE9F843044690F894
:106EA000800001284BD04FF0010884F88080072231
:106EB00045F6C05184F8812064223F4800260068CE
:106EC000B0FBF1F05043009020680168890523D59C
:106ED000016921F00801016120680099491E0091B3
:106EE00030D001690907F8D4016841F4806101607C
:106EF00020680099491E00912BD001688905F8D4BB
:106F0000816941F40061816120680099491E009106
:106F100026D041690905F8D42068402700258068FB
:106F2000000426D5A06F20B30565A06FFBF794FE83
:106F3000F8B1A06FFCF782F9202818D019E00220E0
:106F4000BDE8F883D4F8841041F04001C4F88410FF
:106F5000CAE7D4F8841041F04001C4F88410CFE7A8
:106F6000D4F8840040F04000C4F88400D4E7C4F8AA
:106F700084702068806840040DD5E06F58B10565C5
:106F8000E06FFBF769FE30B1E06FFCF757F920289E
:106F900001D1C4F88470204602F034F9D4F884009A
:106FA000400601D5012601E0C4F8845084F88050E1
:106FB00084F881803046C3E7AC4600240749884204
:106FC0000BD107494878002807D04868002804D02A
:106FD00002228A60114607F0E5BA7047445B00243C
:106FE000044600242DE9F0470446006800210369A7
:106FF0004269876894F8816000F130095FEA025CB9
:1070000003EA02050AD51A0708D5816941F400612F
:107010008161204600F07DFABDE8F08715F0600F31
:1070200008D1680706D5616F20468847216F204642
:107030008847012105F04100012805D1680703D4E4
:10704000216F20468847012105F02200022806D141
:10705000680704D4616F2046BDE8F047084700295F
:10706000DAD128074FF001085BD52068816941F02B
:10707000080181612068816941F010018161206807
:10708000816941F4006181612068016921F0080192
:1070900001612068806810F4404F20D023E0E06850
:1070A0000F2806D92068616E006B0860606E001DB5
:1070B0000FE0072806D9B9F80000616E0880606EFD
:1070C000801C06E02068616E90F830000870606EE9
:1070D000401C6066B4F86A00401EA4F86A00B4F868
:1070E0006A000028DBD1204602F0C6F884F88180CF
:1070F000D4F8840018B12046FFF760FF8CE7052E16
:1071000007D0042E09D0032E86D1204600F026FD9C
:1071100082E7204600F03FFD7EE7204600F0F8F9C8
:107120007AE715F4587FE9D068060AD5D4F88400C8
:1071300040F00400C4F884002068816941F04001F7
:107140008161A8050AD5D4F8840040F00100C4F894
:1071500084002068816941F400718161E8050AD5E5
:10716000D4F8840040F00800C4F8840020688169E5
:1071700041F480718161A8060AD5D4F8840040F0FA
:107180008000C4F884002068816941F02001816199
:10719000D4F884000028B1D0206840F26B32C7F3E5
:1071A00081310368032923F001010160206801692E
:1071B00021EA0201016102D084F881809BE7206806
:1071C000104D816821F440418160E06F50B1056548
:1071D000E06FFBF7F1FE28B1D4F8840040F04000E6
:1071E000C4F88400A06F002888D00565A06FFBF765
:1071F000E3FE00288CD0D4F8840040F04000C4F8AE
:10720000840009E7359300082DE9F047040029D0F0
:10721000594A4FF000092068584B594D9042C4F824
:10722000289006D0984204D0A84202D0E1680F29E5
:1072300018D8E1684FF0010AE76B0831C9080AEB7A
:1072400057167143904205D0984203D0A84201D00E
:10725000082907D8904203D0984201D0A84204D10F
:10726000102902D90120BDE8F08794F8810020B9E7
:10727000204684F8809000F085F8022084F8810090
:107280002068016821F0010101602068A16982681D
:10729000B1F1806F02F4F81110D16268B2F5800F7D
:1072A00001D01AB10AE0A26B22B107E0A26BB2F1E1
:1072B000805F03D1026842F480520260606840023D
:1072C00009D5E068072806D32068236D026822F4F8
:1072D00080721A4303E02068026822F48072026020
:1072E000A66AE069E26B25683043E3680A4310430D
:1072F0001843A860D4E90D02D4E90581636A2569C1
:107300001843D4F820C00A43266810432843A56DCB
:10731000D4E90172D4E9123140EA080040EA0C00D5
:1073200038430843104318432843F060606868B945
:107330002068816821F4C05141F4006181602068B7
:10734000816821F4C06141F4806181602068016D31
:1073500021F0010101656068400206D52068626D78
:10736000C16821F000411143C160C4F8849084F8E1
:1073700081A0002077E70000003001400038004085
:10738000003C00402DE9F047B4B0064614212EA879
:10739000F9F7AEFAB8216846F9F7AAFA5649022772
:1073A00030680024524D4FF00308DFF848A18842AE
:1073B0004FF005095CD1811417940020CDE900102D
:1073C0006846FEF7F9FB08B1F9F7F9FF48481030B5
:1073D000016841F480510160006800F480503390EE
:1073E000286840F008002860286800F00800339002
:1073F000286840F00200286028688021CDE92E1717
:1074000000F002004D46CDE930482EA9CDE932907A
:107410003A48FCF7C7FD08215046CDE92E17CDE9C3
:1074200030482EA93295FCF7BDFD354D4022354838
:10743000262101C50315D00285E81600C5E90334ED
:107440006C61C5E90640281F2C622D1FFCF76CFA01
:1074500008B1F9F7B4FFB56700220521AE63232018
:10746000FCF770FF2320FCF75FFF34B0BDE8F08726
:1074700025498842F9D1811417940020CDE90010E4
:107480006846FEF799FB08B1F9F799FF18480830EC
:10749000016841F480410160006800F4804033904D
:1074A000286840F004002860286800F00400339049
:1074B000286840F002002860286830AA45464E46F9
:1074C00000F0020033900620CDE92E0782E870001C
:1074D0000E482EA9FCF766FD4FF4005030AACDE906
:1074E0002E072EA9504682E87000FCF75BFDBCE732
:1074F000E04402580004025800300140000C0258D9
:10750000545C00241000024000380040000802587B
:10751000704770472DE9FC5F0446006817468A46AD
:107520000021994694F8802000F1200B0191012A56
:107530000DD04FF0010884F88080FCF747FE064626
:1075400094F881000025012804D0022034E00220B4
:10755000BDE8FC9FBAF1000F2DD067B3A1680320EE
:10756000C4F85CA0A4F8607084F88100C4F884506A
:10757000A4F862706566A4F86850A4F86A50B1F582
:10758000C02F65672567206819D0C16821F4C02124
:1075900041F40031C160206841686FF30F01394345
:1075A00041602068016841F0010101606068B0F548
:1075B000800F09D00DE0012084F88050C8E70168F1
:1075C00041F400610160E6E72068016841F4007160
:1075D0000160E0680F281CD820E020684169890715
:1075E0000BD5E16D09680162E06D001DE065B4F83E
:1075F0006200401EA4F862000BE0FCF7E7FD811B6F
:10760000494503D3B9F1FF3F03D099E0B9F1000F29
:1076100030D0B4F862000028DFD177E007282DD8F9
:1076200070E02068416989071CD5B4F8621001290F
:107630000BD9E16B49B1E16D09680162E06D001D94
:10764000E065B4F86200801E09E0E06D0188ABF8E7
:107650000010E06D801CE065B4F86200401EA4F8E4
:1076600062000BE0FCF7B2FD811B494503D3B9F181
:10767000FF3F03D064E0B9F1000F61D0B4F86200BD
:107680000028CED142E02068416989072ED5B4F8A0
:10769000621003290CD9E16B402909D9E16D096811
:1076A0000162E06D001DE065B4F86200001F1AE0A1
:1076B000B4F8621001290CD9E16B51B1E06D018879
:1076C000ABF80010E06D801CE065B4F86200801E2D
:1076D00009E0E16D097880F82010E06D401CE0655C
:1076E000B4F86200401EA4F862000BE0FCF76EFDE7
:1076F000811B494503D3B9F1FF3F03D020E0B9F125
:10770000000F1DD0B4F862000028BCD100224B4607
:1077100008212046009601F049FE28B1D4F88400E3
:1077200040F02000C4F88400204601F0A5FD84F854
:107730008180D4F8840084F8805080B1012007E76C
:10774000204601F099FDD4F8841084F8805041F46B
:107750008071C4F8841084F881800320F8E60198D1
:10776000F6E62DE9FF4F83B090F8801004460068DC
:1077700001294FF00001109F1D46019100F12001E9
:1077800000F130009346029100900ED04FF0010AB4
:1077900084F880A0FCF71AFD94F881108046002040
:1077A0002E46012905D0022133E0022007B0BDE8B2
:1077B000F08F049961B3BBF1000F29D045B30521C7
:1077C000814684F88110C4F88400C4F864B0A4F839
:1077D0006A50A4F868500499E165A4F86250A4F8CE
:1077E0006050206760672068C16821F4C021C160D3
:1077F000206841686FF30F012943416020680168E8
:1078000041F0010101606068B0F5800F05D009E02A
:10781000012184F880000846C8E72068016841F427
:1078200000710160E0680F2830D841E020684169AC
:1078300089070DD565B1E16D09680162E06D001D34
:10784000E065B4F86200401EA4F86200B4F862502B
:1078500048F208022068416911420DD066B1006B00
:10786000616E0860606E001D6066B4F86A00401EBC
:10787000A4F86A00B4F86A60FCF7A8FCA0EB080062
:10788000B84202D3781C01D004E01FB155EA0600CB
:10789000CCD187E0204601F0EFFCD4F8842084F8B6
:1078A000809042F48071C4F8841084F881A043E091
:1078B000072830D873E02068406980070ED56DB185
:1078C000E06D018802980180E06D801CE065B4F8ED
:1078D0006200401EA4F86200B4F86250206840695B
:1078E000C0070ED06EB100980188606E0180606E96
:1078F000801C6066B4F86A00401EA4F86A00B4F800
:107900006A60FCF763FCA0EB0800B84202D3781C65
:1079100001D004E01FB155EA0600CCD142E0204678
:1079200001F0AAFCD4F8842084F8809042F480709E
:10793000C4F8840084F881A0032037E720684169F7
:1079400089070ED56DB1E16D097880F82010E06DE2
:10795000401CE065B4F86200401EA4F86200B4F870
:10796000625020684169C9070ED06EB190F83000AE
:10797000616E0870606E401C6066B4F86A00401E5C
:10798000A4F86A00B4F86A60FCF720FCA0EB0800D9
:10799000B84202D3781C02D07CE7002FFCD055EA15
:1079A0000600CBD100223B4608212046CDF80080BE
:1079B00001F0FCFC28B1D4F8840040F02000C4F8A9
:1079C0008400204601F058FC84F881A0D4F884108B
:1079D00084F8809009B10120E8E60198E6E600000D
:1079E0002DE9F041044690F880001646012809D0A0
:1079F00094F881000127002584F88070012804D0C4
:107A0000022035E00220BDE8F08181B37EB3A26898
:107A10000320E165A4F8606084F88100C4F8845014
:107A2000A4F86260656665672567A4F86850A4F8E5
:107A30006A50B2F5C02F20681DD0C16821F4C02162
:107A400041F40031C0F80C10E1684FF480420F2976
:107A500003D9A06F8069904209D1A06F07294FF424
:107A600000530DD9806998421BD0904219D0012053
:107A700084F88050C7E7016841F400610160E3E7E2
:107A80008169994205D1B4F86210491C4908A4F8EB
:107A90006210806990420ED1B4F86200C01C800868
:107AA00007E00F2907D8904205D1B4F86200401CC6
:107AB0004008A4F86200A06F25490164A16F254821
:107AC000C863A16F2448C864A06F056520688168F9
:107AD00021F400418160B4F862302268E16DA06F4A
:107AE0002032FCF7FFF858B1D4F88410384684F8F7
:107AF000805041F01001C4F8841084F8817082E74E
:107B0000A06FC069B0F5807F206841686FF30F01F6
:107B100000D0314341602068816841F400418160B8
:107B20002068016941F4487101612068016841F0F1
:107B3000010101606068B0F5800F04D12068016820
:107B400041F400710160284684F880505BE7000032
:107B50007B930008859300084F9300080B4910B5EC
:107B6000884211D10A4C607800280DD06068002846
:107B70000AD0012006F0E8F90120A0600146606803
:107B8000BDE8104006F00EBD10BD0000445B0024AF
:107B90000446002470477047024A136883430B432E
:107BA000136070470404005870477047704710B561
:107BB000040003D094F83D0010B107E0012010BD8F
:107BC000002084F83C00204600F022F8022084F8CF
:107BD0003D002068211D02F0C5FD012084F8480009
:107BE00084F83E0084F83F0084F8400084F84100A7
:107BF00084F8420084F8430084F8440084F8450087
:107C000084F8460084F8470084F83D00002010BD49
:107C10007047000090F83D10012901D00120704705
:107C20001A4A022180F83D100168CB6843F0010335
:107C3000CB60006890421AD0B0F1804F17D0144941
:107C4000884214D01349884211D0134988420ED07B
:107C5000124988420BD01249884208D01149884203
:107C600005D01149884202D01049884207D1816865
:107C70000F4A1140062906D0B1F5803F03D00168B4
:107C800041F0010101600020704700000000014048
:107C90000004004000080040000C004000040140C7
:107CA000001800400040014000E0004000E40040B7
:107CB00007000100704770B504460068002501699F
:107CC000C943890715D4C168C943890711D4EA1E7D
:107CD000026101212177206880698007204602D057
:107CE000FFF7E8FF04E000F0A7F8204600F0A5F851
:107CF000257720680169C943490717D4C168C9437A
:107D0000490713D402216FF0040202612177206831
:107D1000806910F4407F204602D0FFF7CBFF04E0DB
:107D200000F08AF8204600F088F82577206801697D
:107D3000C943090716D4C168C943090712D40421ED
:107D40006FF00802026121772068C0698007204631
:107D500002D0FFF7AFFF04E000F06EF8204600F01D
:107D60006CF8257720680169C943C90617D4C16832
:107D7000C943C90613D408216FF0100202612177AC
:107D80002068C06910F4407F204602D0FFF792FFC0
:107D900004E000F051F8204600F04FF82577206805
:107DA0000169C943C90708D1C168C943C90704D1DA
:107DB000891E0161204600F041F820680169C9432D
:107DC000090609D4C168C943090605D46FF08001CA
:107DD00001612046FFF7E9FE20680169C943C90532
:107DE00009D4C168C943090605D46FF480710161E3
:107DF0002046FFF7D9FE20680169C943490609D426
:107E0000C168C943490605D46FF0400101612046AD
:107E100000F01EF820680169C94389060BD4C168C7
:107E2000C943890607D46FF0200101612046BDE8EF
:107E30007040FFF7BBBE70BD7047704700680349D4
:107E4000884201D1FCF7C8B97047000000E000404B
:107E50007047FEE786B014216846F8F749FD254CC7
:107E600040F2FF77244800213A46FAF76DF838B11E
:107E7000A06A401CA0624FF4FA7006F07BFAF1E7AA
:107E800001261D48FAF744FE20B91B480221FAF7E3
:107E9000ADFD60B11848FAF7BFFEA06A401CA062B1
:107EA000FCF794F90146684601F0F8FC1CE0124822
:107EB000FAF7F8FB85B21048FAF7AEFE6563FCF7F7
:107EC00085F902462946684601F0F3FC8DF8140056
:107ED00050B10A48002305A91A46006806F006FBBF
:107EE00010B1E06A401CE0620A2006F043FA002E5E
:107EF000C7D1B7E7FC430120785A0024004600248C
:107F0000F0B500230A251C463026372711E000BFB4
:107F1000B5EB107F02D906EB107C01E007EB107C7B
:107F200001F813C001EB430C00015B1C8CF801400D
:107F3000DBB29342ECD3F0BD00EB8100006E00F0A9
:107F4000F84070478068C0F3C00070478068C0F395
:107F5000800070478068C0F380007047C06810F4EC
:107F6000406F01D0002070470120704710B50424F5
:107F700004EAD1540723C1F3045120448B408A40C2
:107F8000416999431143416110BD000000EB81013B
:107F9000034B51F8600F20F0004010430860704719
:107FA0000060025830B58DB023A226A129A001F0AF
:107FB000AFFA00246846242109940A940B94F8F738
:107FC00097FC2A480425284B4FF410120121036026
:107FD000C0E90124C0E9044504764476C16180F813
:107FE00020408462C4620463C463046480F8444033
:107FF0008164FAF75BFB08B1F9F7E1F91B4809A9BD
:108000000994F9F7EFFF08B1F9F7D9F918480621F3
:1080100040F2FF7203928DE8230014486946CDE9CF
:1080200004548DF82140FAF771F8002801D0F9F7CF
:10803000C6F90DB030BD00004D415A452030312009
:10804000563300004C434420504F4C4C494E47207F
:108050004F4B000041444320494E495449414C494B
:108060005A494E470000000000200240785A002480
:108070000000B84F094808B5016841F001010160EE
:1080800000680022052100F0010000900B20FCF7A1
:1080900059F9BDE808400B20FCF746B9D84402580E
:1080A00010B501F0ABF9164A0021164806F002FBA4
:1080B000154C0021124A24326060144806F0FAFA86
:1080C0000F4A0021A0601248483206F0F3FA0C4A29
:1080D0000021E0600F48243A06F0ECFA2060616865
:1080E00029B1A16819B1E16809B1002806D10A498E
:1080F0000420C863BDE81040F9F761B910BD000065
:108100003C240108CDA5000814460024898A0008F3
:10811000557E000889840008FC4301202DE9F04FBA
:1081200087B014216846F8F7E3FB4E48016841F038
:1081300004010160016801F004010591016841F04A
:1081400080010160016801F080010591016841F042
:1081500001010160016801F001010591016841F030
:1081600002010160016801F002010591016841F01E
:1081700010010160016801F010010591016841F0F2
:108180000801016000680122DFF8DCB04EF229012D
:1081900000F0080005905846FCF712F840F6024738
:1081A000324800223946FCF70BF84FF400483048BB
:1081B00001224146FCF704F84FF480592B48012274
:1081C0004946FBF7FDFF4FF4806A2A4800225146DA
:1081D000FBF7F6FF0024694601254FF4604000904C
:1081E000CDE9015458460394FBF7DCFE03266946AB
:1081F0002920CDE90005CDE902465846FBF7D2FE1D
:1082000000976946CDE9015418480394FBF7CAFE6C
:108210004FF4A0506946CDE9000415480294FBF7DD
:10822000C1FECDF800806946CDE9015410480394A1
:10823000FBF7B8FE0D486946CDE90095CDE9025639
:10824000FBF7B0FECDF800A06946CDE9015409481E
:108250000394FBF7A7FE0021E806FFF79DFC07B09B
:10826000BDE8F08FE04402580008025800040258AC
:1082700000100258000C025870B586B01BA21EA157
:1082800021A001F045F918216846F8F731FB244890
:108290000822224D0021012417238160D606E0E840
:1082A0000352042580E81A0000F11403C0E9031406
:1082B00083E862000162C0E90912C16201631848E3
:1082C000FCF77EFA08B1F9F77AF84FF0011041F2A5
:1082D000883269460094CDE902401148FCF764F801
:1082E000002801D0F9F76BF806B070BD4D415A4532
:1082F00020303120563300004C434420504F4C4C2A
:10830000494E47204F4B0000464C41534820494EB0
:10831000495449414C495A494E47000000A0005277
:10832000E85A00242DE9F041174C4FF48002174918
:1083300007255311D6006EC4002017014FF0805C52
:1083400084E88110E060110220616061A061C4E9ED
:108350000810A062E06220636063A063E0632064B1
:108360006064143C0848FEF74FFF08B1F9F727F89E
:108370004FF0004060652068C16841F00041C16075
:10838000BDE8F04101F0A0B8445B0024003001409A
:108390002DE9F04117A21AA11DA001F0B9F8234858
:1083A00007264FF08042DFF880C00021551105619B
:1083B0001311C0E90216C0E9072141621712816258
:1083C0009411C162C0E90D21C163016441648164FB
:1083D000C164016541658165C0E90543C0E900C725
:1083E000FEF712FF002803D0BDE8F041F8F7E7BF21
:1083F000BDE8F0814D415A45203031205633000010
:108400004C434420504F4C4C494E47204F4B0000AA
:10841000494D552053504920494E495449414C49F2
:108420005A494E470000000000380040CC5B002451
:1084300010490122104810B502F028FE08B1F8F7E3
:10844000BEFF0E490C4803F041F808B1F8F7B7FF3A
:108450000B49094802F0C0FB08B1F8F7B0FF064825
:1084600003F0BAF808B1F8F7AAFFBDE81040FDF72D
:1084700053B8000024460024185D00248C470024D3
:108480008C460024FEE7000096B038216846F8F7D5
:108490002FFA05F09BFF4FF06409B0FBF9F606B91F
:1084A00001263D4801F008FE3B48694601F0F8FD11
:1084B00001F0BAF8074601F0CDF908906FB3FBF769
:1084C00085FE804605F07BFF0446684606F0D8FE30
:1084D000344405F074FF201A002802DC05F06FFF19
:1084E0008419204605F054FF0EA801F043F9F8B1B5
:1084F000FBF76CFE0546149840071DD50C9800222A
:108500009FED260A401C0C902348114601F01AFEEC
:108510002148694601F0C4FD2DE00B98401C0B90EA
:10852000684606F0ADFE05F051FF05F023FFB8E701
:1085300001F090F90890F0E7A5EB080000EE100AB2
:10854000DFED170A144811AAB8EE400A0EA920EE72
:10855000200A01F0F7FD80460F48694601F0A0FDB2
:10856000B8F1000F04D00A980995401C0A9002E067
:108570000C98401C0C900A98A846B0FBF9F209FB35
:10858000120018B9002008F0BFF80D90684606F0F8
:1085900077FE002F9CD184E744590024000000009E
:1085A0006F12833AFEE70000F0B503004FF00000C1
:1085B00004460BD0022B09D841B100220A604A6060
:1085C000022B8A60CA600A6102D007E00120F0BD78
:1085D000294A1268D20734D04FF40074274D002284
:1085E00005EB8203D3F80434DE0707D003F002065C
:1085F00004F00207BE4201D1561C0E60DE0607D50C
:1086000003F0200604F02007BE4201D1561C4E6044
:10861000DE0507D503F4007604F40077BE4201D1ED
:10862000561C8E60DE0311D503F4802604F48027E7
:10863000BE420BD19E0302F1010604D446F48036FB
:1086400003E00F4CCAE746F08076CE60DE010FD51E
:1086500003F0806604F08067BE4209D19B0102F1FD
:10866000010302D443F4803301E043F080730B61D3
:10867000521C022AB4D3F0BD00B4005200B0005224
:10868000220204042DE9F041984616460F4604469E
:10869000069D08E0681C06D0FBF798FDA0EB0800DB
:1086A000A8420AD84DB12068006A384000D00120A5
:1086B000B042EFD10020BDE8F0814FF4007020659A
:1086C000606D40F0010060650120F4E70148FCF7AF
:1086D00005BB0000147400242DE9F0410446C06875
:1086E0000D462027236801284FF4004604F2C442B7
:1086F00003EB4511D3F840C0D1F8080B09D0DFF8DF
:108700009CE0F4453AD1020433D500BFC1F8086BB0
:1087100040E0234B5FEA007E04D59C453AD9000433
:10872000F4D437E05FEA806E02D5C1F8087B31E00F
:1087300010F0280F2ED19C4501D90004E6D4D1F8C1
:10874000101B05EBC50004EB8000C1F31201D0F84B
:108750009C32A3EB0101C0F8901200F51F70ADB977
:1087600003691BB1C2681144C1600FE02068012198
:108770000AE080060AD5C1F8087B07E035B9D4F8CD
:108780008C0218B90021184603F0A6FA2046E9B277
:10879000FCF78BF90020BDE8F08100000A31544F4E
:1087A0000A30544F2DE9F84F0E460568814601EB1B
:1087B000C60100EB8104D4E913203C34904202D975
:1087C0000120BDE8F88FA168101A814200D2084646
:1087D000C01C05EB461887081BE000BFA268A0EB91
:1087E000010A524500D2924699F80C100AF1030092
:1087F00000911FFA8AF3E16887082846F2B203F075
:10880000B1FDE16801EB0A00E060616901EB0A007B
:108810006061D8F8180980B2B84205D3D4E90401E0
:10882000814201D20028D9D1D4E90401884208D874
:10883000D5F83418012006F00F0290408143C5F8A6
:1088400034180020BDE700002DE9F047454D0446EF
:1088500089464FF0000A2868C04380070AD0414E7D
:10886000283E306820F080603060FBF7AFFC0746A0
:10887000B04608E00120BDE8F08700BFFBF7A6FC8A
:10888000C01B022867D8D8F800000001F6D4206881
:1088900029684FF4FE0721F47C313E0241EA0030A2
:1088A0002860207AA389B4F804C040022D4D2D49D8
:1088B0005B1E227CACF1010C1035091DA0F5007087
:1088C00080B2521ECCF3080C07EA034340EA0C00C6
:1088D000184306EA0262104328600868626920F0C3
:1088E000C000104308600A68A06922F02002024319
:1088F0000A60281D0A6822F010020A6002684FF61A
:10890000F873E4699A4342EAC40202600868B9F164
:10891000000F40F010020A6011D00868B9F1010F91
:1089200011D040F400100860D8F80000444640F030
:108930008060C8F80000FBF749FC05460DE00868B8
:1089400040F40020EFE740F48010ECE7FBF73EFC3A
:10895000401B022801D903208DE720680001F5D5CE
:10896000504688E7284402582DE9F047454D044613
:1089700089464FF0000A2868C04380070AD0414E5C
:10898000283E306820F080503060FBF71FFC07461F
:10899000B04608E00120BDE8F08700BFFBF716FCF9
:1089A000C01B022867D8D8F800008000F6D42088C1
:1089B00029684FF4FE0721F07C713E0241EA005025
:1089C0002860207AA389B4F804C040022D4D2D49B7
:1089D0005B1E227CACF1010C1835091DA0F500705E
:1089E00080B2521ECCF3080C07EA034340EA0C00A5
:1089F000184306EA0262104328600868626920F49E
:108A00004060104308600A68A06922F400720243C3
:108A10000A60281D0A6822F480720A6002684FF614
:108A2000F873E4699A4342EAC40202600868B9F143
:108A3000000F40F480720A6011D00868B9F1010F8C
:108A400011D040F080700860D8F80000444640F033
:108A50008050C8F80000FBF7B9FB05460DE0086838
:108A600040F48000EFE740F40000ECE7FBF7AEFBDA
:108A7000401B022801D903208DE720688000F5D52E
:108A8000504688E7284402582DED028BCAB001F009
:108A900017F9FC483AAAFA4982EC030AD0E9002403
:108AA000D0E90235F848CDE91D24CDE91F350B6822
:108AB00000242994219443F080730B604460026881
:108AC00001211694A346269442F001022594279191
:108AD000026000201790F0222B908046EB480D4654
:108AE000029123914FF48C7106F08AFEE84801F060
:108AF000CDF8E848012101640465FBF767FB0446F3
:108B00009FEDE58ACDF86C004FF00009CDF8A890F4
:108B1000B8F1000FCDF86090CA46CDF864908DEDA5
:108B2000148A8DED158A12D1DA4E0120B06300F05F
:108B300039FFC8B14FF00108CDF80880FBF746FBBC
:108B400004461B900020299000F060FFB06405A847
:108B500001F0D4FAFBF73AFB0146009005A801F0BA
:108B6000DDFACE4E074645E0706A401C706200F0A8
:108B70004DFFB064032101202B900020B16370648D
:108B80004FF4FA7005F0F6FBBEE700BF9DF8E40075
:108B900025B101282ED100250290A1E0012806D0A0
:108BA00003281AD007280BD0082823D130E0B84872
:108BB00090F83000F0B9169880F00100169019E096
:108BC000B34801F065F80020169001204FF0000B2B
:108BD000CDF894B0279002900CE0B0EE480A012046
:108BE0004FF0000B27905A46A9485946F0EE400A2C
:108BF00001F0EAF90023306839A91A4605F018FC9B
:108C00000028C3D0002D6BD02B9820B1A4A003E086
:108C100001250295F8E7A7A0B0EE480A0022814698
:108C20009B481146F0EE400A01F0CEF9994C00261F
:108C3000B34626659648806A60652198A065E06C19
:108C400040B1E16C0FF27C29012901D0A1A712E00B
:108C5000A4A710E00FB1A7A70DE00D98012801D03F
:108C6000A7A708E00C98C00702D00C98000701D510
:108C7000A6A700E0A9A7E16CA06CCDE90001636B99
:108C80003021AAA23DA8F7F78DFC0421A1630120A1
:108C90006064E6616660A660E660266166612662E1
:108CA0003DAA3946484600F033FC58B100202B90CD
:108CB000FA2005F05FFBFBF789FA04461B900020C1
:108CC000299021E700F0A2FE0322A064606A01213E
:108CD0002B914FF00008401C6062A2636664E7E7D6
:108CE000AFB1279850B10DF1140C9CE80F001D9006
:108CF0000020834627901EA880E80E0015AB14AA1A
:108D000005A91DA800F05AFF070009D00AE00D9838
:108D1000012805D10C98C00702D00C98000701D596
:108D200001202790169837EA000003D0584890F8A1
:108D3000300038B15FF0000616EA0B0F04D000983F
:108D4000011B02E00126F7E700215148DDED150A7D
:108D50009DED140A324601F037F94D49B346009CA7
:108D600091F8300098B14B480422259B026577A208
:108D70003E921BBB219A12B18B6A934201D28A6A3E
:108D8000219201222592C26D521CC26524E027B1B6
:108D90001698B8B103226EA01BE00D98012802D0EE
:108DA00006226DA015E00C98C00702D00C980007B1
:108DB00005D56BA23E92374A012010650CE00522D2
:108DC00068A006E00C98400701D568A000E069A003
:108DD00002223E902F4802652E4E326D2698824226
:108DE00001D0012002902A48274F816A306D2690D9
:108DF00071652198B06578683AA93F9041F2820286
:108E00003D90224806F078FC2149204800F05EFFA2
:108E100098B3384641683D98081A04F02BFE1D4966
:108E2000C8601A4800F0C0FB1C900023029A01465B
:108E3000179800F0A9FB219944F2030240EA0200CE
:108E40004290D9B1124964260A208B6A2199B3FB5A
:108E5000F6F7B1FBF6F24FF47A71B3FBF1F3B7FB1F
:108E6000F0FCB2FBF0F600FB1626219A00FB1C700A
:108E7000B2FBF1F28DE845007EE083E08AE000007D
:108E8000FCED00E04C1B0108001000E00000002099
:108E9000C8FD0020FC430120000000000046002423
:108EA000444953504C4159205245434F564552591D
:108EB000000000004C434420504F4C4C494E47208A
:108EC0004F4B000052454E444552204552524F529E
:108ED00000000000524153544552204641494C4540
:108EE0004400000047454F4D4554525920464149E2
:108EF0004C454400494D552052454144590000001D
:108F0000494D55204F46464C494E4500494D552048
:108F100043414C4942524154494E4700494D552026
:108F20005741495420444154410000004D415A45A5
:108F30002030312056332041444320256C75204594
:108F4000256C752052256C7500000000574F4E00AF
:108F500050415553454400004E4F20494D550000A7
:108F600043414C0057414954000000004759524FBB
:108F700000000000494D550030218BA22CA8F7F7C6
:108F800011FB1BE0316B012005460290491C316347
:108F9000F064B9E58C486422816A4FF47A70B1FBC1
:108FA000F2F60A22B1FBF0F33021B6FBF2F702FB36
:108FB000176086A200902CA8F7F7F4FA89480027DA
:108FC00041683D98081A409001203909884042992B
:108FD000084277D083487C493431406810223D9064
:108FE000CAEBCA000091804900EB800001EB00262B
:108FF0007E483346394606F01DFC28B1724890F889
:10900000300050B1012109E0794902220120199074
:10901000086B401C0863CA6459E000213E982CAAE2
:109020000391102300934FF48C713B46CDE901026C
:10903000F022304601F080F95FF000004FF48C52CE
:1090400036F810100B0243EA112126F81010401CCC
:109050009042F5D363482399002942683D99A2EBD9
:10906000010240991144409140683D9015D0102173
:109070003246384600F070FD08B901201890594872
:109080001899002941683D98A1EB000189442ED12F
:109090002A9800F50C502A9014E0642000F022FD7C
:1090A000C0B15048416832463D98091A3846894453
:1090B000102100F0B1FC68B12A988AF0010A00F58D
:1090C0000C502A901037BFB2F02FFFF47DAF2398D9
:1090D00010B10CE001201890424F7E68642000F02F
:1090E00001FD08B9012018907868811B8944DDE9E9
:1090F000181008430FD059B13D4D686A401C686292
:1091000000F084FCA86401204FF000082B9023900D
:1091100001250295F8E4012000F03CFC239802218F
:10912000334E00281C9817904FF000000290B16356
:1091300001D0022200E0032229980021401C29903E
:109140007264F1643068401C3060409804F092FC16
:10915000B060484604F08EFC30612A9870610020AF
:1091600007F0D2FAB0612348D0F8980D30620120A0
:1091700005F000F91B4841683F98081A04F07AFC92
:109180007060FBF723F81B99411AB1F5FA7FC1D340
:109190001B9042F210722998504300222992B0FB92
:1091A000F1F0F061B0E4000054494D4520256C75A4
:1091B0002E256C755320204245535420256C752E66
:1091C000256C755300000000C8FD002054494D4532
:1091D00020256C752E256C75532020424553542054
:1091E0002D2D0000001000E00000002400000020F1
:1091F000FC43012000F000200148FDF7F3BE000011
:10920000445B002410B50168002240F26F330C6803
:1092100024F001040C6001680C699C430C61016836
:109220008B6943F008038B6101688B6943F010037D
:109230008B6101688B6823F440438B6001688B6904
:1092400043F040038B6101688B6943F020038B611D
:1092500001688B6943F480738B6101688B6943F407
:1092600000738B6101688B6943F400638B61A0F824
:109270006220A0F86A2010BD10B5026840F26F337A
:109280005169946944F0080494610268946944F057
:10929000100494610268146824F0010414600268E8
:1092A00014699C4314610268936823F440439360FB
:1092B00090F88120042A0CD08A060AD5D0F88420A0
:1092C00042F08002C0F884200268936943F02003D2
:1092D000936190F88120032A0CD04A060AD5D0F871
:1092E000842042F00402C0F884200268936943F0AD
:1092F000400393618A050AD5D0F8842042F0010228
:10930000C0F884200268936943F400739361C9052F
:109310000AD5D0F8841041F00801C0F88410016823
:109320008A6942F480728A610021A0F86210A0F874
:109330006A1010BD10B5806B00210122A0F86A10E0
:10934000A0F8621080F88120FDF738FE10BD10B53E
:10935000846BF9F773FF02280ED02046FFF78CFFCD
:10936000D4F88410012041F01001C4F8841084F86E
:1093700081002046FDF722FE10BD10B5806BFEF780
:1093800009FC10BD10B5806B90F88110072909D039
:10939000816FC969B1F5807F05D00068016941F02E
:1093A0000801016110BDFEF7D9FB10BD2DE9F041A8
:1093B0001C4616460D460746DDF818800AE000BF39
:1093C000FAF704FFA0EB0800A04202D3601C01D012
:1093D0000BE054B13868406935EA000007D000203E
:1093E000B042EDD00020BDE8F0810320FBE7012072
:1093F000F6E70178407841EA002070470022012119
:10940000082010B505F046F805490028086006D187
:1094100004490120C863BDE81040F7F7D0BF10BD74
:1094200000460024FC43012030B5ADF5497DBAA8C3
:1094300000F064FE07F04CFC2149CD6D8C6D4B6D46
:109440000A6D0DF1580C8CE83C00CD6C8C6C4B6CAB
:109450000DF1480CC79A8CE83C008A69DDE9C534F7
:10946000CDE91002CDE90E34DDE9C1434A6908694E
:109470000AAD85E81D00CC688B6B0A6B886A06AD67
:1094800085E81D004C6B4B6A0A6A886802AD85E866
:109490001D004A68C869CDE900020B684FF42074CA
:1094A000084A1AA82146F7F77DF8002805DDA042F2
:1094B00003D281B21AA8F7F72BFD0DF5497D30BD17
:1094C000FC4301202026010810B500F08FFA002887
:1094D00006D0BDE8104003A205A109A000F018B80D
:1094E00010BD00004D415A45203031205633000058
:1094F000424F4F54205354415254494E47000000AC
:109500004C434420504F4C4C494E47204F4B000099
:109510002DE9FF5FDFF86C8000244FF48C7B15464B
:109520004FF40C690E4607464FF0080A1548F02222
:10953000CDE90265CDE900A72346594600F082FF38
:109540005FF0000041464B4631F810204FEA022CF4
:109550004CEA122221F81020401C9842F4D3094A08
:109560000821204600F0F8FA002807D00834A4B2F9
:10957000F02CDBD3012000F00DFA012004B0BDE88F
:10958000F09F0000C447002412B147F6FF707047F7
:10959000084344F201021043002BC0F30E00F6D042
:1095A00040F0020070470000F0B547F6FF774FF03B
:1095B000000218B300F5704191F8C43DF3B1B1F861
:1095C000BC3DB3F58C7F19D1B1F8BE5DF02D15D13E
:1095D000B1F8C26DB6F5007F10D8002320E000BFBF
:1095E00003EB4301C1EB431100EB8101B1F86EC005
:1095F000B1F87040A44501D8AC4201D33846F0BD63
:109600004FEA1C114FF0010C240906E00CFA01FE90
:109610001FFA8EFE491C4EEA0202A142F6D95B1CDB
:109620009E42DDD81046F0BD7CB54F4D00204F4C1A
:109630000122114628702046FAF7C2FD0122204679
:109640000821FAF7BDFD4A4800220221FAF7B8FDC9
:1096500005F02EF800287DD004F0B8FE002879D05F
:10966000322004F0D5FA01230021184601AA04F0A3
:10967000EAFA002875D0012004F0CAFA012004F0AB
:1096800083FA00286ED0002004F07EFA002869D00A
:10969000B6227E21012004F02DFB002861D032206B
:1096A00004F0B6FA01230021184601AA04F0CBFA0F
:1096B000002856D0012004F0ABFA012004F064FA2F
:1096C00000284ED0B6221421002004F013FB0028FD
:1096D00047D0322004F09CFA002004F055FA00280C
:1096E0003FD0042332261A467D210096012004F043
:1096F00069FA78B305200090032300227C21012021
:1097000004F060FA30B302240094FF23A922402120
:10971000012004F057FAE8B1012200940323104617
:10972000412104F04FFAA8B100220094072310460B
:109730000F2104F047FA68B1072300948422102116
:10974000002004F03FFA28B100220096A023104622
:10975000112101E006E004E004F034FA10B1012028
:1097600028707CBD00207CBD1046002400080258F3
:10977000000402582DE9F04705002DED028B84B05E
:109780001DD01C21F7F7B4F82F4C2078012816D1F2
:1097900004F0FAF998B106231221012002AA04F07C
:1097A00052FA60B100216A460823084604F04BFAD9
:1097B00028B19DF800000F2807D00320207000205A
:1097C00004B0BDEC028BBDE8F0879FED208ADFED91
:1097D000208A47F6F877E94600240DF10808C7F11A
:1097E000000A00BF08EB440004F026FA064609EB25
:1097F0004400801C04F020FA00EE906A00EE100A8B
:1098000005EB8401F8EEE00AB8EEC00ABE4260EE55
:10981000880A20EE280AC1ED000A81ED030A05DA64
:10982000564503DDB84201DA504503DCA86940F033
:109830000400A861641C032CD4D3A86940F0030081
:10984000A8610120BCE70000104600240000403958
:1098500000007A3D0148007870470000104600245F
:109860004EF66021884210B501D3002010BD0A4B8E
:1098700000214FF4FA6400BF33F8112001F1010117
:10988000821A02F57A72A24201D8C8B210BD052927
:10989000F2D3062010BD0000301C010810B50022D4
:1098A0000624047001230372027442744160C16093
:1098B00010BD30B51546044600F02BF801284FF0D6
:1098C00000010CD002280AD0002811D1207C70B1F0
:1098D000227A42B1217881420BD0E56007E0207402
:1098E000E5606174F2E7627C2174002A00D00020F8
:1098F00030BD617C0029FAD1E168691AB1F5487F71
:10990000F5D301216174012801D0082030BD072062
:1099100030BD30B5154604460846FFF7A1FF0628BE
:109920000CD02178814201D0207065606168691A8D
:109930003C2908D328B1217A39B104E02070656050
:1099400001E000202072002030BD0121217230BDD5
:1099500010B504F0ADFE0E494FF0000218B14B688F
:1099600023B1834202D01046072205E00B782BB1C9
:109970004B783BB110460622CA7010BD0123104639
:10998000CB7010BD4860032004F0E4FD012010BD41
:10999000044600244FF4806102460148FAF710BCE7
:1099A0000004025870B504F083FE0F4C05004FF020
:1099B000000606D004F00AFD18B1606820B1A84284
:1099C00002D00721304603E0607818B10621304606
:1099D000E17070BD012004F0CDFA0028F9D0BDE897
:1099E0007040FFF7B5BF0000044600240649002080
:1099F0004A680AB1072202E04A7812B10622CA7008
:109A00007047002004F0B6BA044600240148C0782C
:109A100070470000044600242DE9F0472D4C88468D
:109A20004FF40C7181460026174608FB01F560686B
:109A300040B14146484604F057FB00283FD0A0788B
:109A4000F0BB02E0072130463FE02348806FB8B307
:109A50000068A8B34146484604F07CFB00282ED09D
:109A60001E480068C00314D579191F3127F01F0064
:109A700021F01F01091A00290BDDBFF34F8F184A8F
:109A80001060203020390029FADCBFF34F8FBFF37C
:109A90006F8FBFF34F8F002004F056FA032004F0BD
:109AA00059FD0120A6606070AAB20B483946FDF747
:109AB00097FF60B10320E07004F0B0FA002000E0EE
:109AC00001E0BDE8F08703213046E170F7E70120AF
:109AD000F5E7000004460024445B002414ED00E098
:109AE00068EF00E070B51B4C06460025606820B1A9
:109AF00004F0DEFD6168884202D00721284608E0B4
:109B0000207820B1607830B1A06830B10DE001213B
:109B10002846E17070BD012070BD304604F0C8FADF
:109B200000210246032004F077FDA06801280AD036
:109B3000A068022805D00420E07004F06FFA00202D
:109B400070BD0520F8E76570A560032004F002FDF4
:109B5000E1E70000044600242DE9F04107460D46E8
:109B60004FF40C70164601FB00F4384604F0BCFAC2
:109B7000B8B12946384604F0EDFA90B1002004F05F
:109B8000E3F9A2B2094832233146FDF7C3FC04468B
:109B9000012004F0D9F93CB105490920C87004F04E
:109BA0003DFA0020BDE8F0810120FBE7445B002482
:109BB0000446002400487047441E010870B59FED1C
:109BC000320A15001C468AB00E4601D085ED000A07
:109BD0000CB184ED000AEDB3E4B306A904F074FB04
:109BE000C0B301A9304604F06FFB98B301A8DDEDC6
:109BF000061A9DED075ADDED044A9DED084A9DEDDC
:109C0000092AF8EE005AB0EE006AD0EC032A21EEE1
:109C1000A20A21EEA31A61EE830A61EEA41A05EEF0
:109C2000030A05EE241A45EE620A45EE631A04EEB5
:109C3000230A04EE621A44EE640A44EE031A02EEAA
:109C4000240A02EE431A42EE230A42EE621A20EE82
:109C5000012A00E016E020EE200A00EEE12A21466B
:109C6000284601EE210A62EE250A20EE060AC5ED1D
:109C7000000A84ED000AB7EE000A04F093FA01200E
:109C80000AB070BD0020FBE700000000AFF30080C9
:109C900010B504000FD03421F6F72AFEB7EE001AF3
:109CA0009FED050ADFED050A84ED061A012084EC1C
:109CB000020A84F8310010BDF98A2FC090C2F5BFA6
:109CC000014890EC030A7047A01E01082DE9F04FEF
:109CD0001C220D46954982462DED048B89B001A8C2
:109CE000F6F7CCFDBAF1000F38D0BDB39049286823
:109CF000884233D88F49884230DC8F49686888426F
:109D00002CD88E49884229DC95ED050A03F03CFCED
:109D10009FED8B1ADFED8B0A40EE010ACDED040AB0
:109D200095ED040A03F030FC9FED871ADFED870AFA
:109D300008A840EE410ACDED050A00F0A9F98146D8
:109D4000FFF738FF064600F03BF9B9F1000F074670
:109D500004D01EB117B10898182805D9002009B001
:109D6000BDEC048BBDE8F08F01A946F2114047F627
:109D7000124349F6F442DFED762A9FED762ADFEDB5
:109D8000761A9FED761ADFED760A9FED760A00903F
:109D9000504606F0DFF90123044601A94FF6FF7291
:109DA000DFED718AB0EE682ADFED701A9FED701A50
:109DB000DFED700A9FED700A504606F0C9FA00B94F
:109DC00000244FF000089FED6D8A48F2104B1DE013
:109DD0009FED6B3ADFED6B2A9FED6B2A09EB0810C4
:109DE0005A46002390EC040A01A930EE080A31EE2D
:109DF000221A71EE831A70EEC20A9FED642A504651
:109E000006F0A6FA00B9002408F10108089988456F
:109E1000DED3002017E000BF45F67850009009EB34
:109E2000081044F27543F0EE682A90EC040A01A988
:109E300049F2FA629FED562A504606F08BF900B9B6
:109E4000002408F10100089980468842E4D301AA61
:109E500040F21F519FED4F9AF0EE491A9FED4E1AB6
:109E6000504697EC020A06F0FBF900B900244BF6C5
:109E7000FF7197EC020A01AADFED488AF0EE681A3A
:109E80009FED471A504606F0EBF900B900244FF653
:109E9000E07196EC030AF0EE491A01AA504631EE41
:109EA000081A06F0DDF900B90024504696EC030AC2
:109EB000F0EE681A01AA4FF4FC6106F0D1F900B97E
:109EC0000024594695EC020A01AA5046DFED351AE6
:109ED0009FED351A70EEE10A30EE010ADFED331A1C
:109EE0009FED331A06F0BCF900B9002443F6E711E0
:109EF000D5ED010A9FED2F0A95ED001ADFED2E1A20
:109F000070EEC00A31EE000A9FED2C1A01AA5046ED
:109F100006F0A6F900B90024294601AA504606F029
:109F200043F800B90024204619E70000F01F01089B
:109F3000CDCC4CC0CDCC4C409A9919C09A991940BF
:109F4000CDCC4C3E6666263F295C0F3E9A9919BEE1
:109F500085EB113F8FC2753C9A992940CDCC5C406E
:109F60009A9929C0CDCC5CC0000000009A99194094
:109F7000CDCC4C409A9919C0CDCC4CC00AD7233DCA
:109F80000AD7A33C0AD7A33DCDCCCC3D6F1283BAF0
:109F9000AE4761BE6F1283BB52B89E3E6F1203BCC8
:109FA000AE47613EB81E853DEC51383D0AD723BC13
:109FB000ABCF553ECDCCCC3CA69B44BC713D0A3EBC
:109FC000004870471C1D010837B504000D462DEDF3
:109FD000020B2DED028B1AD0EAB19DED020A03F0BF
:109FE00083FDC0B19DED030A03F07EFD98B1002012
:109FF00084F831009FED248A78B10020E06284ED7E
:10A00000028A84ED038A84ED048A84ED058ABDEC1E
:10A01000028B05B030BD0120EAE794F8300000283B
:10A02000F5D1B6EE000A03A902A804F0BBF89DED35
:10A03000020A164960EE000A9DED030A40EE000A8E
:10A0400010EE900A884203DA8DED028A8DED038AC4
:10A050009DED020A642D84ED040A9DED030A84ED52
:10A06000050A00D96425E06A2844E06205E00A3860
:10A07000E062204605F01CFFE06A0A28C7D394F886
:10A0800030100029F3D0C2E700000000FAED6B3970
:10A0900008B112210160014870470000241D010829
:10A0A00000280B4607D0002B05D000F1A001184670
:10A0B0002022F6F7E3BB704770B504001AD0FC21EC
:10A0C000F6F716FC2046F7F739FA0B492046F7F762
:10A0D000D5FA04F17C000546F7F7BEFE064928468E
:10A0E0001C31F7F7CBFEB7EE000A84ED280A0820F2
:10A0F000C4F8BC0070BD0000B823010810B50446C8
:10A1000006F064FB044938222046F6F7B7FBBDE8A9
:10A11000104006F07BBB0000405A0024D0E9072322
:10A12000012B0AD1836A43B1406A081A642804D813
:10A13000D00702D012F0180F01D000207047012084
:10A14000704700002DE9F043040015460E462DED42
:10A15000068BF0EE409A93B037D0AEB3A5B39FED27
:10A160006E1ADFED6E0AB0EE690A06F0A2FD58B372
:10A1700000279FED6B8ADFED6B8A9FED6B9A9FED59
:10A180006BAA00BF06EB8700B0EE481A90ED000AFC
:10A19000F0EE680A06F08DFDB0B105EB8700B0EE79
:10A1A000491A90ED000AF0EE4A0A06F082FD58B115
:10A1B0007F1C032FE6D394F8BC0000F00100C4F824
:10A1C000BC00C1070BD017E005E0002013B0BDECC8
:10A1D000068BBDE8F083204603F05AFEF6E740F018
:10A1E00008002A46B0EE690A3146C4F8BC00204691
:10A1F00003F08EFD00287DD0304604F057F8B7EE0E
:10A20000091AF6EE020A06F054FD95EC030A074619
:10A210003146D6E90050D6F808903A4680462046A6
:10A2200003F0AAFB96E8070004F1800604F1E804B5
:10A23000B0EE419AB0EE408B84E807002774A4F199
:10A24000E80417B90025A846C1462046B0EE690AC1
:10A25000F7F710FA02EE909A02EE108A01EE905A89
:10A26000B0EE491AF0EE680AB0EE480A2046F7F759
:10A27000D5FD2046F7F75EF90DF118089FED2C8A01
:10A28000DFED2C8A002588EC040A00BF08EB85006E
:10A29000B0EE481A90ED000AF0EE680A06F009FDEB
:10A2A00048B36D1C042DF1D306ADA03495E80F0022
:10A2B00084E80F00A4F12400A03CF7F7C9FD303674
:10A2C000204686EC030AF7F77CF8054621466846E7
:10A2D000F7F794F8182269460BA8F6F7CFFA15F0AD
:10A2E000FF0F05D0D4F8BC0040F00800C4F8BC0053
:10A2F0002FB101E009E00AE09DF8300028B1D4F860
:10A30000BC0040F00400C4F8BC0001205EE7204619
:10A31000FFF7D2FE5FE700000AD7A33C0AD7A33BB2
:10A32000EC51C040EC51C0C03303FA443303FAC4CB
:10A33000C520803FC52080BF2DE9FF5F07009946FB
:10A340000EA81446DDF844800D4690E8400C6DD010
:10A350005FEA0A006AD05FEA0B0067D0A02D65D3E0
:10A36000402C63D3A14561D2A4EB0900B0425DDB70
:10A370000020A4F110021FE009EB0001202901D305
:10A38000914218D3202905D2B8F1000F02D04FF422
:10A39000D46301E041F6C3031F2901D0914201D1EA
:10A3A00044F20823002104E000FB051C491C27F8A7
:10A3B0001C30A942F8D3401CB042DDD3B8F1000FE5
:10A3C0004FF002004FF6FF7802D019A2414602E09A
:10A3D0001AA240F2DF710923CDE90032CDE9020172
:10A3E00033464A462946384605F00AF95046F6F7FC
:10A3F0009FF9A0EB8000CDF80C800D234A4605EBB9
:10A400004000294608388DE809043346384606F0EE
:10A4100031F908224EF67D710B3C03918DE814084A
:10A4200033464A462946384606F024F9BDE8FF9FE0
:10A430004C4556454C20434C454152004D415A45F0
:10A44000203031002DE9FF5FF02A1E4614460D46EC
:10A45000DDF83890804601D3122000E00F20B8F1DB
:10A46000000F82467ED00F9800287BD010980028DD
:10A4700078D01198002875D0A02D73D3E02C71D31B
:10A48000A6426FD2A11B49456CDB0021032730E0B7
:10A4900072184FF6FF7E68000190A4F11A00009038
:10A4A0000020A2F1220B21E0BBF1080F734610D26D
:10A4B000B5FBF7F3834202D94FF4784311E0019BD7
:10A4C000B3FBF7F3834202D94FF4FC6309E01F2387
:10A4D00007E0602A03D0DDF800C0624501D14CF2EC
:10A4E000186301FB050C401C28F81C30A842DBD384
:10A4F000491C4945CCD30F982DA1F6F707F920B98F
:10A500000F982DA1F6F702F908B14FF430404B46F1
:10A510002BA18346002002270A22CDE90021CDE9A4
:10A52000027032462946404605F06AF80F993322F8
:10A53000CDE9027B4B464046CDE900213246294613
:10A5400005F05EF8109842F2041149224B46CDE91D
:10A550000271CDE9002032462946404605F050F808
:10A56000BB4600E022E000271749324607FB0AF00D
:10A5700051F827300021039167308DE809084B46D8
:10A580002946404605F03CF87F1C062FECD30122FB
:10A5900044F208210391113C11984B46009429463E
:10A5A000CDE901023246404605F02AF8BDE8FF9F9A
:10A5B0004641494C000000004552524F52000000F5
:10A5C000534F465433440000181C0108FDF730FF78
:10A5D0004FF47A74FEF728FF204603F0CBFEF9E72C
:10A5E0004FF0E02010B5006907F02EF8012803D0E5
:10A5F000BDE8104006F0ECBB10BD000030B59DB0CA
:10A600004C216846F6F774F9202113A8F6F770F983
:10A610000220FAF757FF1F48016821F4404101600A
:10A620000168002401F440411B9101688904FCD5B4
:10A6300002200990282521220092C30301930121C1
:10A6400006910A900C23CDE90B050FAD042285E895
:10A65000190012946846CDE90D12FCF789F908B18A
:10A6600072B6FEE740201A9008230501CDE91630A6
:10A6700013ABCDE918053F21032283E8160013A888
:10A680001146FBF737FF002801D072B6FEE71DB078
:10A6900030BD0000184802582748F0B5274A016825
:10A6A00041F470010160106800F00F00072804D227
:10A6B000106820F00F00C01D106021490020204CC0
:10A6C00010340B681F4D43F001030B6020600B68D2
:10A6D0002B400B60136803F00F03072B04D913689A
:10A6E00023F00F03DB1D1360154C174A1834174B6A
:10A6F000261D371D2060124C154D28343060261D54
:10A700003860371D23603B1D35601C1D3A60251DD8
:10A710002E1D1860331D22602860326018600A68A0
:10A7200043F2D204064B0B4D22F4802260330A60C0
:10A7300018602C60F0BD000088ED00E000200052A1
:10A74000004402587FEDF6EA800201010002020295
:10A750000000FF01004000520148FDF7ACBA0000C4
:10A76000CC5C00242DE9F0472A4B4FF0804A2A4D5B
:10A7700002689842294E2A4F2A4C09D0504507D0EA
:10A78000A84205D0B04203D0B84201D0A04205D1C2
:10A79000D1F804C022F070024CEA0202DFF888C04F
:10A7A000DFF888809842DFF8889015D0504513D0A4
:10A7B000A84211D0B0420FD0B8420DD0A0420BD069
:10A7C000604509D0404507D0484505D0194DA842FD
:10A7D00002D0194DA84203D1CD6822F440722A4319
:10A7E0004D6922F080022A43026098428A68C26260
:10A7F0000A68826207D0A04205D0604503D0404578
:10A8000001D0484501D10969016301214161BDE8D9
:10A81000F0870000000001400004004000080040F4
:10A82000000C004000040140004001400044014091
:10A830000048014000E0004000E400402DE9F04104
:10A840000C46D0F8D412D0F8C83200EB8101D1F810
:10A85000C01229B304F00F02002702EB820500EBBF
:10A860008506B5694DB102EBC20203EB8202526C60
:10A87000B5FBF2F302FB1352A2B1C1F81472D0F887
:10A88000D42200EB8200D0F8C40203692BB1D1F8C6
:10A89000080201F50471224698470020BDE8F081C6
:10A8A0000320FBE7002321461A46B76100F0F0FDC4
:10A8B000F3E770B50546D0F8D40205EB8000D0F878
:10A8C000C04294B1284600F0BCFCC4F80C02D5F894
:10A8D000D40205EB8000D0F8C412D4F80402CA6890
:10A8E00004F503719047002070BD032070BD000087
:10A8F00070B5224D0446297800F0E4FB2878002644
:10A9000000F00F0000EB800004EB800086842046FE
:10A91000697800F0D7FB687800F00F0000EB80004A
:10A9200004EB8000A0F864612046A97800F0CAFB1F
:10A93000A87800F00F0000EB800004EB8000868414
:10A94000C684D4F8D40204EB8000D0F8C01299B1C8
:10A95000D0F8C40240688047D4F8D40204EB8000E9
:10A96000D0F8C00200F0BDFFD4F8D40204EB8000A0
:10A97000C0F8C062C4F8BC62002070BD3847002433
:10A9800010B5D0F8D41200EB8100D0F8C04284B1E9
:10A99000D0F8C41259B194F80002FF2807D08B6890
:10A9A000214694F801229847FF2084F800020020F5
:10A9B00010BD032010BD00000A210180004870472F
:10A9C0003C47002470B5822106460D4800F092FAFB
:10A9D000012105460A4800F08DFA81210446084805
:10A9E00000F088FA0DB11021A9714FF0400104B1B7
:10A9F000A18000B1818043203080014870BD0000FB
:10AA00004847002470B5822106460D4800F072FACE
:10AA1000012105460A4800F06DFA812104460848E4
:10AA200000F068FA0DB11021A9714FF4007104B162
:10AA3000A18000B1818043203080014870BD0000BA
:10AA40004847002470B5822106460D4800F052FAAE
:10AA5000012105460A4800F04DFA812104460848C4
:10AA600000F048FA0DB11021A9714FF0400104B176
:10AA7000A18000B1818043203080014870BD00007A
:10AA8000484700242DE9F0474FF40775044628464F
:10AA900000F028FF06004FF0000965D02946F5F7C1
:10AAA00027FFD4F8D40201273C4D4FF4007A4FF031
:10AAB000100804EB8000C0F8C062C4F8BC62207CBF
:10AAC000F0B3297840230222204600F02BFC28789E
:10AAD000402300F00F0000EB800004EB800087842F
:10AAE00002226978204600F01DFC697808230322C1
:10AAF000204601F00F0101EB810104EB8101A1F877
:10AB00006471A97801F00F0101EB810104EB81016F
:10AB1000A1F82680A97800F005FCA978C84601F0C4
:10AB20000F0101EB810104EB81018F84C6F80492CF
:10AB3000D4F8D40204EB8000D0F8C402006800E02E
:10AB40001AE006F501768047C6F81080C6F8148032
:10AB500032687AB1207CF8B140236978204600F051
:10AB6000EDFB0020BDE8F087D4F8D41204EB81019E
:10AB7000C1F8C0920220F5E7297802225346204608
:10AB800000F0D0FB2878534600F00F0000EB800067
:10AB900004EB80008784A3E75346DEE738470024B0
:10ABA00010B5D0F8D41200EB8101D1F8C01259B120
:10ABB000027C084C002AD1F8042207D04023617897
:10ABC00000F0BCFB002010BD032010BD4FF400734B
:10ABD000F5E700003847002439B1D0F8D42200EB63
:10ABE0008200C0F8C4120020704703207047D0F8DC
:10ABF000D42200EB8200D0F8C00218B1C0F80412D1
:10AC00000020704703207047D0F8D43200EB830057
:10AC1000D0F8C00228B1C0F81022C0F808120020F5
:10AC20007047032070472DE9FC410646D0F8D40256
:10AC30000C46002106EB80000D46D0F8C0728DF85E
:10AC40000010ADF8041037B1217811F060022CD05B
:10AC5000202A48D102E00320BDE8FC81E288E2B16D
:10AC600009060BD5D0F8C402394683686078984746
:10AC7000E288072A00D9072239462CE0607887F855
:10AC80000002E088402800D340203946C2B2304656
:10AC900087F8012200F07FF82AE0D0F8C4020022F1
:10ACA000214683686078984722E0607830B10128B7
:10ACB0001ED00A2809D00B2815D110E096F89C0266
:10ACC000032810D1022201A905E096F89C0203286E
:10ACD00009D101226946304600F077F808E096F87D
:10ACE0009C02032804D02146304600F049F8032591
:10ACF0002846B1E710B5D0F8D41200EB810201214B
:10AD0000D2F8C0221AB1D2F8143213B116E00320DF
:10AD100010BD0B490123C2F81432D2F81032097861
:10AD200001F00F0404EB840400EB8404A361D2F867
:10AD30001032D2F8082200F0ABFB0021084610BD0B
:10AD40003847002410B5D0F8B82200245268904744
:10AD500000B10324204610BD00207047002070473A
:10AD600013460A46002110B500F0E8FA002010BD95
:10AD700013460A46002110B500F08AFB002010BDE2
:10AD800010B58021044600F064FB2046BDE8104069
:10AD9000002100F05EBB10B5C0F858210323C0F8B5
:10ADA0009432C0F85C2113460A46002100F0C6FA2E
:10ADB000002010BD10B50521C0F8941200231A46DA
:10ADC000194600F0BBFA002010BD10B582610223C5
:10ADD000C0F89432C26113460A46002100F058FBC5
:10ADE000002010BD10B50421C0F8941200231A46AB
:10ADF000194600F04DFB002010BDF8B504460D4685
:10AE00000020ADF800004888010A062947D006DC7A
:10AE100001290FD0022912D0032962D11DE0072990
:10AE200046D00F295DD1D4F8B402C26920E069464A
:10AE300090473BE0D4F8B412207C0A68F7E7207C06
:10AE400002260028D4F8B80205D0C16A68468847AF
:10AE50000146467036E0816AF8E7C0B2062840D263
:10AE6000DFE800F003090D111519D4F8B4024268A7
:10AE7000B2B3207CDBE7D4F8B4028268F8E7D4F8F8
:10AE8000B402C268F4E7D4F8B4020269F0E7D4F877
:10AE9000B4024269ECE7D4F8B4028269E8E7207CA6
:10AEA000F0B9D4F8B802416B68468847014609E01A
:10AEB000207CA8B9D4F8B802016B684688470146DF
:10AEC00007204870EA888AB1BDF8000040B182428C
:10AED00000D902462046ADF80020FFF776FFF8BD06
:10AEE000FFE729462046FFF74BFFF8E72046FFF72C
:10AEF00079FFF4E778B542880D46017800260446CC
:10AF00008A4212D9ADF800100AE0694600F00FF845
:10AF10004178052904D181780646A94205D000264A
:10AF20006188BDF800209142EFD8304678BD0A888C
:10AF300003781A440A8001780844704770B50028E5
:10AF40004FF000051ED004462E4602E0761C641C1D
:10AF5000F6B22378002BF9D1022404EB46041480C6
:10AF600012786B1C03264A550024AA1CCE5406E016
:10AF7000551C8B54EAB2531C401C8C54DAB2037833
:10AF8000002BF5D170BD01004FF0000004D0012965
:10AF900001D0022901D00320704701207047000032
:10AFA00004A00A46024910B5FFF7C8FF004810BDCB
:10AFB000F45F002443444320436F6E6669670000DA
:10AFC00012200880004870474846002404A00A4622
:10AFD000024910B5FFF7B2FF004810BDF45F00242E
:10AFE00043444320496E74657266616365000000E6
:10AFF00004200880004870474446002404A00A4604
:10B00000024910B5FFF79AFF004810BDF45F002415
:10B0100053544D6963726F656C656374726F6E69CA
:10B020006373000004A00A46024910B5FFF786FFCB
:10B03000004810BDF45F002453544D33322056694C
:10B04000727475616C20436F6D506F7274000000F4
:10B0500010B51A2008800B480A490830021F0968F9
:10B0600000681468081809D007490822FCF748FF4F
:10B070000549042220461031FCF742FF0248801E99
:10B0800010BD000000E8F11F6A46002478B10023DB
:10B09000C0F8B832C0F8C432C0F8D03209B1C0F834
:10B0A000B4120121027080F89C1200F0CFB8032086
:10B0B000704710B5D0F8C802F9F73AFDBDE8104066
:10B0C000FFF761BF10B5D0F8C802F9F70BFDBDE876
:10B0D0001040FFF758BF2DE9F041174604464FF0E6
:10B0E000000521B194F89C02032842D04CE0D4F82A
:10B0F000941204F11400022935D1D0E902639E4272
:10B1000006D9F21A394682602046FFF731FE0FE079
:10B11000B34214D14068984211D3D4F898128842AF
:10B120000DD2002220461146FFF722FEC4F89852A5
:10B1300000231A461946204600F000F913E094F85F
:10B140009C02032808D1D4F8B802C16821B1C4F820
:10B15000D452C168204688478021204600F079F902
:10B160002046FFF727FE94F8A00268B184F8A052A9
:10B170000AE0D4F8B802426932B1C4F8D452426944
:10B1800020469047002800D10020BDE8F08170B52E
:10B19000134604464FF0000221B194F89C020328A4
:10B1A00030D03AE0D4F8941204F5AA70032934D1CF
:10B1B000D0E902518D420AD96A1A82600846824259
:10B1C00000D3024619462046FFF7CAFD25E094F851
:10B1D000AA0210F01F0003D0012802D0022800D0DC
:10B1E000002294F89C02032808D1D4F8B80201691F
:10B1F00021B1C4F8D4220169204688472046FFF7D0
:10B20000F1FD0AE0D4F8B802836933B1C4F8D4225E
:10B21000826920469047002800D1002070BD0020A0
:10B22000704710B5D0F8B812012280F89C22002493
:10B2300029B103794A68D9B2904700B10324204666
:10B2400010BDD0F8C802F9F7A1BC000070B50178B4
:10B25000012929D1154902230022154C0925C1F8DD
:10B260000805C0F8C8120846C1E90323C1E906323F
:10B270000A624A62CA620A634A63C1E90045FAF790
:10B2800003F808B1F6F79BF808484FF40071F9F796
:10B29000D8FB064880220021F9F7D7FB034801219B
:10B2A0004FF4BA72F9F7D1FB002070BD147400247A
:10B2B00000000440D0F8C82201F07F000B0600EB2C
:10B2C000C00002EB800002D590F83E00704790F875
:10B2D0007E02704710B5D0F8D42200EB8202D2F87B
:10B2E000B82222B190F89C32032B02D004E0032054
:10B2F00010BD126A02B19047002010BD10B5D0F801
:10B30000D42200EB8202D2F8B82222B190F89C320B
:10B31000032B02D004E0032010BD526A02B1904713
:10B32000002010BD10B51C46D0F8C80213462246B6
:10B33000F9F735FCBDE81040FFF725BE10B5D0F891
:10B34000C802F9F75CFCBDE81040FFF71CBE2DE910
:10B35000F041044601250020D4F8B812064684F8CE
:10B360009C52C4F894026060C4F8A40284F8A0025D
:10B3700031B14A6822B100212046904700B103262E
:10B380002046002240231146FFF7CCFF4027A4F8B7
:10B39000645100223B4680212046C4F86071FFF7CB
:10B3A000C1FFA58430462762BDE8F08190F89C1269
:10B3B000042903D190F89D1280F89C120020704758
:10B3C00010B590F89C12032905D1D0F8B81211B12C
:10B3D000C96901B18847002010BD01740020704781
:10B3E00010B5D0F8C802FAF719F8BDE81040FFF719
:10B3F000CABD70B5044600F2AA20054600F051F817
:10B4000094F8AA020123B4F8B01210F01F02C4F895
:10B410009432C4F898120AD0012A0ED0022A12D00F
:10B4200000F080012046BDE8704000F012B82946C7
:10B430002046BDE8704000F0D1B829462046BDE85E
:10B44000704000F014BA29462046BDE8704000F074
:10B450005CB910B5D0F8C802F9F7EBFBBDE81040B5
:10B46000FFF791BD10B5D0F8C802F9F7F2FFBDE8BB
:10B470001040FFF788BD90F89C12042903D090F883
:10B480009C1280F89D12042180F89C1200207047C5
:10B4900010B5D0F8C802F9F706FCBDE81040FFF778
:10B4A00072BD70B5054608788C1C287048786870A5
:10B4B0002046FDF79EFFA41C68802046FDF799FFFB
:10B4C000A880A01CFDF795FFE88070BD38B5044644
:10B4D0000020ADF80000A1B1C4F8B812D4F8D4022D
:10B4E00004EB8000D0F8B802C16A19B168468847F9
:10B4F000C4F8D002D4F8D802401CC4F8D802002006
:10B5000038BD032038BDD0F8B83202460020002BE9
:10B5100002D01B6810461847704700002DE9F04123
:10B520002C4E0446887800258846C1B20129317026
:10B5300006D941462046FFF723FC0320BDE8F081F1
:10B5400094F89C02022702280CD003281DD0414603
:10B550002046FFF715FC31782046FFF7F3FB032563
:10B560002846EBE789B320466160FFF7CCFF050072
:10B5700004D041462046FFF703FC1DE02046FFF7BC
:10B5800031FC032084F89C02EAE7C1B1606888427C
:10B590001BD0C1B22046FFF7D5FB31782046616051
:10B5A000FFF7B1FF050010D041462046FFF7E8FB4A
:10B5B00021792046FFF7C6FB84F89C72D0E76160D2
:10B5C00084F89C722046FFF7BDFB2046FFF70AFC7B
:10B5D000C6E7000034470024FFF744BF2DE9F041DF
:10B5E0000A784FF0000512F060020CD0202A01D03A
:10B5F000402A7DD1D0F8D42200EB8202D2F8B822C2
:10B600009268904731E04B78002201260A2B6FD2D6
:10B61000DFE803F041666E586E08056E2D29FFF7CE
:10B62000ECFB67E004468888D8B9C888C8B9488860
:10B63000802816D294F89C2200F07F07032A10D0AD
:10B640003946204684F89E72FFF7CAFE2046FFF76F
:10B65000C9FB1FB1022084F89C024BE084F89C6275
:10B6600048E0204644E0FFF759FF054642E0CB881A
:10B67000012B3DD190F89C32012B04D0022B02D03B
:10B68000032B35D104E000F108018260012216E0AD
:10B690000122011D13E090F89C22012A03D0022A06
:10B6A00001D0032A24D1CA88022A21D1D0F8A412B9
:10B6B000C66009B10321C160022200F10C01FFF74D
:10B6C00084FB17E04A88012A02D0022A03D00FE047
:10B6D000C0F8A46216E08988090A80F8A01211E077
:10B6E00090F89C32012B08D0022B06D0032B04D0FB
:10B6F000FFF746FB2846BDE8F08149880129F9D1CA
:10B70000C0F8A422FFF76EFBF4E72DE9F0410A78B8
:10B710000E460979054612F060004FF00008CCB2E1
:10B720000BD0202801D040286AD121462846FFF7B7
:10B7300013FBFF2800D0D8B396E07078C8B3012877
:10B7400024D003285CD195F89C02022802D003285B
:10B7500056D10CE0002C53D0802C51D021462846E5
:10B76000FFF777FE80212846FFF773FE7CE07088A4
:10B7700040B93CB1802C05D0F08818B92146284644
:10B78000FFF767FE2846FFF72DFB6DE095F89C025A
:10B790000228DFD0032863D1708880BB600603D005
:10B7A00021462846FFF785FC2846FFF71BFBBCE730
:10B7B00000E00AE0C5F8D402D5F8B8028268F2B118
:10B7C00031462846904780464EE095F89C02002777
:10B7D000022802D0032843D113E00CB1802C3FD1C2
:10B7E000200604F07F0000EB800005EB800101D50E
:10B7F000143101E001F5AA7102220F602CE033E060
:10B800002EE0200604F00F0000EB800005EB800026
:10B8100009D5808C20B304F07F0000EB800005EB9D
:10B82000800614360AE0B0F86401C8B104F07F0065
:10B8300000EB800005EB800606F5AA764CB1802C63
:10B8400007D021462846FFF735FD10B101203060B2
:10B8500000E03760022231462846FFF7B6FA03E0DF
:10B8600031462846FFF78CFA4046BDE8F08170B5B6
:10B87000054608780E464FF0000410F0600003D033
:10B88000202801D0402827D195F89C02012803D018
:10B89000022801D003281FD1B088C1B201291AD8CB
:10B8A000C1B22846FFF75AFAFF280CD058B9D5F88C
:10B8B000B8128A683AB1C5F8D40228468A68314677
:10B8C0009047044600E00324F088204307D128462F
:10B8D000FFF788FA03E031462846FFF751FA204681
:10B8E00070BD704700487047F471002470B54D7802
:10B8F00001230A78012D1C4C02F00F0503FA05F311
:10B90000D0F81C5817D000EB421245EA0343C0F8A8
:10B910001C38D2F8000B00040BD40B890979D2F83B
:10B92000000BC3F30A03184344EA81410843C2F8F9
:10B93000000B002070BD9EB23543C0F81C5800EBD0
:10B940004213D3F800090004F3D40D890979D3F820
:10B950000009C5F30A058904284341EA82510843D6
:10B960002043C3F80009E4E700800010D0F8001974
:10B970006FF30A01C0F80019D0F8041841F480717F
:10B98000C0F804180020704770B504461D4606999B
:10B990000A9E0D9801291DD0E06840F04000E0604B
:10B9A000204600F035F8A16B5EB321F48031A1632D
:10B9B000012D0ED1E16D144A89B2E165E16D1143AB
:10B9C000E165A16841F00601A160A16841F0200194
:10B9D000A16070BDA26B01280C4922F48030A063E5
:10B9E000E06800EA0100E060E06820F44010E060F8
:10B9F00003D1E06840F48010E060204600F008F8D1
:10BA0000D6E741F48031D2E70000EE03BFFFBDFF6F
:10BA100008B50E4900220092009B5B1C00938B42EC
:10BA20000CD80369002BF7DA0092026942F0010298
:10BA30000261009A521C00928A4201D9032008BD7B
:10BA40000269D207F5D1002008BD0000400D0300B7
:10BA500070B50A7801234C78012C00EB42122CD0EF
:10BA6000D2F8004B002C0BDAD2F8004B44F0006403
:10BA7000C2F8004BD2F8004B44F08044C2F8004BAF
:10BA80000C78D0F83C5804F00F0403FA04F425EACB
:10BA90000444C0F83C480978D0F81C4801F00F0174
:10BAA0008B401C4924EA0343C0F81C38D2F8000B31
:10BAB0000840C2F8000B002070BDD2F80049002CED
:10BAC0000BDAD2F8004944F00064C2F80049D2F819
:10BAD000004944F08044C2F800490D78D0F83C4851
:10BAE00005F00F050C4E03FA05F5ADB2AC43C0F8F6
:10BAF0003C48D0F81C48097801F00F018B4099B2FE
:10BB00008C43C0F81C48D2F800093040C2F8000944
:10BB1000D1E700000078F3EF007833ECD0F8001E96
:10BB200021F00301C0F8001ED0F8041821F0020132
:10BB3000C0F8041800207047D0F8001E21F003015F
:10BB4000C0F8001ED0F8041841F00201C0F8041833
:10BB5000002070472DE9F04F9A460E46002104461A
:10BB6000DDE90B3B109F0D46099A084604EB800C5B
:10BB7000CCF80411401C0F28F8D32046A7B1806BE5
:10BB800040F4001CC4F838C088460846C4F8000ECB
:10BB90002046D4F80018012BC4F800181AD0D0F8A9
:10BBA000001841F003011AE0D0F8040840F0020C3C
:10BBB000C4F804C8A06B20F4001CC4F838C0206886
:10BBC00040F0400CC4F800C0206840F0800CC4F87D
:10BBD00000C0D9E7D0F800180AB141F00101C0F85F
:10BBE0000018102100F08CFA00B10125204600F069
:10BBF00069FA00B1012540464FF000684FF67F33E7
:10BC00004FF09049C4F81008C4F81408C4F81C0890
:10BC1000002114E004EB4112D2F800C9BCF1000F7E
:10BC200006DA11B1C2F8009904E0C4F8008901E015
:10BC3000C2F80009C2F81009C2F80839491C8E423E
:10BC4000E8D8002115E000BF04EB4112D2F800CB88
:10BC5000BCF1000F06DA11B1C2F8009B04E0C4F891
:10BC6000008B01E0C2F8000BC2F8100BC2F8083BD1
:10BC7000491C8E42E8D8D4F81038BAF1000F6FF0A2
:10BC8000804223F48073C4F81038A061626103D14C
:10BC9000A06940F01000A061A069BBF1000F094A43
:10BCA00040EA0200A06103D0A06940F00800A06152
:10BCB000012F03D1A06904490843A0612846BDE8CB
:10BCC000F08F000000383C8004000040816821F0C3
:10BCD000010181600020704710B5144C036CA34231
:10BCE00003D9D0F8003B002B1EDB0023C0F8103B2B
:10BCF0000129D0F8101B41F40021C0F8101BD0F826
:10BD0000101B41F01801C0F8101BD0F8101B41F0B7
:10BD1000C041C0F8101B07D1C0F8142BD0F8001B8D
:10BD200041F08021C0F8001B002010BD0A30544FA4
:10BD30000B784A78012A00EB43100BD0D0F8002B87
:10BD400022F40012C0F8002B0979032914D002292B
:10BD500012D017E0D0F8002922F40012C0F8002910
:10BD60000979032901D002290CD1D0F8001941F03A
:10BD70008051C0F8001905E0D0F8001B41F0805157
:10BD8000C0F8001B002070470A784B78D1B2012B15
:10BD900000EB421012D0D0F8002B002A06DB29B1AC
:10BDA000D0F8001B21F08041C0F8001BD0F8001B28
:10BDB00041F40011C0F8001B00207047D0F80029A2
:10BDC000002A06DB29B1D0F8001921F08041C0F823
:10BDD0000019D0F8001941F40011C0F80019EBE780
:10BDE000F8B50B786FF060464F788A4DDCB2012FC2
:10BDF00000EB43132BD0D3F8107B002C07EAC5448B
:10BE0000C3F8104BD3F8104B04EA0504C3F8104BE9
:10BE10007ED00D69002D7CD08C6825446D1EB5FB4D
:10BE2000F4F5ADB26C430C6206EAC545D3F8104B8D
:10BE30002C43C3F8104BD3F8104B0D6AC5F3120511
:10BE400054EA0504C3F8104B012A6ED0C9E00F690B
:10BE500037B3D3F810796FF31207C3F81079D3F81A
:10BE6000107907EA0507C3F810794CB30F698D689C
:10BE7000D3F810C92F447F1EB7FBF5F506EAC54578
:10BE800045EA0C05C3F810590E69D3F81059C6F3EA
:10BE900012063543C3F810590D79012D1CD027E047
:10BEA000D3F810692E40C3F81069D3F8105945F43F
:10BEB0000025C3F81059D3F810596FF3120515E097
:10BEC0000E698D68AE4200D90D61D0F8106946F454
:10BED0000026C0F81069D7E7D3F8105925F0C045FF
:10BEE000C3F81059D3F8105945F00055C3F810594C
:10BEF000012A1BD000EB4413D3F8004944F004445A
:10BF0000C3F800490C79012C31D00A6972B301E001
:10BF100042E055E00B78D0F83418012203F00F030B
:10BF20009A401143C0F8341871E056E0CA691AB15A
:10BF300000EB4413C3F81429097901290ED1D0F874
:10BF40000818C90500EB4411D1F8002902D442F0C9
:10BF5000005201E042F08052C1F8002900EB441089
:10BF6000D0F8001941F00441C0F800194FE0D0F8B2
:10BF70000848E405D3F8004902D444F0005401E035
:10BF800044F08054C3F8004900920B8A0A78C968CB
:10BF90009BB200F0E7F93AE00C690CB18C680C61D7
:10BFA0008C680C62C4F31205D0F8104B2C43C0F817
:10BFB000104BD0F8104B44F40024C0F8104B43E76A
:10BFC0008D68D3F8104BC5F312052C43C3F8104B02
:10BFD000D3F8104B44F4002434E7CA680AB1C3F81C
:10BFE000142B097901290CD1D0F80808C005D3F821
:10BFF000000B02D440F0005001E040F08050C3F844
:10C00000000BD3F8000B40F00440C3F8000B0020F5
:10C01000F8BD0000FFFF07E038B5002242F21074BF
:10C02000002300920A784D78012D00EB421219D0BE
:10C03000D2F8005B002D3CDAD2F8005B45F00065D9
:10C04000C2F8005B0A7800EB4212D2F8005B45F0C0
:10C050008045C2F8005B009A521C0092A24221D98E
:10C06000012326E0D2F80059002D22DAD2F8005937
:10C0700045F00065C2F800590A7800EB4212D2F888
:10C08000005945F08045C2F80059009A521C0092B0
:10C09000A242E5D80A7800EB4212D2F80029002A21
:10C0A000F3DB06E00A7800EB4212D2F8002B002AFC
:10C0B000D1DB184638BD816841F001018160002064
:10C0C0007047000008B50D4900220092009B5B1CE0
:10C0D00000938B420AD80369002BF7DA00921023F1
:10C0E0000361009A521C00928A4201D9032008BDC4
:10C0F0000269D206F5D4002008BD0000400D0300FF
:10C1000018B50E4A00230093009C641C00949442CE
:10C110000CD80469002CF7DA2024009344EA81113A
:10C1200001610099491C0091914201D9032018BD79
:10C1300001698906F5D4002018BD0000400D0300F8
:10C14000D0F8080810F0060004D0022803D0062812
:10C1500001D00F20704702207047406900F00100B5
:10C160007047D0F81818D0F81C08084080B2704703
:10C17000D0F81818D0F81C080840000C704710B50B
:10C18000D0F8102801F00F0300EB4114D0F8341858
:10C19000D4F80809D94001F0010142EAC111084070
:10C1A00010BD00EB4111D1F8081BD0F8140808406D
:10C1B000704741698069084070470346084630B5BA
:10C1C000940802F00301002203F5805303E01D6888
:10C1D000521C40F8045BA242F9D300290CD01C6821
:10C1E0000023491EDD00090403F10103090C24FAB0
:10C1F00005F200F8012BF4D130BD70B50446C068DB
:10C2000001294FF0000520F0C040E06001D079B175
:10C2100020E0E06840F00050E0600120F7F7B0FE59
:10C2200060696D1C10F0010F10D1322DF5D30DE0B7
:10C23000E06840F08040E0600120F7F7A1FE60690F
:10C240006D1C10F0010F01D0322DF5D3322D01D02D
:10C25000002070BD012070BDD0F800284FF4FE63AF
:10C2600003EA011322F4FE62C0F80028D0F8001897
:10C270001943C0F80018002070470000022A3ED180
:10C28000264A274B0A449A4201D20F2138E0254A18
:10C29000254B0A449A4201D20E2131E0234A244B15
:10C2A0000A449A4201D20D212AE0224A224B0A4432
:10C2B0009A4201D20C2123E0204B214A0B449342A5
:10C2C00001D20B211CE01F4B1F4A0B44934201D2A9
:10C2D0000A2115E01D4B1E4A0B4493420FD31D4B00
:10C2E0001D4A0B44934201D2082109E01B4B1C4A12
:10C2F0001944914201D2072102E0062100E0092100
:10C30000C2684FF4705322F47052C26003EA812372
:10C31000C1681943C160002070470000405327FFE7
:10C3200000350C00401E1BFF40420F0000DC0BFFDD
:10C33000804F1200808CF9FE20D6130060B6E5FE17
:10C3400060E3160000D3CEFE40771B00C05BB3FE57
:10C35000C091210000CA91FE20753800E05459FEBA
:10C36000E09C410010B5029C74B900EB0232DB1C6A
:10C3700000209B0802F5805204E000BF51F8044BF6
:10C380001460401C9842F9D3002010BDFEE7410024
:10C39000080218BF04200A0E18BF40F001004FF039
:10C3A0007F4232EA010108BF40F00200012808BFC5
:10C3B00005207047090700284FEA116104DB00F1EE
:10C3C000E02080F80014704700F00F0000F1E0203A
:10C3D00080F8141D7047000010B54FF00E402DED91
:10C3E000028BB0EE408A18EE104A00EB4400B0F128
:10C3F000506F4AD84FF0FC40B0EB440F22D2B0EE61
:10C40000C80ADFED360A30EEC00ADFED350A60EE0D
:10C41000208A18EE900A03F02BFD01EE100A14F0AA
:10C42000004F1DBFDFED2F0A9FED2F0AB1EE411A1D
:10C43000DFED2E0A08BF9FED2E0ADFED2E1A21EE4A
:10C44000218A05E0DFED2C0A68EE088AB0EE600A6A
:10C450009FED2A1ADFED2A1A30EE080A48EE811AFB
:10C460009FED281A08EEA11ADFED271A48EE811A6F
:10C470009FED261A08EEA11A68EE281ABDEC028B71
:10C4800001EE810A30EE200A10BD4FF0E440B0EB1F
:10C49000440F0CD918EE100AFFF779FF042808BFE3
:10C4A00000F09AFFB0EE480ABDEC028B10BD4FF0D1
:10C4B0007F40B0EB440F07D2B0EE480ABDEC028BD0
:10C4C000BDE8104000F072BF0120F4F740FABDEC67
:10C4D000028BBDE8104000F06FBF00000000803FFD
:10C4E0000000003F0000C9BF22AAFDB90000C93FFB
:10C4F00022AAFD39000000C00000000024FE1C3DFF
:10C50000C78AD83C1E67383D1B93993DAFAA2A3E87
:10C5100010EE100A10B510EE901A4FF0684202EBC0
:10C5200040032DED028BB3F1654F3CBF02EB41029E
:10C53000B2F1654F7CD200BFC0F3C753C1F3C752FD
:10C540009A1A1B2A09DD10F0004F14BF9FED6E0AE6
:10C550009FED6E0ABDEC028B10BD12F11A0F1BDAB3
:10C5600011F0004F09D010F0004F0CBF9FED680A8A
:10C570009FED680ABDEC028B10BD80EE208A18EE9C
:10C58000100AFFF704FF042808BF00F025FFB0EEF3
:10C59000480ABDEC028B10BD4200B2EB410F37D907
:10C5A00010F0004F19BFDFED5C1A9FED5C1ADFED54
:10C5B0005C1A9FED5C1AB0EE602A0A46F1EE400A62
:10C5C00080F00041B0EE420A10460A1A5200B2F161
:10C5D000807F34D2484010F0004FDFED532A9FEDAA
:10C5E000533A1DBF9FED522A71EEE21A31EE431A03
:10C5F0009FED502A04BF71EEA21A31EE031AF0EE3D
:10C60000402A42EE602A40EE020A82EEA02A18E09A
:10C6100011F0004F04BF9FED481AF0EE411AD4D03C
:10C6200010F0004F1CBFDFED451A9FED451A00E0EA
:10C6300026E004BFDFED431A9FED431AC5E780EE05
:10C64000202A22EE020ADFED410ADFED412ABDEC8D
:10C65000028B40EE202ADFED3F0A40EE220ADFED9A
:10C660003E2A40EE202ADFED3D0A40EE220A22EE6D
:10C67000000A00EE201A31EE020A30EE210A10BD47
:10C680004FF07F42B2EB400F28BFB2EB410F05D213
:10C69000BDEC028BBDE8104000F08BBE40EA010308
:10C6A0005B0008BF41F0FF410BD0B2EB400F08BF69
:10C6B000B2EB410F08D120F0804000EE100A21F0CB
:10C6C000804100EE901A37E7B2EB400F12BF5FEAED
:10C6D000410240F0FF4001F000413FF42DAF4A001D
:10C6E00092EA40033FF528AF002AACBF9FED1C1A29
:10C6F0009FED1C1A20EE010A60EE810A10EE100A6E
:10C7000010EE901A18E70000DB0FC9BFDB0FC93F1E
:10C71000DB0F4940DB0F49C00000C9BF22AAFDB9A9
:10C720000000C93F22AAFD390060ED3EC30ACE37A2
:10C73000000000BF0000003F00000000000049C0F2
:10C7400022AA7DBA0000494022AA7D3A2DAD65BDDE
:10C750008FB8D53D0FB511BE61C84C3EA8AAAABE80
:10C760000000804F0000802F10EE100AC0F3C75168
:10C770007F391729A8BF7047DFED150A9FED151AFD
:10C78000002970EE200A0CDAB4EEE01AF1EE10FA8D
:10C790001AD20028C8BF4FF07E50B8BF4FF00040FB
:10C7A00012E00D4A22FA01F2104208BF7047F4EE7F
:10C7B000C10AF1EE10FA07DD002804DD4FF4000392
:10C7C00023FA01F10844904300EE100A704700007C
:10C7D000CAF2497100000000FFFF7F0010EE101A3E
:10C7E00008B5434A6846B2EB410F26D94FF0E64000
:10C7F000B0EB410F94BF00204FF0FF300090009845
:10C80000DFED3C0A002860DB10F0010F46D060EE3F
:10C81000000ADFED391A9FED391A10F0020F00EE11
:10C82000E11ADFED371A40EE811A21EEA01AF0EE80
:10C83000400A40EE010A2ED041E0324B21F0004286
:10C8400093423FD911F0004FDFED2F0A20EE201A5E
:10C85000DFED2E0A19BF31EE601A71EE200A31EEBB
:10C86000201A71EE600ABDEEE01A11EE100A9FED7B
:10C87000281A00F0030000EEC10A9FED261A00906E
:10C8800000EEC10A9FED241A00EEC10A9FED231AA3
:10C8900000EEC10AB3E7F1EE600A10E020EE000AF4
:10C8A0009FED1F1ADFED1F1A10F0020F40EE011A64
:10C8B0009FED1D1A00EE211A40EE010AEBD1B0EEF9
:10C8C000600A08BD00F090FD99E710EE100A4000E4
:10C8D000B0F17F4FF3D307D14FF00100F4F737F8F1
:10C8E000BDE8084000F068BDBDE8084000F05EBD4E
:10C8F000B61F927E0000803F336D4C39DA82083CCF
:10C90000A0AA2ABE490E494683F9223F0000004BE7
:10C910000000C93F00A0FD390020A2331A61342C69
:10C92000B93AB2BACA9F2A3DDDFFFFBE10EE100A27
:10C93000C0F3C7517F391729A8BF7047DFED150A2B
:10C940009FED151A002970EE200A0DDAB4EEE01AF8
:10C95000F1EE10FA1AD20028A8BF002016DAB0F1C2
:10C96000004F18BF0D4811E00D4ACA40104208BFE1
:10C970007047B4EEE01AF1EE10FA07D2002804DA9C
:10C980004FF4000323FA01F10844904300EE100A2B
:10C9900070470000CAF2497100000000000080BF2B
:10C9A000FFFF7F0010B52DED028BB0EE608AF0EE38
:10C9B000408A18EE101A18EE900A05F053F800F0AD
:10C9C0007040B0F1005F0CD018EE100A20F000406B
:10C9D000C0F1FF40C00F02BFB0EE480ABDEC028BB1
:10C9E00010BDB0EE680ABDEC028B10BD10B52DED88
:10C9F000088B9FEDFE1A10EE100A10EE901AB0EEA2
:10CA0000418A0022A0F5000C4FF00073DFEDF89A88
:10CA1000BCF1FE4F4FF07F4403EB410C80F0A4814A
:10CA2000BCF1804FC0F01882F24901449FEDF23A08
:10CA30009FEDF2AAB1F5005F40F2CA8200F58021B5
:10CA4000CB0C03F00F0100EE101AC3F307137F3B6A
:10CA5000A0EBC350B8EEC02A01EE900A1A44DFEDF5
:10CA6000E82AB0EE410A02EE220AF0EE403A31EE38
:10CA7000A30A31EEE32A10EE100A00F500606FF30E
:10CA80000B0002EE900A73EEE23A73EEA13AC1EEA9
:10CA9000001A22EE210A10EE100A00F500606FF372
:10CAA0000B0000EE100A00EE622A00EE632A62EE2E
:10CAB000212A70EE221A21EEA12ADFEDD23A02EEEF
:10CAC000233A23EE023A20EE012A22EE811A03EEE7
:10CAD000211A32EE010A10EE100A00F500606FF321
:10CAE0000B0000EE100A72EE401A31EE812A9FED23
:10CAF000C61A60EE011A9FEDC51A20EE011A9FEDCD
:10CB0000C40A02EE001A31EE810A10EE100A00F596
:10CB100000606FF30B0000EE100ABE4871EEC01A01
:10CB200031EE812A784400EBC10090ED003AD0ED5F
:10CB3000011A100101EE100AF8EEC12A32EE211A94
:10CB400031EE001A31EE031A31EE221A11EE100AFC
:10CB500000F500606FF30B0008EE900A38EEE21A61
:10CB600031EE431A31EE400A30EE610A72EE40AA0D
:10CB700010EE900A002100F500606FF30B0009EE43
:10CB8000100A084630EEC9BA4FF0000028EE890AB4
:10CB900000F00C01F0EEC00A10EE900AB0F18B4FDD
:10CBA0000FDD10EE900AB4EB400F0AD310EE100A1E
:10CBB0004FF08B42B0EE699A62F31E0008EE900AC5
:10CBC00013E068EE8B0A39EE0B1A4AEE810A30EE5A
:10CBD000201A11EE100A00F500606FF30B0008EE4A
:10CBE000900A30EE680A30EE209A0C204FF00000D8
:10CBF00038EE890AB4EEE90AF1EE10FA38BF9FED7B
:10CC000086AA3AEE000ABDEEC00A10EE100A011123
:10CC100000EE101AF8EEC00A00EE100AB8EEC00AD4
:10CC200038EEC00A30EE090ADFED7C1A9FED7C1A5F
:10CC300000EE211ADFED7B1A7B4900F00F0040EE79
:10CC4000011A21EE800A794401EB800191ED001A6E
:10CC50007649794401EB8001D1ED001A744901EE67
:10CC6000801A794401EB8000724990ED000A31EEA0
:10CC7000001AB0EEE00A10EE100A884215DA10EE43
:10CC8000100AB4EB400F10D39FED6B0A30EE800A10
:10CC9000DFED6A0A20EE200A68EE010ABDEC088B7F
:10CCA000BCEEC00A20EE200A10BD10EE100A644946
:10CCB000884233DA10EE100AB4EB400F2ED3BDEEEB
:10CCC000E00A68EE010A10EE100A00EBD072511073
:10CCD000C90501F17E5100EE101AA0EB6200C005FB
:10CCE00060EE200A00F17E5000EE100A60EE808AAD
:10CCF00018EE900AB4EB400F25D018EE900A4000D1
:10CD000011D018EE900AFFF742FB042808BF00F08C
:10CD100063FBB0EE680ABDEC088B10BDF4EEE90AC7
:10CD2000F1EE10FA0FD20220F3F711FE00F054FBDF
:10CD300018EE100A10EE101ABDEC088B61F31E00FD
:10CD400000EE100A10BD0220F3F701FE00F03CFBDC
:10CD500018EE100A10EE101ABDEC088B61F31E00DD
:10CD600000EE100A10BD00BFBCF1804F74D300BFAD
:10CD700000F1FF43B3F1FE4F24D200BFB0EEC00A72
:10CD800010EE100AC1F3C7537F2B0DDB972BBFF6B4
:10CD90004BAEC3F196034FF0010C0CFA03F3A3F171
:10CDA000010C1CEA010F08D00120F3F7D0FDBDEC07
:10CDB000088BBDE8104000F0FFBA0B4218BF9FED92
:10CDC000218A31E643001CBF4FF08073B3EB400F64
:10CDD0003CD96FF01A02DFED1C1A20EE210A10EE8A
:10CDE000100A10F0004FC9D11EE635E00000803F68
:10CDF00000000000001080C0ABAAAA3E0000003F67
:10CE00000000803D7EE24C3E00B03842D49AB8BB70
:10CE10003BAA384298590000000000BFFC59633714
:10CE2000C9FF753A1872313D365900006A59000041
:10CE3000DA5800000000FC420000FE420000004BF7
:10CE400000004043000080BF0000004DA0F500033B
:10CE5000B3F1FE4F21D2E7E503EB4103B3F1007FCD
:10CE600011D3F4EE690AF1EE10FA05D1430018BFB0
:10CE7000B4EB400F76D87BE701F0004141F0FC5164
:10CE800000EE901A74E7B3F1807F06D210EE903A6C
:10CE9000A3F5000300EE903A6AE720F000426FF03D
:10CEA000FF4C604C02EB0C03A34210D321F0004373
:10CEB0009C44A4450BD3B0F17E5F18BF5FEA410CE0
:10CEC00050D0B2F1FF4F98BFB3F1FF4F05D9BDEC81
:10CED000088BBDE8104000F06CBAB0F1FF4F0FD0E6
:10CEE000C1F3C7527F2A09DB972A11DAC2F19602F1
:10CEF000012303FA02F2531E0B4205D0002208E080
:10CF000011F0004F55D128E00A4218BF012200D18C
:10CF1000022210F5000F13D028B3B0F1004F26D035
:10CF200010F1814F4FD04FF0FE42B2EB400F94BF53
:10CF300001200020012202EBE171884239D10CE08E
:10CF400011F0004F02D0012A38D032E0012A02BF8E
:10CF50009FED350ABDEC088B10BD9FED340ABDEC8A
:10CF6000088B10BD2FE011F0004F0CD121E0B1F182
:10CF7000FF4F1ED011F5000F05D011F0004F15D056
:10CF80000AB1012A08D00220F3F7E1FCBDEC088BBE
:10CF9000BDE8104000F0FEB90220F3F7D8FC00F025
:10CFA000F9F9BDEC088BB1EE400A10BD0AB1012AB7
:10CFB00004D0B0EE690ABDEC088B10BDBDEC088B47
:10CFC0009FED1B0A10BDBDEC088BB0EE410A10BDF1
:10CFD00030EE410A9FED171A9FED182A00EE413AF4
:10CFE000B0EE4A1A60EE001A00EE431A61EEC11A62
:10CFF0009FED111A20EE011A20EE020A9FED102A71
:10D0000001EE820A71EE001A11EE900A00F500603E
:10D010006FF30B0008EE900A31EE681A71EE00AA69
:10D02000A6E50000FFFF3F00000080FF0000807FBA
:10D03000000000800000803E00B0B841D49A38BBA8
:10D040003BAAB84100B510EE101A2DED028B81B04D
:10D05000524A6846B2EB410F2ED94FF0E640B0EB92
:10D06000410F94BF00204FF0FF3000900098B0EEC9
:10D07000408A00286ADB10F0010F4BD068EE080AE6
:10D080009FED471A9FED470A00EE810A9FED461A71
:10D0900000EE801A9FED450A10F0020F00EE810AA3
:10D0A00002BF01B0BDEC028B00BD00BF01B0B1EE0C
:10D0B000400ABDEC028B00BD3D4B21F00042934283
:10D0C00041D911F0004FDFED3B0A20EE201ADFEDD1
:10D0D0003A0A19BF31EE601A71EE200A31EE201AB9
:10D0E00071EE600ABDEEE01A11EE100A9FED331AE0
:10D0F00000F0030000EEC10A9FED311A009000EE2F
:10D10000C10A9FED301A00EEC10A9FED2F1A00EE02
:10D11000C10AABE728EE080A9FED2C1ADFED2C0AB6
:10D1200010F0020F40EE410A9FED2A1A00EE201A7D
:10D1300061EE000AB0EE480A08EE200AB6D101B04E
:10D14000BDEC028B00BD00F04FF98FE718EE100A1E
:10D150004000B0F17F4F0DD218EE100AFFF717F91B
:10D16000042808BF00F038F9B0EE480A01B0BDEC61
:10D17000028B00BD09D10120F3F7E9FB01B0BDEC42
:10D18000028B5DF804EB00F017B901B0B0EE480A6D
:10D19000BDEC028B5DF804EB00F008B9B61F927E7F
:10D1A000B93AB2BACA9F2A3DDDFFFFBE0000803FF8
:10D1B000490E494683F9223F0000004B0000C93F59
:10D1C00000A0FD390020A2331A61342C336D4C3994
:10D1D000DA82083CA0AA2ABE10B52DED028BB1EE72
:10D1E000C08A18EE100A20F00040C0F1FF40C00FC6
:10D1F0000AD010EE100A20F00040C0F1FF40C00F2E
:10D2000004BF0120F3F7A3FBB0EE480ABDEC028B8C
:10D2100010BD000000B510EE101A2DED028B81B08C
:10D220004D4A6846B2EB410F3CD94FF0E640B0EBB7
:10D23000410F94BF00204FF0FF3000900098B0EEF7
:10D24000408A00285FDB28EE080ADFED440A9FEDE4
:10D25000441A00EE201ADFED430A40EE010A9FED6A
:10D26000421A00EE201ADFED410A10F0010F40EEE5
:10D27000010A9FED3F1A00EE201A61EE000AB0EE9F
:10D28000480A08EE200A02BF01B0BDEC028B00BDC7
:10D290009FED381A01B0C1EE000ABDEC028BB0EE72
:10D2A000600A00BD344B21F00042934228D911F0AE
:10D2B000004FDFED320A20EE201ADFED310A19BFF0
:10D2C00031EE601A71EE200A31EE201A71EE600A1A
:10D2D000BDEEE01A11EE100A9FED2A1A00F00300CD
:10D2E00000EEC10A9FED281A009000EEC10A9FEDE2
:10D2F000271A00EEC10A9FED261A00EEC10A9DE72B
:10D3000000F072F89AE718EE100A4000B0F17F4F73
:10D310000DD218EE100AFFF73AF8042808BF00F003
:10D320005BF8B0EE480A01B0BDEC028B00BD09D13C
:10D330000120F3F70CFB01B0BDEC028B5DF804EBB0
:10D3400000F03AB801B0B0EE480ABDEC028B5DF8CF
:10D3500004EB00F02BB80000B61F927EBBE9223C24
:10D360000C6D063B8A76CE3CACB5593D35A1083EE6
:10D3700029AAAA3E000080BF490E494683F9223FF0
:10D380000000004B0000C93F00A0FD390020A2337F
:10D390001A61342CDFED030A9FED031A80EE810A37
:10D3A000704700000000803F0000000030EE000ADF
:10D3B000704730EE200A7047DFED020A80EEA00AC7
:10D3C00070470000000000009FED020A20EE000AF6
:10D3D00070470000000000709FED020A20EE000A76
:10D3E00070470000000000102DE9F0014FF07F426F
:10D3F000B2EB410F9FBF4FF0FF310160BDE8F0017C
:10D4000070474FF0004242EA0123C1F3C752783A15
:10D41000551112F01F0C434CCCF120067C44C1F393
:10D42000C752A2F178024FEA621204EB820254F86A
:10D43000254008BFD2E9015612D0556804FA0CF411
:10D4400025FA06F73C43976805FA0CF527FA06F823
:10D45000D26807FA0CFCF24045EA08054CEA0206DD
:10D46000A4FB034CA5FB0352A6FB03631D449D4292
:10D4700034BF012600261319334416B1934202D952
:10D4800003E0934201D2012200E00022624402F153
:10D49000200C9206DC0C42EA443200EE102A5B03B8
:10D4A000DFED210AF8EEC01A00EE103A4FEA9C1C9C
:10D4B00011F0004FB8EE400AC0F800C020EE201A6C
:10D4C00000EE105ADFED190AB8EE400A20EE200AED
:10D4D00071EE810A70EE800A10EE902A02F5006269
:10D4E0006FF30B0200EE902A70EEE11A31EEC11AD2
:10D4F000DFED101A30EE411A9FED0D0A20EE800A82
:10D5000001EE210A9FED0C1A00EE810A04BFBDE86E
:10D51000F0017047CCF180510160BDE8F001B1EE3F
:10D52000400A7047E0510000000000360000802CE7
:10D5300022AAFD29DB0FC92F0000C92FD0EC021A47
:10D5400031EE403A90ED0B5AD0ED053A70EEC02A1C
:10D55000D0ED064A35EE421A73EEE13A90ED0A4AF2
:10D5600034EEC20A22EE811A74EE611A23EE232AE7
:10D57000D0ED100A03EE401A01EEE22A21EE200A55
:10D5800062EE200A7047000010EE100A10F1814F81
:10D5900004D810EE100AB0F17E5F02DD9FED090A9B
:10D5A000704710EE100A0849884202D99FED070A19
:10D5B000704710EE100A06498842F9DD9FED050A12
:10D5C00070470000000000003333B3BE3333B3BEF6
:10D5D0003333B33E3333B33E70B5044600202DEDF4
:10D5E000088BF0EE409AB0EE60AAC9FEE20A8AFE0D
:10D5F000430AC1FEA00AF0EE41AA206082FE000AA2
:10D6000030EEE98A61EE010A70EE4A8A28EE080AD5
:10D6100008EEA80AB4EEE00AF1EE10FA2DD2B5EE4B
:10D62000C00A4FF00105F1EE10FAB7EE009A27D0CC
:10D63000FFF7D2FDB0EE40BA28EE080A08EEA80ABD
:10D64000FFF7CAFDC9EE000A3AEECB1A256084ED59
:10D65000011A28EE200A68EEA00A20EE0B1A60EEEE
:10D660008B1A39EE811A7AEE211A84ED031AC4ED71
:10D67000041A84ED070AC4ED080ABDEC088B70BDDE
:10D6800031EEA21A72EE030AB6EE000A72EEE12A39
:10D6900021EE001A60EE800A73EE421A22EE804AF2
:10D6A00039EEC12A7AEE602A61EE803AB5EEC02AE0
:10D6B000B0EE421AB0EE623AF1EE10FA01D2B1EEDB
:10D6C000422AF5EEC02AF1EE10FA01D2F1EE622AFA
:10D6D00034EE420A33EEE22ADFED1A1AFFEE000AB8
:10D6E000B4EEC20AF1EE10FA0AD2F4EEC11AF1EE6B
:10D6F00010FA39FE201A69EE010A21EE811A0BE0B8
:10D70000F4EEC31AB0EE420AF1EE10FA39FE201A16
:10D7100061EE810A29EE011A7AEE801A2560C4EDC5
:10D72000011A60EE801A21EE000A79EEE11A3AEE53
:10D73000400AC4ED031A84ED040AC4ED070A84ED1F
:10D74000081A9AE70000000031EEC00A72EE600A83
:10D7500020EE000A00EEA00A71EE220A60EEA00A96
:10D76000B4EEE00AF1EE10FA01D201207047002079
:10D77000704700002DE9F74F82460E4600F57C40C9
:10D780002DED028B92B0009000208346ECE000BFAC
:10D7900000EBC00101EB001180F001030AEBC100B6
:10D7A00006EB860200F57C4903EBC30109EB82001E
:10D7B0005A4601EB0311A0F114080AEBC1004146DF
:10D7C00000F57C40CDE906030024504600F0BAFF86
:10D7D0000027B0EE408ABDE007EB87005A4609EB10
:10D7E00080055046294600F0ADFFB5EEC08AF0EE48
:10D7F000408AF1EE10FA04DDF5EEC08AF1EE10FA7F
:10D8000009D3B5EEC08AF1EE10FA7CD2F5EEC08AEB
:10D81000F1EE10FA7BDD78EE680A0A2C88EE200A19
:10D820007CD295ED001AD8ED000A14220DA831EE35
:10D83000601A08A941EE000ACDED080A95ED011A1B
:10D84000D8ED010A31EE601A41EE000ACDED090A69
:10D8500095ED021AD8ED020A31EE601A41EE000A87
:10D86000CDED0A0A95ED031AD8ED030A31EE601AE0
:10D8700041EE000ACDED0B0A95ED041AD8ED040A2D
:10D8800031EE601A41EE000ACDED0C0AF2F7F6FF18
:10D8900014220DA901A8F2F7F1FFBBF1050F43D245
:10D8A000DFE80BF003070D151F00009890ED6A0AE2
:10D8B00002E0009890ED6B0A8DED030A1AE00098E3
:10D8C0009DED030AD0ED6C0A20EE600A06E0009898
:10D8D0009DED030AD0ED6C0A20EE200A8DED010AC1
:10D8E00008E000989DED030AD0ED6D0A20EE600A75
:10D8F0008DED020A069904EB8400142201EB8000EE
:10D90000641C01A901E002E008E0F2F7B7FFF5EEC0
:10D91000C08AF1EE10FA19DB0A2C0DD3002012B0E8
:10D92000BDEC028BBDE8FE8F00989DED030AD0EDA3
:10D930006D0A20EE200ADBE7069804EB840114222E
:10D9400000EB81002946641CF2F798FF7F1CA84673
:10D95000B0EE688AB742FFF43FAF07980BF1010BB6
:10D96000BBF1060F264602D2002E7FF411AF1699A6
:10D9700008603046D3E70000F0B5044617467C3017
:10D980000D462DED068BF0EE409AB0EE60AAF0EE5B
:10D9900041AA83B00646F4F75BFAF0EE418AB0EE96
:10D9A000408A3AEEC11AB0EE609A39EEC00A7AEEB9
:10D9B000600A28468DEC030A00F078FC9FB194F8C9
:10D9C000F80080B19FED271ADFED270A03F071F907
:10D9D00048B1684600F06AFC10EE100AB0F17A5FB8
:10D9E00001DC012100E00021204B002005EB80023A
:10D9F00004EB800792ED000AD7ED3A0A30EE600A98
:10DA0000B0EEC00A10EE102A9A4200DD0021401C40
:10DA10000328EBD391B1D4F8BC00B0EE6A1A40F001
:10DA20000200C4F8BC00F0EE4A0AB0EE690A3046C3
:10DA3000F4F73EFA03B0BDEC068BF0BD3046F4F7C8
:10DA40000BFA0B493046F4F719FAB0EE681AF0EE0B
:10DA5000490AB0EE480A3046F4F70CFA9DEC030A86
:10DA6000E8E7000092CB873FD3DE703F0AD7A33CA4
:10DA7000D42301080349044A0968B1FBF2F1B0FB61
:10DA8000F1F07047AC46002440420F0091ED002AAF
:10DA9000D0ED001A90ED011AD1ED012A32EE612A83
:10DAA00070EEC10A70EE611A32EEC11A22EE200A3F
:10DAB00001EE610A70470000B4EE400AF1EE10FA80
:10DAC0000BD110EE100A0649884206D210EE100A59
:10DAD0000449884201DA01207047002070470000A5
:10DAE000002474C900247449B4EE400AF1EE10FA1F
:10DAF0000BD110EE100AB0F1FF4F06DA10EE100A4B
:10DB000010F5000F01D2012070470020704700007F
:10DB1000A0F16102192A01D82038C0B2A0F1300268
:10DB2000092A07D8174A00EB80001044084410F86F
:10DB3000F00C7047A0F14102192A0AD8114A00EBF3
:10DB40008000323210440844A0F5805090F8BB0E9B
:10DB500070472E2806D02D2808D03A2808D02F2824
:10DB60000CD007E0022905D16020704708207047DB
:10DB7000022901D000207047242070470148401F2F
:10DB8000405C7047611B010838B501230446002141
:10DB90006A4600F058F800280ED00CB11E2000E0B4
:10DBA0000F209DF80010884207D00CB1022000E041
:10DBB000032003490870002038BD012038BD000053
:10DBC000104600242DE9F8431C4615460F468046B2
:10DBD000089E00F08FF8002814D0304600F018F8A6
:10DBE00001236A463946404600F02DF8002809D046
:10DBF0009DF8000025402040A84205D0034905209B
:10DC000008700020BDE8F8830120FBE710460024DF
:10DC100010B5044600F0DAFBA4FB000140F2E73245
:10DC2000801841F10001521C0023F2F743FCBDE8CB
:10DC30001040401C00F09EBB0088B0F5004F01D39F
:10DC4000A0F58030704770B586B0164600221D469C
:10DC500000920192029208B1022400E00124C4F172
:10DC60000A02AA4202D2002006B070BD41F0800133
:10DC70008DF8001029198BB2694603AA00F00AF842
:10DC80000028F1D003A82A4601193046F2F76FFDAB
:10DC90000120E9E72DE9F84304001D4616460F462A
:10DCA00001D0012100E00821DFF83C80002240463D
:10DCB000F6F786FA022000900C482B463246394689
:10DCC000F9F74FFD05460CB1012100E0082140465F
:10DCD0000122F6F775FA2DB10549042008700020DD
:10DCE000BDE8F8830120FBE700080258CC5B002464
:10DCF000104600241CB501F07F0102238DF80010AE
:10DD000069468DF8012001AAFFF7C4FF1CBD000081
:10DD10002DE9F04115460E46044608462DED028BCE
:10DD2000B0EE408A00F0C2FA9FED551ADFED550AB9
:10DD300002F0BFFF38B1284600F0B8FA10EE100A22
:10DD4000B0F1814F03DD204601F036FB66E0D4F8E8
:10DD5000F41029B34C4F00204FF07C5C06EB80029E
:10DD600004EB800392ED000AD3ED370A30EE600A2F
:10DD7000B0EEC00A10EE102ABA42E4DC05EB8002D5
:10DD8000D3ED310A92ED000A30EE600AB0EEC00A1F
:10DD900010EE102A6245D6DC401C0328DED305E0D5
:10DDA00096E80D00DC3484E80D00DC3C002094EDA6
:10DDB000300A491CC4F8F41030EE080A84ED300A29
:10DDC00005EB800204EB8001D4ED3D0AD2ED001A90
:10DDD00091ED310AB8EE601A401C71EEC00A0328BA
:10DDE000C0EE811A31EE800A81ED310AD2ED001ABF
:10DDF00091ED341A31EEC00A00EE801A81ED341A2A
:10DE0000DED3D4E92F1041F00201C4F8BC10B0F108
:10DE1000804F03DBD4F8F400642804D20020BDEC6A
:10DE2000028BBDE8F081194B0021401E00EE100A64
:10DE300004EB8102B8EE401AD2ED340A80EE810A7A
:10DE400010EE102A9A4209DD204601F0B5FAD4F806
:10DE5000BC0020F00200C4F8BC00DFE7491C032925
:10DE6000E4D304F1C40090EC030A4838F4F702F854
:10DE7000D4F8BC0040F00100C4F8BC000120CEE79B
:10DE8000B71E8D3F3D0A673F0AD7A33CEC51B83C13
:10DE900010B5D0F8BC10002280F8F82021F006015F
:10DEA00041F01001C0F8BC10CA0701D101F084FA9A
:10DEB000002010BD2DE9F74300201646884600F0EB
:10DEC00043F81E4F4FF48064002221463846F6F78F
:10DED00077F91B48322301226946F9F71BFB0546F7
:10DEE000012000F031F8012221463846F6F768F9A2
:10DEF00000240FE0002000F027F81148322301220F
:10DF000008EB0401F9F706FB0546012000F01CF8B8
:10DF1000641CA4B255B1012000F016F80949022092
:10DF2000C87000F07BF80020BDE8FE83B442E1D366
:10DF3000012000F009F80120F6E70000000C02586B
:10DF4000445B0024044600244FF40041024601488B
:10DF5000F6F736B90010025810B531B100F0A8F844
:10DF6000BDE81040401C00F005BABDE81040F6F7CF
:10DF700007B800002DE9F041244D0646287810B17D
:10DF80000120BDE8F0810020A8600120FFF7DCFF40
:10DF900001221F489102F6F713F91E4F4FF4006457
:10DFA000002221463846F6F70BF964203146FFF788
:10DFB000D3FF012221463846F6F702F964203146A4
:10DFC000FFF7CAFF0120FBF7E5FC64203146FFF7AD
:10DFD000C3FF002211201146FFF76CFF0028D0D0AC
:10DFE00078203146FFF7B8FF0B4E002406EB0410F3
:10DFF000811C42780078FFF75DFF0028C1D0641CC7
:10E000000E2CF3D301202870BAE700000446002448
:10E01000000C0258000402583A1C010870B5232075
:10E02000F6F771F90B20F6F76EF91E48F8F734FF92
:10E030001C4C1D4DA06FB8B10168A9B1F4F70CFEDE
:10E04000A06F00680068C0070ED01848016841F052
:10E0500001010160BFF34F8F036801220A2123F001
:10E0600001030360AA70E9702068016821F00101D2
:10E0700001600120FFF768FF00206870A8600B2096
:10E08000F6F734F92320F6F731F9686810B1032068
:10E0900000F060FA0B20F6F747F9BDE87040232046
:10E0A000F6F742B9445B0024044600248044025839
:10E0B000411C10B514D0044600F088F9A4FB0001FF
:10E0C00040F2E732801841F10001521C0023F2F7C0
:10E0D000F1F9421C71F1000101D36FF0010010BD94
:10E0E0004FF0FF3010BD00002DE9F047184C0D46F1
:10E0F0004FF40C7180460026914605FB01F720780D
:10E1000048B1606850B100F0D3FA6168884205D028
:10E110000721304617E00121304614E0607810B145
:10E12000062130460FE0B9F1000F0AD04DB1B7F526
:10E13000803F06D2B8F1F00F03D2C8F1F000A84238
:10E1400004D208213046E170BDE8F0870120FBE7EA
:10E15000044600241CB512A2030A01441268491E99
:10E160008DF804308DF805000C0A8DF806402A2041
:10E17000009204228DF807106946FFF79BFE68B1F4
:10E1800004222B2001A9FFF795FE38B100222C2094
:10E190001146FFF78FFE08B101201CBD00201CBDF9
:10E1A0000014012B70B50C4605462DED068BB0EE24
:10E1B00040AAD1ED008A90ED009AF0EEE80AB0EEA8
:10E1C000C90AFEF7EFFBB0EE408AB5EEC08AF1EE69
:10E1D00010FA1AD0C9EE089A88EE889A29EEA90A90
:10E1E00009EE090AFEF7F8FFF0EE400A8AEE200A6F
:10E1F000B4EEC80AF1EE10FA07D260EE290A20EE5A
:10E20000090AC5ED000A84ED000ABDEC068B70BD5D
:10E2100019480168890312D4BFF34F8FBFF36F8F82
:10E22000164A00211160BFF34F8FBFF36F8F016853
:10E2300041F400310160BFF34F8FBFF36F8FF5F7EB
:10E24000D3FFFCF7DBF9F9F769FFF9F713FFFAF7EA
:10E2500069F8F9F7A7FEFAF79BF8FAF70DF808A2A4
:10E260000AA10EA0FBF754F900F0B4F8F9F718FF73
:10E2700000F0C2F8FEE7000014ED00E050EF00E00F
:10E280004D415A4520303120563300004C43442044
:10E29000504F4C4C494E47204F4B000052544F5367
:10E2A000205354415254494E4700000090ED000A5B
:10E2B00090ED011AD0ED020A20EE000A01EE010AEB
:10E2C00000EEA00A704700002DE9F04106000D465F
:10E2D0002DED028B9FED268AF0EE488A1BD000249C
:10E2E00006EB840797ED000AFFF7FEFB002813D02A
:10E2F00097ED000AB0EEC00AB4EEC80AF1EE10FACB
:10E3000001DDB0EE408A641C042CE9D3B5EEC08A6E
:10E31000F1EE10FA04D10020BDEC028BBDE8F081D3
:10E320005FF0000206EB820105EB8200D1ED000AEE
:10E33000521C042A80EE880A80ED000A40EE008A12
:10E34000F0D3B0EE680AFEF747FFB7EE001A0020E0
:10E35000C1EE000A05EB8001401C91ED000A042883
:10E3600020EE200A81ED000AF4D30120D4E700005A
:10E370000000000010B5EFF3058111B16FF0050446
:10E3800004E04FF0000408B102F0F8FA204610BD96
:10E3900038B50546EFF3058010B16FF005040CE0C9
:10E3A000002403F05FF9291A0090002903DD684674
:10E3B00002F00AFB01E06FF00304204638BDEFF3E2
:10E3C000058008B103F054B903F04CB94FF47A70EA
:10E3D00070470000EFF3058010B16FF00500704743
:10E3E0000449086810B14FF0FF30704701220A60FD
:10E3F000002070470447002410B5EFF3058010B1EA
:10E400006FF0050010BD08480168012902D04FF0E7
:10E41000FF3010BD054A002182F8141D0221016061
:10E4200002F05AFB002010BD044700240BE000E07E
:10E43000F8B56FF003021D466FF002064FF00004BE
:10E44000EFF30583A3B1F0B1E9B1E5B90022009281
:10E450006A4602F01FFF012817D10098B0B10C499D
:10E460004FF080500860BFF34F8FBFF36F8F0DE008
:10E4700048B141B12A4602F06FFE012806D025B10D
:10E480006FF0010402E0144600E034462046F8BD77
:10E4900004ED00E0F8B514464FF00005EFF30582F7
:10E4A00012BB08B301B3A4B1D4E9023263B1502A5C
:10E4B0001AD32269C2B100FB01F66769B74213D3D0
:10E4C000009502F0BCFC07E072B9226962B962698A
:10E4D00052B9002202F092FC050005D00CB121686F
:10E4E00000E0002102F014FA2846F8BDF8B56FF0FC
:10E4F00003021D466FF002064FF00004EFF30583A0
:10E50000ABB100B3F9B1F5B90022009213466A46E7
:10E5100002F0C2FD012818D10098B8B10C494FF0A3
:10E5200080500860BFF34F8FBFF36F8F0EE050B184
:10E5300049B100232A4602F0FFFC012806D025B18C
:10E540006FF0010402E0144600E034462046F8BDB6
:10E5500004ED00E0F8B50446EFF3058010B16FF06C
:10E5600005041DE0002C02DA6FF0030418E003F04C
:10E5700065F8002206466B46114602F06DFF012841
:10E580004FF0FF350BD100980023032220EA04014D
:10E5900004463046009102F05FFF012800D02C466F
:10E5A0002046F8BD3EB5040001D0002903DA6FF023
:10E5B000030001902BE04FF0FF300190EFF3058056
:10E5C000D0B10025029502A82B46012200902046DA
:10E5D00002F0B2FF0022204601AB1146009502F086
:10E5E000ABFF029898B10B494FF080500860BFF321
:10E5F0004F8FBFF36F8F0AE000232046012202F005
:10E600002BFF0022204601AB114602F025FF0198A6
:10E610003EBD000004ED00E02DE9F84F89460546B7
:10E620004FEA0206EFF3058010B16FF005041EE01B
:10E63000002D02DA6FF0030419E05FEA897002D559
:10E640004FF0000800E0A8469246002403F00AF8C4
:10E65000E71E8346002053466A46414603F074F89D
:10E66000012807D016B36FF001040028F2D120462C
:10E67000BDE8F88F00982C405FEAC97144EA0004B5
:10E680000BD035EA0400F2D056B102F0EBFFA0EB5C
:10E690000B00504506D9002006E02542E7D1F3E7FC
:10E6A0003C46E4E7AAEB00008246D3E73C46DCE7C1
:10E6B00002F0C4BF2DE9FF414FEA01034FF000050E
:10E6C000EFF30581039561BB58B34FF080064FF01F
:10E6D00018014FF000044AB3176807B13C46976928
:10E6E0001FB139467F1E382F02D21779FF0703D09A
:10E6F000002004B0BDE8F081576907B1BE08D2F828
:10E7000008C0BCF1000F0DD0D5685C2D18D312697C
:10E710003AB137B18DE806103246214602F071FE5B
:10E7200003900DE0D7685FB912694AB903AACDE931
:10E730000012B2B2214602F037FE012800D0039544
:10E740000398D6E7D1ED020A052A00F57C4021D2D4
:10E75000DFE802F003080D12190090ED6A0A30EEAE
:10E76000C00A704790ED6B0A30EE600A704791ED79
:10E77000000A90ED6C1A0AE091ED000A90ED6C1A17
:10E7800010EE810A704791ED010A90ED6D1A00EECE
:10E79000810A704791ED010A90ED6D1AF0E70000D3
:10E7A0002DE9F04F00F5704506469B4690462DED4D
:10E7B000068B85B0B5F8C20DDDE9149AB0F5007F7F
:10E7C0000AD3D5F89C0D401CC5F89C0D002005B05F
:10E7D000BDEC068BBDE8F08F00EB4002C2EB4010B1
:10E7E00006EB80043046224600F034F904F11402AE
:10E7F00041461746304600F02DF904F128025946EB
:10E800009046304600F026F9D4ED0B0A94ED0A0A42
:10E8100039462046FFF73AF9B0EE409AB0EEC00A0A
:10E8200010EE100A884988427DDBB5EEC09AF1EE01
:10E8300010FA10D2142239466846F2F71FF8142253
:10E8400041463846F2F71AF8142269464046F2F774
:10E8500015F8B1EE499A94ED000A94ED018A012071
:10E86000F0EE408AF0EE489A00EB800104EB810163
:10E87000D1ED000AF4EEC00AF1EE10FA01D2B0EECA
:10E88000600AF4EEE80AF1EE10FA01DDF0EE608ABB
:10E89000D1ED010AF4EEC80AF1EE10FA01D2B0EEA1
:10E8A000608AF4EEE90AF1EE10FA01DDF0EE609A0A
:10E8B000401C0328D8D3B6EE00AA30EE4A0AFDF772
:10E8C00053FFBDEEC00A10EE108A38EECA0AFEF7FA
:10E8D0002DF8BDEEC00A10EE106A38EE4A0AFDF7B8
:10E8E00043FFBDEEC00A10EE107A39EECA0AFEF7F9
:10E8F0001DF8BDEEC00AB8F1000F10EE100A01DAE3
:10E900004FF00008002F00DA0027B5F8BC1DB14217
:10E9100000DC4E1EB5F8BE1D814200DC481EB0452D
:10E9200001DC874201DD012051E7B7EE000AA4F8BF
:10E930006A80C0EE090AA4F86C60A4F86E70A4F8AE
:10E9400070002046C4ED100A94ED0C1AD4ED070AAD
:10E9500094ED020AFEF7F2FD84ED140AC4ED150AE7
:10E9600099F80000F8B19FED390A84ED170A84ED9B
:10E97000160A84ED190A84ED180A00BFD9F80400BC
:10E980005146E06384F872A099F8000084F873009F
:10E99000B9F8020000F09AFEA4F8680099F80000A7
:10E9A00002281BD047E094ED0D1AD4ED080A94ED2F
:10E9B000030A2046FEF7C2FD84ED160AC4ED170ACD
:10E9C00094ED0E1AD4ED090A94ED040A2046FEF7E0
:10E9D000B5FD84ED180AC4ED190ACFE700269FEDB6
:10E9E0001C8A0327701CB11CB0FBF7F2B1FBF7F3D4
:10E9F00007FB120007FB131100EB800001EB810104
:10EA000004EB800004EB810190EC021A91EC020A05
:10EA100030EE410A70EEE10A20EE000A00EEA00A94
:10EA2000FEF7DAFB20EE080A04EB8600761C032EC4
:10EA300080ED110AD6D3B5F8C20D401C80B2A5F8FE
:10EA4000C20DC5F8980D6EE7ACC527370000000071
:10EA50009A99593F10B591ED021AF7EE001A00F598
:10EA60007C4381EE810A00F57040F6EE000A82EDEB
:10EA7000020AD3ED6E1A91ED001AB0F8BC4D61EEAA
:10EA8000211A01EE104A61EE801AB8EE411A41EEE9
:10EA9000201AC2ED001AB0F8BE0D93ED6E2A01EEF9
:10EAA000100AD1ED011AB8EE411A61EE821A61EE38
:10EAB000200A41EEC00AC2ED010AD1ED030A60EE60
:10EAC000800AC2ED030AD1ED040A20EE800A82ED2D
:10EAD000040A10BD2DE9F041134C0F460546E668C7
:10EAE0002068001D01F0FDFD681C07D137B12168C9
:10EAF000BDE8F0410D48091D01F05CBE20683544B9
:10EB0000B5424560216805D2A06B091DBDE8F04102
:10EB100001F038BE606B091D01F034FEA06A854229
:10EB200000D2A562BDE8F081B4460024107E002426
:10EB30002DE9F041054601F049FE2D4C2D4FA0680E
:10EB4000401CA060206810B1606930B32BE02560E4
:10EB5000A068012827D1002606EB860007EB80007D
:10EB600001F002FE761C382EF6D3234801F0FCFD9E
:10EB70002148143001F0F8FD1F48283001F0F4FD61
:10EB80001D483C3001F0F0FD1B48503001F0ECFD19
:10EB9000194860631430A06305E0E86A2168C96A17
:10EBA000814200D82560606A401C60626864E86A3F
:10EBB0002169884200D9206100EB8000291D07EB04
:10EBC000800001F0F7FD01F021FE606900280CD003
:10EBD0002068E96AC06A884207D208494FF080502D
:10EBE0000860BFF34F8FBFF36F8FBDE8F081000067
:10EBF000B446002460790024C07D002404ED00E0C8
:10EC000038B501F0E3FD104C2068C8B90F4801F099
:10EC1000ABFD0E48143001F0A7FD0C490020E16067
:10EC200014312161A1F582730090A1F1B402102189
:10EC30000A2002F004F9206010B105A101F068FE7D
:10EC4000BDE8384001F0E2BDF0460024147F002406
:10EC5000546D72510000000030B4026C0B46002A63
:10EC60000BD0D0E902411144C160A14201D3016837
:10EC7000C160184630BCF1F77ABD30BC70472DE951
:10EC8000F041856B1746026C0446002682B1C7B17D
:10EC9000E068F1F76CFDE168206C2268091AE16018
:10ECA000914202D2A168081AE060022F16D017E044
:10ECB0002068A8B9A06802F08DFD06460020A0607B
:10ECC0000EE06068F1F753FDD4E90101226C1044B5
:10ECD0006060884204D32068606001E005B16D1E69
:10ECE0006D1CA5633046BDE8F08110B5044690F870
:10ECF000590058B101280CD002280FD0502080F3C1
:10ED00001188BFF34F8FBFF36F8FFEE7206B01F0C9
:10ED100091FD2046BDE8104001F08CBD10BD000003
:10ED200011484FF4004110B5420706D00E49C01DEE
:10ED300020F00700411AC1F500410C4C00230144AA
:10ED40000839A4F1180221F00701C4E900030C1AE4
:10ED500011604B600B60C0E9001494604FF00041FB
:10ED60005460516110BD0000F48500242047002448
:10ED7000144E4FF08058144CDFF85090A6F29C4788
:10ED800012E000BF01F022FDF068C568281D01F007
:10ED9000A8FCA068401EA0606068401E606001F092
:10EDA00035FD2846FFF7A1FF60680028EAD13868E2
:10EDB0000128F9D9C9F80080BFF34F8FBFF36F8FD7
:10EDC000F2E70000FC7D0024B446002404ED00E0DE
:10EDD00070B51D46049C51B1C4F80020C4E90F0170
:10EDE0000121204602F05EF884F84C5070BD24608A
:10EDF000F4E72DE9F05F88469A4691001546DDE973
:10EE00000B940A9EA5228346206BF1F769FD206BC7
:10EE10006FF0030101EB8501084420F00707780734
:10EE200007D0502080F31188BFF34F8FBFF36F8F4F
:10EE3000FEE7B8F1000F4FF000050ED000202218B9
:10EE400018F8001082F8341018F8001011B1401CA6
:10EE50001028F4D384F8435001E084F83450382E5D
:10EE600000D33726E662201DC4E9136501F087FC54
:10EE700004F1180001F083FC6565C6F13800A0615B
:10EE800084F858505246246159463846646200F06E
:10EE90007BFAB9F1000F206001D0C9F80040BDE84D
:10EEA000F09F000030B5114900E011460A68824227
:10EEB000FBD34B685C18844203D144680846234462
:10EEC0004B6043681D18954209D1084C183C2468D2
:10EED000A24209D052681A4442600A68126802606D
:10EEE000814200D0086030BD0460F9E7204700246B
:10EEF00070B50D4D914241604FF00004006106D89D
:10EF00008169D21A8A4206D2011D286907E09A4215
:10EF100003D2994201D3012403E0011DE86801F006
:10EF200031FC204670BD0000F046002410B50446B8
:10EF300001F04CFCA06B28B15FF0000401F066FC0E
:10EF4000204610BD0124F9E730B53C4D89B06BE097
:10EF50000498002806DA059ADDE90601904704982E
:10EF6000002861DB069C606910B1201D01F0B9FB2F
:10EF700003A800F0D5F8024604980A2854D2DFE826
:10EF800000F00505052D304705052D3094F82800C3
:10EF900040F0010084F82800A06905990B4601445F
:10EFA0002046FFF7A5FF50B3216A2046884794F812
:10EFB0002800400738D50020009005980023A1695B
:10EFC00042181946204602F00DFDC0B9502080F3CA
:10EFD0001188BFF34F8FBFF36F8FFEE794F82800BF
:10EFE0001EE094F8280040F0010084F828000598FD
:10EFF000A06128B1811813462046FFF779FF13E07E
:10F00000502080F31188BFF34F8FBFF36F8FFEE75F
:10F0100094F82800810703D4204601F00BFC03E09C
:10F0200020F0010084F828002868002204A902F0DA
:10F0300093F800288CD109B030BD0000F0460024C0
:10F040002DE9FC410F46054601F08AFD01A800F0BC
:10F0500067F80446019818B102F032FCBDE8FC8163
:10F06000254EAFB130690068D0B300273068291B46
:10F070003A4601F061FC02F023FC0028EED11F4962
:10F080004FF080500860BFF34F8FBFF36F8FE5E7FD
:10F09000A542EBD802F014FCF0682746C068C468AB
:10F0A000201D01F01EFB94F82800410719D5A06926
:10F0B0002B463A4641192046FFF71AFFA8B1002017
:10F0C0002A46034601460090204602F08BFC60B9B8
:10F0D000502080F31188BFF34F8FBFF36F8FFEE78F
:10F0E00007E020F0010084F82800216A20468847C4
:10F0F000B4E70127BAE70000F046002404ED00E081
:10F100000648416B096829B1416BC968C9684968FB
:10F11000816270474FF0FF31FAE70000B4460024E7
:10F1200070B5054602F09EFA064E0446B068844269
:10F1300003D200F009F8012000E0002028602046FA
:10F14000B46070BDF0460024F8B5194D20E0C068E9
:10F15000C4680668201D01F0C4FA216A2046884769
:10F1600094F82800400713D5A0693044B04206D96E
:10F170002461211D6060E86801F004FB08E00020C4
:10F180003246034601460090204602F02BFC38B17F
:10F19000E86801680029DAD12969C5E90310F8BDDA
:10F1A000502080F31188BFF34F8FBFF36F8FFEE7BE
:10F1B000F0460024002101E0401C491C0278A52AE9
:10F1C000FAD0C1F38F00704708484068401C4FF0E8
:10F1D000500080F3118804D0BFF34F8FBFF36F8FBF
:10F1E000FEE7BFF34F8FBFF36F8FFEE72847002482
:10F1F000074CE068016841B1C0680021D0F8000008
:10F20000FFF71EFFFFF7A0FEF3E701210020F7E75D
:10F21000F04600242DE9F041044601F0D7FA94F9B4
:10F22000455004F1240609E0606A48B1304602F016
:10F230000FFB08B101F016FC6D1E6DB2002DF3DC62
:10F240004FF0FF3684F8456001F0E0FA01F0BEFAB5
:10F2500094F9445004F1100709E0206948B1384698
:10F2600002F0F6FA08B101F0FDFB6D1E6DB2002D43
:10F27000F3DC84F84460BDE8F04101F0C7BA000057
:10F2800010B5044601F0A2FA044838222146F1F7ED
:10F29000F5FABDE8104001F0B9BA0000405A002468
:10F2A0002DE9F0410027044601F05AFC354E306844
:10F2B00008B9FFF735FD7069044216D1ACB10834C6
:10F2C00060070ED004F00700C0F108000444600796
:10F2D00007D0502080F31188BFF34F8FBFF36F8F9B
:10F2E000FEE714B17068844202D902F0E9FA39E00D
:10F2F0002448183001460D6801E028460D4669682B
:10F30000A14202D229680029F7D131688D42ECD0A0
:10F3100007682968016008376868011B10290ED941
:10F320002819420707D0502080F31188BFF34F8F70
:10F33000BFF36F8FFEE741606C60FFF7B3FD696854
:10F340007068401A7060B268904200D2B0600020CD
:10F3500072691143C5E90001F068401CF06002F0D9
:10F36000AFFA0FB901F0F0F9780707D0502080F319
:10F370001188BFF34F8FBFF36F8FFEE73846BDE8AC
:10F38000F08100000847002470B5041F094E231FB8
:10F390004FF0807521F0010125601C1F1960A0F15C
:10F3A00020010B1F266044380A606FF002051D60C3
:10F3B00070BD0000C9F100089FED090A002180ED31
:10F3C000300AC0F8F41000F18002C0F8C410C0F890
:10F3D000C810C0F8CC1011655165916570470000E8
:10F3E000000000002DE9F041DFF8B8800026044657
:10F3F0002DED028B8AB09FED2A8A00274FEA070580
:10F4000094EC020A08EB0510B0EE481AD0EC041A8E
:10F410006846FEF7E1F80098A8B39FED230A9DED3A
:10F42000013A94ED002ADDED072A33EE003A94ED1F
:10F43000011AD4ED021AD4ED030A02EEC32A012701
:10F4400084ED002ADDED012A9DED082A32EE800AC6
:10F4500002EE401A84ED011A9DED071A9DED082A6F
:10F4600021EE810A00EE820AB5EEC00AF1EE10FA32
:10F4700009DD41EE401AC4ED021A9DED081A41EE75
:10F48000400AC4ED030A6D1C122DB9D3002F02D01F
:10F49000761C042EB1D30AB0BDEC028BBDE8F0811E
:10F4A000EC51383E241D0108ACC5273710B5044681
:10F4B0002DED068BB0EE409AB0EE608A29EE090A77
:10F4C00084B008EE080AFDF787FEF0EE408A183493
:10F4D000F5EEC08AF1EE10FA44D09FED240A88EED2
:10F4E00080AAB0EE4A0AFDF7ADFDC0EE289AB0EE54
:10F4F0004A0AFDF773F994EC022A28EE291A69EEFC
:10F50000690AD4ED023A204622EE003A62EE801AF1
:10F510000146684601EE623A41EE021A00EEE33A15
:10F520008DED003A94ED032A40EE821ACDED011ADA
:10F53000D4ED021AD4ED032A61EE801AB4EC012A4C
:10F5400041EE621A40EE821ACDED021AD4EC031A93
:10F5500022EE800A01EE020A00EEE10A8DED030AB6
:10F56000FEF7B2FE04B0BDEC068B10BDEC51B83E08
:10F57000B5EEC00A4FF07E52F1EE10FA9FED1F1A61
:10F58000F7EE001A10B502D2B0EE410A05E010EE17
:10F59000101A914201DDB0EE610AF5EEC00AF1EEFB
:10F5A00010FA02D2F0EE410A05E010EE901A9142F4
:10F5B00001DDF0EE610A8388C48801EE103AF8EEAE
:10F5C000411A01EE104A21EE800AB8EE411ABCEE53
:10F5D000C00A61EE200A10EE102ABCEEE00A934247
:10F5E00010EE101A00D85A1E8C4200D8611E006816
:10F5F00001FB032130F8110010BD000000000000E5
:10F600002DE9FF4F85B092468B46DDE91306F1F7F1
:10F610008FF806EB46010190ABF110004900B0FBFA
:10F62000F1F00024009049E00099884204D9E01CE0
:10F63000884201D32E2001E01398005D00254FF091
:10F640000109039003982946FEF762FA5FF0000172
:10F6500009FA01F2024229D0002325E0129A1A4445
:10F6600001FB062252451ED3089F574497421AD9E0
:10F6700004EB4407A2EB0A020292002205EB470EBC
:10F680000FE000BF02F1080CDDF814800EFB06C786
:10F69000DDF808C0521C0CFB0B77DDF854C028F8CD
:10F6A00017C0B242EED35B1CB342D7D3491C072923
:10F6B000CED36D1C052DC5D30098641C844202D2A4
:10F6C00001988442B0D309B0BDE8F08F10B5C40AE8
:10F6D00000F01F03C0F345124C434A434B43FF2045
:10F6E000B4FBF0F1B2FBF0F2B3FBF0F0C90241EA77
:10F6F0004211014388B210BD70B504000D462DEDD6
:10F70000028B73D004F570460020142186F8C40DD6
:10F71000A6F8C02DA6F8C20D4FF690502044F1F780
:10F72000E7F8002D62D0B6F8BC0D00285ED0B6F820
:10F73000BE0D00285AD095ED000AFEF7BDF900284D
:10F7400054D095ED010AFEF7B7F900284ED095ED9B
:10F75000020AFEF7B1F9002848D0264928688842F5
:10F7600044DB2549884241DC95ED010A234910EE2E
:10F77000100A88423ADBD5ED020AF4EEC00AF1EE37
:10F7800010FA33D94FF6805228682244243210EE02
:10F79000101A10EE903AB6EE008A82E80B0095ED52
:10F7A000000A20EE080AFDF735FD04F57C4484EDDF
:10F7B0006D0AB6F8BC1DB6F8BE0D01EE101A00EECB
:10F7C000900A0120B8EE411AF8EE601AF8EE600ACD
:10F7D00020EE012A61EE881A82EE201AC1EE800A1C
:10F7E00084ED6C1AC4ED6E0A86F8C40DBDEC028B74
:10F7F00070BD0000CDCCCC3D000040406F12833A7C
:10F8000070B5060014460D4612D04FF6C851F1F7F8
:10F810006FF8681E4FF48051884209D2002C07D03F
:10F820008C4205D806F57046A6F8BC5DA6F8BE4D1C
:10F8300070BD00002DE9FF4F8A462DED0C8B83B083
:10F840000F9888B100F5704696F8C40D60B1129813
:10F8500050B11C9840B13AB1B6F8BE1D514503D91C
:10F860000AEB0200884206D9002003B0BDEC0C8BE5
:10F8700004B0BDE8F08F009000209FED8E0A0AE0F2
:10F880001C99B6F8C03D01EB8004129921F81030A4
:10F89000401C84ED000AB6F8BC1D51438142EFD8EC
:10F8A0000020FEE000EB40010F98C1EB491100EB96
:10F8B0008104B4F8700050457DD3B4F86E500099BF
:10F8C0008D4278D25545514600D80D46009994EDA9
:10F8D000060AD4ED0B0A94ED011A00F1010B30EE8B
:10F8E00060DA70EEC1CA31EE40CA8B4500D98B4652
:10F8F000D2E000BFB4F86A00A5EB0A0201EE105A8C
:10F9000000EE100AB6F8BC1DB8EE411AB8EE400A77
:10F91000F6EE000A02FB010831EE20BA70EE20BAC2
:10F9200004F1140004F128010746F0EE4B0AB0EE92
:10F930006B0A0191FEF7AAF8F0EE408A0198214681
:10F94000F0EE4B0AB0EE6B0AFEF7A0F8B0EE409A6C
:10F95000F0EE4B0AB0EE6B0A39462046FEF796F8F9
:10F96000F0EE409A94ED000A94ED014A94ED028A7B
:10F970003BEEC01AD4ED143AD4ED03AA94ED163A36
:10F9800094ED04AA94ED182A3BEE440A01EE238A72
:10F9900041EE03AA01EE02AAD4ED152AD4ED171AFE
:10F9A000D4ED190A00EE228A40EE21AA00EE20AA28
:10F9B000B4F86A706BE072E0F5EEC08AF1EE10FA0E
:10F9C00050DBB5EEC09AF1EE10FA4BDBF5EEC09AC3
:10F9D000F1EE10FA46DB1C9800EB8800019090EDE8
:10F9E000000AB4EEC80AF1EE10FA3BD294F8731094
:10F9F000B4F8680011B1022912D028E0F7EE000A2D
:10FA0000E06B80EE880A2AEE801A6AEE000AB0EEF9
:10FA1000410AFFF7ADFD94F87210FFF757FE16E0AC
:10FA200094ED110AB4EEE80AF1EE10FA0FD294ED5B
:10FA3000120AB4EEC90AF1EE10FA08D294ED130AD4
:10FA4000B4EEE90AF1EE10FA01D2B6F8C00D019950
:10FA500081ED008A129921F81800D6F8A00D401CFB
:10FA6000C6F8A00D94ED141AD4ED160A94ED180AF8
:10FA700078EE8D8A39EE2C9A79EE8C9A31EE088ADE
:10FA800070EEAAAA30EE0AAA7F1C08F10108B4F8A9
:10FA90006C00B84290D26D1C5D45FFF42BAF09F1AC
:10FAA0000100B6F8C21D814649453FF6FBAE012074
:10FAB000DBE60000000000002DE9F04714009A4644
:10FAC0000F4681462DED068B7DD094ED030AFDF7A0
:10FAD000F3FF002877D094ED040AFDF7EDFF00282E
:10FAE00071D094ED050AFDF7E7FF00286BD094ED87
:10FAF000060A534622463946484601F07FF8002858
:10FB000061D094ED030AFDF79DFAF0EE40AA94ED62
:10FB1000030AFCF763FEB0EE40AA94ED040AFDF779
:10FB200091FAF0EE409A94ED040AFCF757FEB0EE1D
:10FB3000409A94ED050AFDF785FAF0EE408A94EDBF
:10FB4000050AFCF74BFE0026B0EE408A74E000BFC9
:10FB500006EB86013A6802EB810509EB810095ED21
:10FB6000000A00F56848FDF7A7FF60B395ED010AAC
:10FB7000FDF7A2FF38B395ED020AFDF79DFF10B324
:10FB800095ED030AFDF798FFE8B195ED040AFDF73E
:10FB900093FFC0B1D5ED011A94ED060A95ED021A56
:10FBA000D5ED000A61EE802A21EE002A60EE801A6F
:10FBB00094ED023A22EEAA1A22EE8A0A61EE890A2E
:10FBC00002EE0A1A00E043E041EE290A21EE091A8A
:10FBD00002EE6A0A01EEE91A60EE881A60EEA80ADF
:10FBE00040EE681A31EE031A40EE080A88ED021A58
:10FBF00094ED000A31EE800A88ED000A94ED010AC6
:10FC000030EE800A88ED010A95ED030A88ED030ABB
:10FC100095ED040A88ED040A98ED000AFDF74CFF03
:10FC2000B0B198ED010AFDF747FF88B198ED020ADF
:10FC3000FDF742FF60B1761C3889B04288D8BDEC30
:10FC4000068B524639464846BDE8F04700F0DEBB19
:10FC5000BDEC068B0020BDE8F08700002DE9F047E1
:10FC60001C0091460E4680462DED0A8BB0EE40AA50
:10FC7000DDF848A07ED094ED000AFDF71DFF0028B6
:10FC8000F8D094ED010AFDF717FF0028F2D094EDAB
:10FC9000020AFDF711FF00286CD094ED030AFDF76E
:10FCA0000BFF002866D0B0EE4A0A53464A4631465A
:10FCB000404600F0A3FF00285CD094ED003AD4ED5C
:10FCC000011AD4ED020A23EE031A94ED032A6749C0
:10FCD000F0EE412A01EEA11A00EEA01A02EE021A7D
:10FCE00011EE100A884245DB23EE215A63EE203ADA
:10FCF00022EE030A21EEA14A61EEA04A22EE213A49
:10FD0000F0EE005A62EE201A20EEA02AC5EE810A1B
:10FD1000002762EEA0AA65EE209A23EEA09A24EEB8
:10FD200020CA64EEA08A62EE20BA20EE208A23EE7A
:10FD300020BA61EEA0CA86E007EB8700326802EBCA
:10FD4000800408EB800594ED000A05F56845FDF791
:10FD5000B3FE00280ED094ED010AFDF7ADFE48B1C8
:10FD600094ED020AFDF7A8FE20B194ED030AFDF719
:10FD7000A3FE00E03EE0E8B394ED040AFDF79CFE2C
:10FD8000C0B3F7EE001A94ED001A31EECC2A71EEF2
:10FD9000EA1A21EE0A1AD4ED010A79EEAC5A32EED3
:10FDA0006B2A39EE4B5A60EE8A0A71EEEB6A31EE3D
:10FDB000CC6A22EE012A65EE811A79EEEC4A38EE21
:10FDC000884A25EE011A94ED020A04EEA02A46EEB6
:10FDD000A01A20EE0A0A04EE201A79EE0B2A78EE19
:10FDE000C83A99ED003A02EE802A43EE801A06EEF8
:10FDF000001A00E034E032EE030A85ED000A99EDC6
:10FE0000010A31EE800A85ED010A99ED020A31EE10
:10FE1000000A85ED020A94ED030A85ED030A94EDCC
:10FE2000040A85ED040A95ED000AFDF745FEB8B118
:10FE300095ED010AFDF740FE90B195ED020AFDF740
:10FE40003BFE68B17F1C3089B8423FF675AFBDEC10
:10FE50000A8B524631464046BDE8F04700F0D6BA1C
:10FE6000BDEC0A8B0020BDE8F0870000CCBC8C2BD9
:10FE700010B500EE100A2DED028BB1EEC08A18EE1F
:10FE8000100A20F00040C0F1FF40C00F0AD010EE71
:10FE9000100A20F00040C0F1FF40C00F04BF012055
:10FEA000F0F755FD18EE100ABDEC028B10BD0000F6
:10FEB00010B5DFED350A9FED360A044604F10C015A
:10FEC0002DED048B90ED042A9FED308AD0ED021ABF
:10FED00022EE202AD0ED052A90ED031A42EE081AF0
:10FEE00062EEA00AD0EC028A00EE881AC1EE800A07
:10FEF000C1EE001A9FED270AC0ED020A081FC4EDEB
:10FF0000031AFEF74FF9D4ED000AD4ED021A94ED6E
:10FF1000010A94ED031A41EE880A204601EE080A10
:10FF2000C4ED000A84ED010AFFF75CFA94EC020AC2
:10FF3000204630EE680A70EEC90AFFF7B7FAA06AE9
:10FF400010F10B0F01D80A3001E04FF0FF30A06232
:10FF50009FED113ADFED111A9FED112AB0EE431A11
:10FF6000DFED102A94EC020AFDF7EEFB002808D022
:10FF7000012184F8301084ED023A84ED033A002028
:10FF8000E062BDEC048B10BDC3F51C410BD7233CD4
:10FF90005C8F823F9A99194000000000F98A2F4037
:10FFA00090C2F53F7A142E3E70B51546654A0C4650
:10FFB00006462DED0A8B8CB09FED638A07CA08AB0D
:10FFC00083E8070095ED030AFCF708FCF0EE408A91
:10FFD00095ED030AFDF736F8B0EE409A95ED040A68
:10FFE000FCF7FCFBB0EE40BA95ED040AFDF72AF8E9
:10FFF000D4ED010AF0EE40AAD5ED041AB6EE000ADF
:020000040801F1
:1000000020EEA8AA60EE899A95ED031A61EE80BAF7
:1000100008EE49AA48EE289A21EE00CAB0EE6B0A13
:10002000FCF7DCFBB0EE408AB0EE4C0AFCF7D6FBE6
:1000300068EE008AB0EE6B0AFCF7D0FBB0EE408AA7
:10004000B0EE4C0AFCF7FEFF28EE009AB0EE6B0A09
:10005000FCF7F8FFB0EE408AB0EE4C0AFCF7BEFBAE
:1000600028EE008AB0EE6B0AFCF7ECFFF1EE40BA26
:10007000B0EE4C0AFCF7E6FFD4ED000A29EE8B1A2D
:1000800004F1180160EE8B1A6BEE800A0A1D08A8B5
:1000900049EEAA1A01ABCDED051A95ED010A30EE35
:1000A0000A0A8DED060A94ED000AD5ED021A00EE5B
:1000B0006A1A31EE210A8DED070A94ED060A92ECD8
:1000C000031A20EE280A05AA09EE410A08EE610A81
:1000D00000EEC20A8DED040A91ED010AD1ED021A7B
:1000E000D1ED002A20EE281A21EEA82A91ED033A3C
:1000F00009EE221A09EE432A08EE031A08EE222A14
:1001000000EEE11A00EE802A8DED011A8DED022A33
:1001100091ED030A91EC031A20EE280A0C4909EE2E
:10012000020A08EE610A00EE810A8DED030A9FEDD6
:10013000070A00903046FFF791FD0CB0BDEC0A8B2A
:1001400070BD0000E41F0108138340BEEC51383E2F
:10015000941E01082DE9F0411D461446A0220F46C9
:100160002DED068BB0B08046B0EE628AF0EE428A8A
:100170003A4968463C9EB0EE619AF0EE419AB0EE84
:1001800060AAF0EE40AAF0F779FBCDED00AA8DED64
:1001900001AACDED028ACDED059A8DED06AACDED31
:1001A000078ACDED0A9A8DED0B9ACDED0C8ACDED37
:1001B0000FAA8DED109ACDED118ACDED14AA8DED1B
:1001C00015AA8DED168ACDED199A8DED1AAA8DED31
:1001D0001B8ACDED1E9A21492CAB8DED1F9A8DED1A
:1001E000208A24311D4ACDED23AA8DED249A8DED70
:1001F000258AD1E92001AC32CDF8A4D0CDE92A017D
:1002000007CA83E8070029A93A464046ADF8B2403C
:10021000FFF752FC0446114804213A4648382A9018
:100220002CAB4046ADF8AE1029A9ADF8B250FFF79F
:1002300043FC00B9002409482CAB3A4630382A90D8
:1002400029A94046ADF8B260FFF736FC00B900249A
:1002500030B02046BDEC068BBDE8F081AC1E010835
:100260002DE9F04F83463948384B92464FF000094C
:1002700088334C462DED088BF7B055AEE8466EAD91
:10028000F0EE408AD0F88400CDF8C4D1B0EE608A98
:10029000F0EE619ACDE972600DCB9FED2AAA85E858
:1002A0000D00ADF8BA11CDED008A8DED018ACDEDCE
:1002B000029A9FED25BA8DED04AAB0EE419A8DED1C
:1002C00003AA00BF00EE104AB8EE400A60EE0BAA87
:1002D000B0EE6A0AFCF782FAF0EE400AB0EE680A65
:1002E00004EB840000EE890A08EB800585ED050A21
:1002F000B0EE6A0AFCF7A6FEF0EE480A04EB4401F1
:1003000040EE090A601C06EB410200F00F077F1C5B
:10031000C5ED060AC5ED079A85ED09AA85ED08AA7F
:1003200026F81190641C5780102C9080CAD36EABB5
:10033000524671A95846FFF7BFFB77B0BDEC088B5A
:10034000BDE8F08F00000000DB0FC93E501F010820
:10035000F0B51C46154650220E462DED068B9BB07F
:100360000746B0EE428AF0EE618A26496846B0EE52
:10037000419AF0EE609AB0EE40AAF0F77FFA8DED68
:1003800000AACDED019A8DED028A8DED059ACDED95
:10039000069A8DED078A1B4814AB8DED0A9ACDEDB8
:1003A0000B8A14388DED0C8A8DED0FAACDED108AD5
:1003B0008DED118AD0E91A1200F17000CDF85CD0F1
:1003C000002CCDE9181207C883E8070009D000BF48
:1003D0004FF000008DF85000ADF8525004D00A489C
:1003E00004E04FF00100F5E74FF00000324614AB97
:1003F000159017A93846FFF75FFB1BB0BDEC068BC5
:10040000F0BD0000641F0108501E01082DE9F74FE0
:1004100000F5704A044601202DED048B86B00026BD
:1004200003900DE10B9906EB4600022202EB40021D
:100430000423496803EB400331F81050885AC95A25
:1004400005EB850200EB800001EB810104EB8205E6
:1004500004EB810707F5684704EB800005F5684564
:1004600000F56849D5ED012AD5ED021AD9ED010A4A
:1004700097ED021A99ED022A70EEE20A31EE611A46
:10048000D7EC023A32EE612A95ED000A20EE819A0D
:1004900099ED003A73EEC01A74EE622A33EE400A08
:1004A00062EE218A02EE629A20EE228A40EE418AB2
:1004B00000EEE18A29EE090A08EEA80A08EE080A09
:1004C000FCF78AFED5ED000AD5ED011A95ED021A6A
:1004D00060EE890A0020029010EE100A5E4A4FF08A
:1004E000030B48EEA10ADAF8901D90424FF0000885
:1004F00001F10101CAF8901D48EE010A7EDB0C985B
:10050000007A20B1F5EEC00AF1EE10FA76DAF5EED7
:10051000C00AF1EE10FA05DDB1EE499AF1EE688AF3
:10052000B1EE488A9FED4D1ADFED4D1ADFED4D0A11
:1005300029EE011A08EEA11A08EE201AC1EE000AEF
:10054000F5EEC00AF1EE10FA02D2DFED470A06E03E
:1005500010EE900AB0F17E5F01DDF7EE000A9FED2C
:10056000431A9FED430A1422294600EE810ABCEE8D
:10057000C00A10EE100AC0B2049004F57C40F0F7F7
:100580007DF949464FF61449142204EB0900F0F7AF
:1005900075F94FF62840394614222044F0F76EF9D9
:1005A000002700253A4605EB850004EB8001204634
:1005B00001F57C41FEF7C6F8B5EEC00AF1EE10FA7F
:1005C00002D24FF0010802E06D1C032DEAD37F1C1C
:1005D000062F03D2B8F1000FE3D002E0B8F1000F0C
:1005E0000DD0DAF8940D02AA5946401CCAF8940DB1
:1005F0002046FDF7BFF8012583461DE01FE00125D9
:1006000004990C9805EB8502CDE90001029800EBF6
:10061000C00101EB001004EBC001204601EB820297
:1006200002EB090301F57C4102F57C42FEF7B8F8C4
:1006300008B9002003906D1C681C5845E0D3761C57
:100640000B984089B0423FF6EDAE039806B0BDEC82
:10065000048BBDE8FE8F0000BD3786355F1DA6BE4A
:100660000F2CF93EB7A44FBF000000000000474325
:10067000000060422DE9FF5F9B4617468A460E9EAA
:10068000DDE90F9526E0002428782146FDF740FAA1
:1006900033191AD4534518DA00214FF0010E00BF68
:1006A00009EB0102D21B0DD45A450BDA0EFA01FCFC
:1006B0001CEA000F06D002FB0A38DDF800C0119AD0
:1006C0002CF81820491C0729EAD3641C052CDBD31D
:1006D0006D1CB61D2878002801D05645D3DBBDE837
:1006E000FF9FD0E9013201699A60D0E901235A6085
:1006F0004A68824201D182684A6000220261086829
:10070000401E08600868704708B902480068006B1E
:10071000FEF750BDB446002410B5044C802304609D
:1007200004F15C000860136010BD00003C7F0024F1
:1007300010B5044C4FF48073046004F15C00086051
:10074000136010BD9881002402490220C863F0F7AD
:1007500036BE0000FC43012002490320C863F0F7C5
:100760002EBE0000FC4301204FF0FF3300F10801D2
:100770000022C0E901130260C160016170470021DD
:100780000161704730B50B685A1C02D000F10802B5
:1007900002E0026904E02246546825689D42FAD9C5
:1007A00053684B6099608A60516008610168491C18
:1007B000016030BD42684A6093688B6093685960FD
:1007C000916008610168491C01607047502080F306
:1007D0001188BFF34F8FBFF36F8F0A494868401CE1
:1007E000486001280CD10848006810F0FF0F07D0BE
:1007F000502080F31188BFF34F8FBFF36F8FFEE758
:10080000704700002847002404ED00E008494868CC
:1008100028B1401E486001D180F3118870475020F4
:1008200080F31188BFF34F8FBFF36F8FFEE7000097
:100830002847002470B500282AD0164DA0F10804DE
:1008400061686869014207D1502080F31188BFF3C5
:100850004F8FBFF36F8FFEE722683AB1502080F3CD
:100860001188BFF34F8FBFF36F8FFEE78143616045
:1008700000F076F960686968084468602046FEF711
:1008800011FB2869401C2861BDE8704001F018B8D0
:1008900070BD0000084700244FF0E02000210161F6
:1008A0004FF47A728161072303490968B1FBF2F1C1
:1008B000491E416103617047AC46002410B5EFF753
:1008C000D5FD114910280ED300F1E0200A7890F8E8
:1008D000F003904207D2502080F31188BFF34F8F6E
:1008E000BFF36F8FFEE709488968006800F4E06095
:1008F000884207D9502080F31188BFF34F8FBFF390
:100900006F8FFEE710BD0000284700240CED00E0CB
:10091000084B5FF0000210B553F832401CB1521C76
:10092000082AF9D310BD03EBC20443F8321060600B
:1009300010BD00002079002470B515460E4604460F
:10094000FFF744FF94F944100020491C01D184F8BA
:10095000440094F94510491C01D184F84500FFF783
:1009600055FFA06B28B904F124002A46314600F057
:1009700097F82046BDE87040FEF74CBC020010B569
:1009800014D00F48006B38B1502080F31188BFF3AA
:100990004F8FBFF36F8FFEE700F0E2F800211046A3
:1009A000FEF798F800F08CFF002807D105494FF0BA
:1009B00080500860BFF34F8FBFF36F8F10BD0000F2
:1009C000B446002404ED00E070B504000D460BD0E1
:1009D00095B11E4A106BB8B1502080F31188BFF357
:1009E0004F8FBFF36F8FFEE7502080F31188BFF366
:1009F0004F8FBFF36F8FFEE7502080F31188BFF356
:100A00004F8FBFF36F8FFEE700F0AAF82368D2681C
:100A10005919934204D98B420AD9914202D807E06E
:100A20008B42FAD9881A21600021FEF753F800E0C2
:100A3000216000F045FF002807D105494FF08050A4
:100A40000860BFF34F8FBFF36F8F70BDB4460024B3
:100A500004ED00E002490A6A0260C968416070471B
:100A6000B446002401490120C8617047B4460024FF
:100A700010B50C4650B1094909681831FFF782FEDC
:100A80002046BDE810400121FEF724B8502080F335
:100A90001188BFF34F8FBFF36F8FFEE7B44600247A
:100AA00070B514460D4668B10A4909681831FFF758
:100AB00081FE0CB14FF0FF3521462846BDE870405D
:100AC000FEF708B8502080F31188BFF34F8FBFF3B3
:100AD0006F8FFEE7B446002430B587B0002405AA26
:100AE00004A9039403A80494FFF716FEDDE90301AB
:100AF00000940023CDE90110174815A1059A00F0D4
:100B000080FC164D0028E8621FD000F03BFF012852
:100B100009D0401C19D1502080F31188BFF34F8FAA
:100B2000BFF36F8FFEE7502080F31188BFF34F8F24
:100B3000BFF36F8F01214FF0FF30A8626961EC6055
:100B400007B0BDE8304000F0C9B807B030BD0000C4
:100B500049444C450000000071ED0008B4460024F3
:100B60000248016B491C016370470000B446002431
:100B700010B5204C206B10B10120E06110BD0020A9
:100B8000E06120684FF0A531006B02688A4208D10D
:100B900042688A4205D182688A4202D1C06888428E
:100BA00004D0216820683431FFF7D6FD124920694E
:100BB00001E0B8B1401E00EB800251F82220002A6B
:100BC000F7D000EB800201EB820101F108034A68D3
:100BD00052684A609A4201D152684A60D1682160E5
:100BE000206110BD502080F31188BFF34F8FBFF3F9
:100BF0006F8FFEE7B44600246079002470B51E466E
:100C000015460C462DED028BB0EE408AF0B300F590
:100C1000704090F8C40DC8B3C4B3BDB3B6B3206878
:100C2000A0B3606890B3208980B3B0F5807F37D8D7
:100C3000B0EE480AFCF740FF40B3B5EEC08AF1EED3
:100C400010FA2DD995ED000AFCF736FFF0B195EDBD
:100C5000010AFCF731FFC8B195ED020AFCF72CFF41
:100C6000A0B1307802281BD868B9706870B10168EB
:100C700061B1818851B1C08840B14FF48062914226
:100C80000ED890420CD86189002000E008E001EB0A
:100C900041010AE06268238932F810209A4203D3A6
:100CA0000020BDEC028B70BD401C8142F2D80120B7
:100CB000F7E7B4EEE00AF1EE10FA06DBB4EEC10A93
:100CC000F1EE10FA01D801207047002070470000B3
:100CD00001484068704700000847002437481CB5A9
:100CE000374902688A4207D1502080F31188BFF348
:100CF0004F8FBFF36F8FFEE731490068491E88426E
:100D000007D1502080F31188BFF34F8FBFF36F8F4F
:100D1000FEE72C49FF200A780192087008788DF8C8
:100D200000009DF800209DF8000002F0F0028242D1
:100D300007D0502080F31188BFF34F8FBFF36F8F20
:100D4000FEE79DF8002007201F4C02F050022270A1
:100D5000A06005E09DF8002052008DF80020401EA4
:100D60009DF800201206F5D40328A06007D050207B
:100D700080F31188BFF34F8FBFF36F8FFEE74FF4FF
:100D80004070A060019808700C482030016841F460
:100D900070010160016841F070410160FFF77CFD66
:100DA00000206060EFF72AFB0848016841F04041ED
:100DB0000160EFF70FFB00201CBD000000ED00E01C
:100DC00071C20F4100E400E02847002434EF00E046
:100DD000502010B580F31188BFF34F8FBFF36F8F92
:100DE00000F04EFC18B104494FF08050086000201C
:100DF00080F3118810BD000004ED00E0F8B5050097
:100E000017460E4613D005FB06F05030FEF748FAA1
:100E100004000AD0002084F8460004F150023B464A
:100E2000314628460094FDF7D3FF2046F8BD5020F8
:100E300080F31188BFF34F8FBFF36F8FFEE7F8B5D4
:100E4000069D18B153B1CAB181B120E0502080F3A2
:100E50001188BFF34F8FBFF36F8FFEE7502080F3F1
:100E60001188BFF34F8FBFF36F8FFEE7502080F3E1
:100E70001188BFF34F8FBFF36F8FFEE739B150205A
:100E800080F31188BFF34F8FBFF36F8FFEE75024BD
:100E90001C46012683F8466000932B46FDF798FF19
:100EA0002046F8BD2DE9F04704008A4629D0FFF717
:100EB0008DFC21680025D4E90F23D4F840C004F14B
:100EC000100810460E46401E4FF0FF3902FB031279
:100ED00000FB0C10BAF1000FA563666084F8449023
:100EE00084F84590C4E9022013D04046FFF73CFC4B
:100EF00004F12400FFF738FCFFF788FC0120BDE86F
:100F0000F087502080F31188BFF34F8FBFF36F8FAE
:100F1000FEE720690028EFD0404600F099FC002849
:100F2000EAD004494FF080500860BFF34F8FBFF301
:100F30006F8FE1E704ED00E02DE9FF4704001D4657
:100F400082B08A464FF0000803D0BAF1000F08D0F3
:100F500011E0502080F31188BFF34F8FBFF36F8FE4
:100F6000FEE7206C38B1502080F31188BFF34F8F1B
:100F7000BFF36F8FFEE7022D0AD1E06B012807D087
:100F8000502080F31188BFF34F8FBFF36F8FFEE7C0
:100F900000F05AFB3F4F4FF080564FF0000948B920
:100FA000049838B1502080F31188BFF34F8FBFF3FE
:100FB0006F8FFEE7FFF70AFCA06BE16B884207D357
:100FC000022D05D00498D0B1B8F1000F1AD01EE060
:100FD0002A4651462046FDF752FE616A19B104F1D6
:100FE000240000F035FC20B13E60BFF34F8FBFF30B
:100FF0006F8FFFF70BFC012006B0BDE8F087FFF70D
:1010000005FC22E06846FFF725FD4FF00108FFF7D9
:10101000FDFBFFF7A5FDFFF7D9FB94F94400401C49
:1010200001D184F8449094F94500401C01D184F822
:101030004590FFF7EBFB04A9684600F079F930B161
:101040002046FEF7E7F800F03BFC0020D4E7FFF76E
:10105000BDFBA06BE16B884213D1FFF7D7FB04996E
:1010600004F11000FFF704FD2046FEF7D3F800F06E
:1010700027FC00289ED13E60BFF34F8FBFF36F8FD8
:1010800098E7FFF7C3FB2046FEF7C4F800F018FC12
:1010900090E7000004ED00E02DE9F04704001F4652
:1010A0009046894603D0B9F1000F08D011E05020D6
:1010B00080F31188BFF34F8FBFF36F8FFEE7206C73
:1010C00038B1502080F31188BFF34F8FBFF36F8F7B
:1010D000FEE7022F0AD1E06B012807D0502080F3F1
:1010E0001188BFF34F8FBFF36F8FFEE7FFF7E6FB6B
:1010F0005020EFF3118680F31188BFF34F8FBFF3B9
:101100006F8FA06BE16B884206D3022F04D00020C2
:1011100086F31188BDE8F08794F94550A06B3A46F4
:1011200049462046FDF7ABFD681C04D06D1C84F8D1
:1011300045500120ECE7606A0028FAD004F1240051
:1011400000F086FB0028F4D0B8F1000FF1D00121A7
:10115000C8F80010EDE700002DE9F74704008A46C3
:1011600083B04FF0000603D0BAF1000F08D011E0B1
:10117000502080F31188BFF34F8FBFF36F8FFEE7CE
:10118000206C38B1502080F31188BFF34F8FBFF32C
:101190006F8FFEE700F058FADFF8F4804FF08057C9
:1011A0004FF0000948B9059838B1502080F31188F4
:1011B000BFF34F8FBFF36F8FFEE7FFF707FBA56B02
:1011C000C5B151462046FDF747FD6D1EA563206958
:1011D00050B104F1100000F03BFB28B1C8F80070DA
:1011E000BFF34F8FBFF36F8FFFF710FB012006B0E7
:1011F000BDE8F087059808B11EB106E0FFF706FBD1
:1012000027E06846FFF726FC0126FFF7FFFAFFF705
:10121000A7FCFFF7DBFA94F94400401C01D184F8E5
:10122000449094F94500401C01D184F84590FFF7A3
:10123000EDFA05A9684600F07BF8002820460AD0A0
:10124000FDF7E8FF00F03CFB2046FDF76FFE0028AD
:10125000B3D00020CBE7FDF769FE90B1059904F10A
:101260002400FFF705FC2046FDF7D4FF00F028FB23
:101270000028A2D1C8F80070BFF34F8FBFF36F8F63
:101280009BE72046FDF7C6FF00F01AFB95E700003C
:1012900004ED00E02DE9F04704009046894603D0B4
:1012A000B9F1000F08D011E0502080F31188BFF38E
:1012B0004F8FBFF36F8FFEE7206C38B1502080F363
:1012C0001188BFF34F8FBFF36F8FFEE7FFF7F6FA7A
:1012D0005020EFF3118680F31188BFF34F8FBFF3D7
:1012E0006F8FA76BFFB194F9445049462046FDF734
:1012F000B3FC681CA7F10107A76304D06D1C84F838
:101300004450012010E020690028FAD004F11000B8
:1013100000F09EFA0028F4D0B8F1000FF1D00121BE
:10132000C8F80010EDE7002086F31188BDE8F087CB
:101330002DE9F04105000C4612D0CCB1FFF746FA7A
:10134000184E2068F268471C6B68A2EB030117D0A7
:101350002F68366AB74215D0934213D801251CE096
:10136000502080F31188BFF34F8FBFF36F8FFEE7DC
:10137000502080F31188BFF34F8FBFF36F8FFEE7CC
:1013800000250AE0884205D9401A20602846FFF768
:1013900061FBF5E7002020600125FFF737FA2846BA
:1013A000BDE8F081B44600242DE9FF5F994616465A
:1013B0008A4683469000DDE90E87FDF771FF050040
:1013C0001CD05C20FDF76CFF040014D000202563C6
:1013D00084F859004B46CDE90087CDE902403246FA
:1013E00051465846FDF705FD2046FDF7A1FB0120BB
:1013F00004B0BDE8F09F2846FFF71CFA4FF0FF301D
:10140000F6E7F0B585B0DDE90B740A9DA7B1DCB154
:101410005C262763022684F85960002703970DF1A4
:10142000100C0095CDE901C4FDF7E3FC2046FDF763
:101430007FFB049805B0F0BD502080F31188BFF306
:101440004F8FBFF36F8FFEE7502080F31188BFF3FB
:101450004F8FBFF36F8FFEE72DE9F0411F46904697
:101460000D464FF0010690B10446FFF7AFF90FB1FA
:10147000606D3860022294F8580084F85820B8F162
:10148000050F19D2DFE808F0230B0E1412005020CC
:1014900080F31188BFF34F8FBFF36F8FFEE7616D4D
:1014A000294301E0616D491C616510E0022801D00B
:1014B00065650CE0002634E0616D491C07D05020C2
:1014C00080F31188BFF34F8FBFF36F8FFEE70128C2
:1014D00027D1201DFFF705F9144DE06A29698842DC
:1014E00000D9286100EB8000114901EB8000211D2B
:1014F000FFF760F9A06A38B1502080F31188BFF37C
:101500004F8FBFF36F8FFEE72868E16AC06A8142A0
:1015100007D908494FF080500860BFF34F8FBFF3E1
:101520006F8FFFF773F93046BDE8F081B4460024B1
:101530006079002404ED00E02DE9F04704001F4627
:1015400092460D46DDF820904FF001081AD0FFF7C3
:10155000B5F95020EFF3118680F31188BFF34F8F58
:10156000BFF36F8F0FB1606D3860022294F858009E
:1015700084F85820BAF1050F1AD2DFE80AF0240BDC
:101580000E141200502080F31188BFF34F8FBFF369
:101590006F8FFEE7616D294301E0616D491C616554
:1015A00011E0022801D065650DE04FF000083AE037
:1015B000616D491C07D0502080F31188BFF34F8F15
:1015C000BFF36F8FFEE701282DD1A06A38B15020FC
:1015D00080F31188BFF34F8FBFF36F8FFEE7144D79
:1015E000286B18B1134804F118010DE0201DFFF716
:1015F00078F8E06A2969884200D9286100EB800008
:101600000D4901EB8000211DFFF7D4F8E06A29683D
:10161000C96A884207D9B9F1000F4FF0010001D023
:10162000C9F80000E86186F311884046BDE8F087FC
:10163000B4460024E87D0024607900240148006855
:1016400070470000B44600240548416919B1006B99
:1016500018B1002070470120704702207047000039
:10166000B44600240148C06870470000B446002416
:1016700010B5FFF723F90148C06810BDB446002437
:101680002DE9F0412E4C206B002728B1A069401CA9
:10169000A0613846BDE8F081E668761CE66013D1AB
:1016A000606B006838B1502080F31188BFF34F8F12
:1016B000BFF36F8FFEE7606BA16B6163A063206A6D
:1016C000401C2062FDF71CFDDFF87880A06A86428E
:1016D00009D3606B0068A0B1606BC068C5686868BA
:1016E000864211D2A0622068C06A00EB800158F8DF
:1016F0002100012800D90127E0690028C9D001276D
:10170000C7E74FF0FF30EDE7281DFEF7EAFFA86AB4
:1017100018B105F11800FEF7E4FFE86A2169884274
:1017200000D9206100EB800108EB8100291DFFF743
:1017300041F82068E96AC06A8142CAD30127C8E734
:10174000B4460024607900242DE9F0411E46154678
:1017500088460746FFF73AF81C4C206890F8580076
:10176000022814D02068416DB943416521680120E9
:1017700081F858005EB101213046FDF7ABF91449FC
:101780004FF080500860BFF34F8FBFF36F8FFFF7AC
:101790003DF8FFF71BF815B12068406D2860206800
:1017A00090F85800022801D0002505E02068416D1E
:1017B00021EA0801416501252168002081F85800CF
:1017C000FFF724F82846BDE8F0810000B446002465
:1017D00004ED00E070B504464FF0000190B31A4DDF
:1017E0002868844207D0502080F31188BFF34F8FC0
:1017F000BFF36F8FFEE7206D38B1E36C401EE26AE5
:1018000020659A421ED040B11CE0502080F3118820
:10181000BFF34F8FBFF36F8FFEE7201DFEF761FF11
:10182000E06CC0F13801A161E0622969884200D909
:10183000286100EB8000054901EB8000211DFEF7C7
:10184000B9FF0121084670BDB44600246079002428
:1018500070B5C068C46854B104F118000646FEF7BC
:1018600040FF144D286B50B11348314615E050200D
:1018700080F31188BFF34F8FBFF36F8FFEE7201DFA
:10188000FEF72FFFE06A2969884200D9286100EB42
:1018900080000A4901EB8000211DFEF78BFFE06A02
:1018A0002968C96A884203D90121E961084670BDE7
:1018B000002070BDB4460024E87D00246079002437
:1018C0002DE9F0472C4D286B0024274638B1FEF750
:1018D0007DFF286B401E2863286B40B147E05020F5
:1018E00080F31188BFF34F8FBFF36F8FFEE7234E56
:1018F0000120A968D9B3A6F5916980463068E0B1A6
:10190000F068C46804F11800FEF7EBFE201DFEF736
:10191000E8FEE06A2969884200D9286100EB80016D
:1019200009EB8100211DFEF745FFE06A2968C96ABD
:101930008842E3D3C5F81C80E0E70CB1FDF7E0FB7B
:10194000AC694CB14FEA0806FFF79AFE00B1EE61B0
:10195000641EF9D10020A861E86940B10849012757
:101960004FF080500860BFF34F8FBFF36F8FFEF7CB
:101970004DFF3846BDE8F087B4460024E87D0024DA
:1019800004ED00E010B586B0FDF73AF9114C20687F
:10199000B8B10020039005AA049004A903A8FEF79B
:1019A000C7FEDDE90321022000238DE807000C4873
:1019B00009A1059AFFF725FD606010B106B001206E
:1019C00010BD502080F31188BFF34F8FBFF36F8F8E
:1019D000FEE70000F0460024546D72205376630049
:1019E000F1F100082DE9FF411E46134602004FF0B9
:1019F00000000A9D16D0144C2768002F0FD006292E
:101A00000292CDE9001317DAFFF71EFE02284FF00D
:101A100000030FD0002220686946FFF78DFA04B05A
:101A2000BDE8F081502080F31188BFF34F8FBFF3E2
:101A30006F8FFEE72A46EEE70023324669463846B6
:101A4000FFF72AFBEBE70000F046002400EE100A47
:101A500000EE901AB4EE600AF1EE10FA78BF70470B
:101A600000F00DB810B5FFF7F1FFEFF3008020F0A4
:101A7000104038BF40F0004080F3008810BDBDE842
:101A8000104010B500F017F80000000900F007B88A
:101A90004FF0404010F1004FEFF3008070474010CE
:101AA00058BFC0F14040491058BFC1F14041814288
:101AB000EFF3008070470EF1020E2EF0030E5EF879
:101AC000044B244204D44FEA4102B2F17F4F11D8B3
:101AD0004FEA4003B3F17F4F0CD80ED14FEAD07CD0
:101AE000B2F17F4F0CEB4C0C0CF1020C08BF4CEB2D
:101AF000D17C04E04FF0080C01E04FEAD17C0CEB04
:101B00004C0324FA03F404F00704B4F1040C06D2E5
:101B10000EEB840CBDE810404CF0010C6047DFE890
:101B20000CF0070802024FF00040A0F5800010BD45
:101B30000846420018BFD2F1807288BF00F0004012
:101B400010BD4FF04070E1EE100A70470000803F7A
:101B50000000000000000000000000006018060106
:101B6000003E5149453E00427F4000426151494696
:101B70002141454B311814127F1027454545393C0A
:101B80004A49493001710905033649494936064930
:101B900049291E7E1111117E7F494949363E414136
:101BA00041227F4141221C7F494949417F0909095E
:101BB000013E4149497A7F0808087F00417F410082
:101BC0002040413F017F081422417F404040407F38
:101BD000020C027F7F0408107F3E4141413E7F0995
:101BE0000909063E4151215E7F09192946464949A6
:101BF000493101017F01013F4040403F1F2040200B
:101C00001F3F4038403F63140814630708700807FB
:101C100061514945430000008027010870270108F1
:101C2000D4270108AC27010898270108C02701081C
:101C30003200C832F465BC98E8CB36017000000071
:101C4000000000000000000000003A010500000054
:101C500000000000000000000000B2050C0C003382
:101C600033000000000000000000B7013500000054
:101C700000000000000000000000BB013200000076
:101C800000000000000000000000C2010100000090
:101C900000000000000000000000C301150000006B
:101CA00000000000000000000000C401200000004F
:101CB00000000000000000000000C6010F0000004E
:101CC00000000000000000000000D002A4A10000FD
:101CD00000000000000000000000E00ED0080E0927
:101CE00009053133481714153134E10ED0080E09B7
:101CF0000915313348171415313421000000000054
:101D000000000000000000000000290000000000AA
:101D1000000000000000000000000000F98A2FC051
:101D200090C2F5BF9A9959C0666626C0CDCC4CC00A
:101D300066662640CDCC4C40666626C09A995940CE
:101D4000666626409A9959C0666626C09A99594097
:101D50009A9919C09A9959C09A9919409A995940D3
:101D600066662640B40B18C0295C1FC096860CC05E
:101D7000CDCCACBFB40B18C015AEC73E96860CC018
:101D80000BD7C33F1810BBBF0BD7C3BFDA05A4BF27
:101D900015AEC7BE8E110CBF295C1FC025FABBBE95
:101DA000CDCCACBF8E110CBF86EB11BF25FABBBEEC
:101DB00086EB113F25FABB3E0BD7C3BF8E110C3FFC
:101DC00015AEC7BE25FABB3E15AEC73E8E110C3F01
:101DD0000BD7C33FDB05A43F295C1FC01910BB3FD5
:101DE000CDCCACBF96860C4086EB11BFB40B18402F
:101DF00086EB113FDB05A43F0BD7C3BFB40B1840E4
:101E0000CDCCACBF5C8F52C086EB11BFB40B184079
:101E100015AEC7BE1810BBBF15AEC73E25FABBBE78
:101E200086EB113FDB05A43F15AEC73EB40B18404F
:101E300086EB113FB40B18C0CDCCAC3F5C8F524049
:101E40000BD7C33FF98A2F4090C2F53F3333B33EDF
:101E50000C20010804000400000002000100000042
:101E6000030002000000010005000000050004005E
:101E70000300070006000300060002000000040043
:101E80000700000007000300010002000600010037
:101E9000060005002C200108702201081D003000FA
:101EA000920A863F3333B33E0000A0410000000099
:101EB0000000000000000000000000000000803F63
:101EC0000000000000000000000000000000803F53
:101ED0000000803F00000000000000000000000043
:101EE0000000803F00000000000000000000000033
:101EF00000000000000000000000000000000000E2
:101F00000000000000000000000000000000803F12
:101F10000000000000000000000000000000803F02
:101F20000000803F000000000000000000000000F2
:101F30000000803F000000000000000000000000E2
:101F40000000000000000000000000000000000091
:101F5000581E0108080002000100000000000000F7
:101F60000100000000000000000000000000000070
:101F7000000000000000803F0000000000000000A2
:101F8000000000000000803F0000803F00000000D3
:101F900000000000000000000000803F0000000082
:101FA0000000000000000000000000000000000031
:101FB0000000000000000000581E0108040002009C
:101FC0000000000000000000010000000000000010
:101FD00000000000110010000100000000000000DF
:101FE000000000000000FFFFB02301080100000016
:101FF000000000008FC2753E3333EB40000000004C
:1020000000000000000000000000803F9AD659CE7A
:102010009AD659CE59CE9AD659CE9AD69AD659CE64
:102020009AD659CE59CE9AD659CE9AD600000000EB
:1020300000000000000080BF0000003F0000000022
:10204000F704353F00000000F70435BF0000000032
:102050000000803E0000003F0000003FF70435BF55
:102060000000003E0000803E00000000F704353F05
:10207000F70435BF0000803E0000803E000000BF36
:102080000000003FF70435BF0000C03E0000803E66
:10209000F70435BF00000000F70435BF0000003F23
:1020A0000000803E000000BF000000BFF70435BF05
:1020B0000000203F0000803E00000000F70435BF14
:1020C000F70435BF0000403F0000803E0000003FA5
:1020D000000000BFF70435BF0000603F0000803EF5
:1020E000F704353F00000000F70435BF0000803FD3
:1020F0000000803E0000803F000000000000000063
:10210000000000000000003FF704353FF704353FB2
:10211000000000000000003E0000003F0000000042
:102120000000803F000000000000803E0000003FF3
:10213000F70435BFF704353F000000000000C03E43
:102140000000003F000080BF000000000000000011
:102150000000003F0000003FF70435BFF70435BF23
:10216000000000000000203F0000003F00000000D1
:10217000000080BF000000000000403F0000003F62
:10218000F704353FF70435BF000000000000603F52
:102190000000003F0000803F000000000000000041
:1021A0000000803F0000003FF704353F00000000C2
:1021B000F704353F000000000000403F0000003FF2
:1021C0000000003FF704353F0000003E0000403FA4
:1021D00000000000F704353FF704353F0000803E63
:1021E0000000403F000000BF0000003FF704353F03
:1021F0000000C03E0000403FF70435BF0000000073
:10220000F704353F0000003F0000403F000000BFE2
:10221000000000BFF704353F0000203F0000403FB2
:1022200000000000F70435BFF704353F0000403FD1
:102230000000403F0000003F000000BFF704353FB2
:102240000000603F0000403FF704353F0000000001
:10225000F704353F0000803F0000403F00000000D1
:10226000000000000000803F0000003F0000803FB1
:102270000000020001000000030002000000040052
:102280000300000005000400000006000500000037
:102290000700060000000800070000000900080011
:1022A000010002000A0002000B000A000200030005
:1022B0000B0003000C000B00030004000C000400E2
:1022C0000D000C00040005000D0005000E000D00BF
:1022D000050006000E0006000F000E0006000700B5
:1022E0000F00070010000F00070008001000080092
:1022F000110010000800090011000900120011006F
:102300000A000B0013000B00140013000B000C005C
:1023100014000C00150014000C000D0015000D0039
:10232000160015000D000E0016000E001700160016
:102330000E000F0017000F00180017000F0010000C
:1023400018001000190018001000110019001100E9
:102350001A001900110012001A0012001B001A00C6
:102360001C00130014001C00140015001C001500B4
:1023700016001C00160017001C00170018001C0097
:10238000180019001C0019001A001C001A001B007C
:1023900080FA40FB40FB40FBBCFFBCFF40D940F251
:1023A00080FA40FB40FB40FBBCFFBCFF40D940F241
:1023B00090230108100001000000C8420000000046
:1023C0000000003F0000FA4400002041000000002F
:1023D0000000A0400000C8420000003F0000404054
:1023E0000000C842000000000000003F00000000A4
:1023F0000000000000000000000000000000803F1E
:102400000000000000000000000000000000C842C2
:102410000000404000004040E827010800000000A4
:10242000000000000000000000000000002000008C
:10243000210000000000000000000000002801084A
:10244000000000000000000000000000000000008C
:102450000008000010000000000000000000000064
:10246000F427010800000000000000000000000048
:102470000000000000200000180000000000000024
:10248000000000000C28010800000000000000000F
:102490000000000000000000000800002000000014
:1024A00000000000000000000006101600061016D4
:1024B00000000000010203040102030406070809EA
:1024C00000000000000000000000B33FB2BE7D3AF3
:1024D00000002E40DFCF513800007E40BF51FABAD5
:1024E00000E0A44019DAC3BA00E0C840C2ED8AB9DE
:1024F0000040EB40CD1F2CBA001006412AFFFABA6B
:1025000000C01541DFCFD13700D024419A97703AEF
:102510000050334189478E3600404141E75B9D388A
:1025200000B04E41C00A98B900A05B41558F943A63
:1025300000306841DA92C0BA0040744162B3C63AD2
:102540000000803F00A0853F00908B3F00C0913F7E
:102550000030983F00F09E3F00F0A53F0050AD3F97
:102560000000B53F0000BD3F0060C53F0020CE3FEA
:102570000040D73F00C0E03F00C0EA3F0020F53FE9
:10258000000000007D36AC397D3C3839EBDCF43896
:10259000320A7E39124C26399B6AED39A4EE833912
:1025A0007F661E39F6398A392B426539A482113982
:1025B0005B991F39C3EECD39DDE7C637A5A22F39A8
:1025C0000000803FC3AA853FC2958B3FD3C3913F94
:1025D000F037983F32F59E3FD7FEA53F3F58AD3FBD
:1025E000F304B53FA408BD3F2A67C53F8C24CE3F06
:1025F000FD44D73FDFCCE03FC7C0EA3F7D25F53F34
:10260000000000006E83F9A22915444ED15727FC23
:10261000C0DD34F5999562DB4190433CAB6351FEDC
:10262000736F66743364206672616D65733D256CEB
:10263000752066707331303D256C75206672616D52
:10264000655F75733D256C752072656E6465725F9C
:1026500075733D256C75207472693D256C75206C11
:1026600063645F6572723D256C75206164633D250E
:102670006C75206164635F6572723D256C752067BF
:10268000656F6D5F6572723D256C7520737461674F
:10269000653D256C752067656F6D5F75733D256CB5
:1026A0007520776169745F75733D256C752074784A
:1026B0005F62797465733D256C7520696D753D2584
:1026C0006C7520696D755F666C6167733D256C750F
:1026D00020696D755F6572723D256C7520696D7539
:1026E0005F72656A6563743D256C7520686561700D
:1026F0003D256C752072656E6465725F73746163ED
:102700006B3D256C75206D6F74696F6E5F737461BE
:10271000636B3D256C7520646973706C61793D2530
:102720006C7520646973706C61795F6572723D25A8
:102730006C752072656E6465725F6572723D256CA2
:10274000752067616D653D256C752067616D655FFE
:102750006D733D256C7520626573745F6D733D25E7
:102760006C752077696E733D256C750D0A0000004D
:1027700043454E54455220524553554D45000000A7
:1027800043454E544552205354415254202F20501B
:10279000415553450000000054494C5420424F41DC
:1027A000524420544F204D4F564500005550205361
:1027B00054494C4C20544F205A45524F00000000C1
:1027C000484F4C4420444F574E2053544154555386
:1027D00000000000484F4C442043454E54455220D1
:1027E00052455354415254004D6F74696F6E546199
:1027F000736B000052656E6465725461736B000008
:1028000064656661756C745461736B00496E7075B4
:10281000745461736B0000004828010800460024CE
:10282000C401000008030008482801080000002037
:102830005C4401006403000818290108C44700240F
:1028400094D2000064030008012413C1AF1B08F1F7
:10285000041AFD041325B01B0851041AA10C1ACD4B
:1028600004411704030904120114020202164083F2
:1028700004405726020102030114050F0C1C010736
:1028800010172103191A031AC22B394913BD0E1B45
:1028900008B9041A75041AE904130D0F2A081C82DA
:1028A000103C90D0030401771AAA0181148101829F
:1028B000130A0629DB2A40A41C090243F71125C08C
:1028C0003209041B01020B13052416100105240113
:1028D00010090104240202052406170107058203DA
:1028E00008151009040133020A2E070501024007EA
:1028F0002A8107111385AA1408F1A8140827AC3AF5
:10290000086412A91B083D101AB304C11A05281A3D
:08291000C51C1A45081AB9089C
:04000005080002CD20
:00000001FF
