:020000040800F2
:10000000581A01247D04000839860008DB7E0008A8
:1000100019850008F90E000895C2000800000000CC
:10002000000000000000000000000000BD03000808
:10003000451400080000000019040008E9A40008A5
:100040009704000897040008970400089704000824
:100050009704000897040008970400089704000814
:10006000970400089704000897040008011000088E
:1000700097040008970400089704000897040008F4
:1000800097040008970400089704000897040008E4
:1000900097040008970400089704000897040008D4
:1000A00097040008970400089704000897040008C4
:1000B00097040008970400089704000897040008B4
:1000C0009704000897040008970400089D92000810
:1000D0009704000897040008970400089704000894
:1000E0009704000897040008000000009704000827
:1000F0009704000897040008970400089704000874
:100100009704000897040008970400089704000863
:100110009704000897040008970400089704000853
:100120009704000897040008970400089704000843
:100130009704000897040008970400089704000833
:1001400000000000000000000000000000000000AF
:100150009704000897040008970400089704000813
:100160009704000897040008970400089704000803
:100170009704000861870008970400080000000049
:1001800097040008970400089704000897040008E3
:1001900097040008970400089704000897040008D3
:1001A0009704000897040008970400080000000066
:1001B00097040008970400089704000897040008B3
:1001C00097040008970400080000000000000000E9
:1001D000000000000000000097040008000000007C
:1001E000000000000000000000000000000000000F
:1001F00000000000000000009704000897040008B9
:100200009704000897040008000000009704000805
:100210009704000897040008970400089704000852
:100220009704000800000000970400080000000088
:1002300097040008970400080000000097040008D5
:100240009704000897040008970400089704000822
:100250009704000897040008970400089704000812
:100260009704000897040008970400089704000802
:100270009704000897040008970400080000000095
:1002800097040008970400089704000897040008E2
:100290000000000097040008970400080000000018
:1002A0000000000097040008970400089704000865
:1002B00097040008970400089704000897040008B2
:1002C0009704000861A600089704000800F002F8EF
:1002D00000F064F80AA090E8000C82448344AAF17C
:1002E0000107DA4501D100F059F8AFF2090EBAE87A
:1002F0000F0013F0010F18BFFB1A43F0010318475A
:10030000E0240100102501000A444FF0000C10F811
:10031000013B13F0070408BF10F8014B1D1108BF83
:1003200010F8015B641E05D010F8016B641E01F823
:10033000016BF9D113F0080F1EBF10F8014BAD1C73
:100340000C1B09D16D1E58BF01F801CBFAD505E091
:1003500014F8016B01F8016B6D1EF9D59142D6D3EB
:10036000704700000023002400250026103A28BF13
:1003700078C1FBD8520728BF30C148BF0B60704717
:10038000752900F05981732900F0A583002070477A
:100390001FB510F0D7FD1FBD10B510BD00F006FC55
:1003A0001146FFF7F5FF0DF0ADFD00F024FC03B49E
:1003B000FFF7F2FF03BC00F027FC00002C4B19688C
:1003C0000868B0E8F04F80F30988BFF36F8F4FF0F3
:1003D000000080F3118870470000000008480068A2
:1003E000006880F308884FF0000080F3148862B63C
:1003F00061B6BFF34F8FBFF36F8F00DF00BF00BF49
:1004000008ED00E0DFF80C00016841F470010160C4
:10041000704700BF88ED00E0EFF30980BFF36F8FF6
:10042000134B1A681EF0100F08BF20ED108A20E948
:10043000F04F106009B44FF0500080F31188BFF303
:100440004F8FBFF36F8F0FF00FFE4FF0000080F360
:10045000118809BC19680868B0E8F04F1EF0100F49
:1004600008BFB0EC108A80F30988BFF36F8F704724
:10047000B4460024EFF30580704700000948804728
:1004800009480047FEE7FEE7FEE7FEE7FEE7FEE776
:10049000FEE7FEE7FEE7FEE704480549054A064B8E
:1004A00070470000A1A50008CD02000858060124ED
:1004B000581A0124580A0124580A012453EA020C4C
:1004C00000F069802DE9F04B4FF00006002B1FBFB4
:1004D000B3FA83F503FA05F424FA05F65E4012BF79
:1004E0001643B2FA82F502FA05F4C5F120051EBFE3
:1004F00022FA05FC44EA0C04203556EA044C4FEA83
:10050000144418BF641C4FF000084FF000099042DB
:1005100071EB030C39D3002919BFB1FA81F701FA45
:1005200007F6B0FA80F700FA07F6C7F120071EBFFA
:1005300020FA07FC46EA0C062037B6FBF4FCA7EBD2
:100540000507103F07F01F0BCBF120060CFA0BFB41
:100550002CFA06F644BFB3460026202FA4BF5E4601
:100560004FF0000B5BEA060C08BF4FF0010B19EBD4
:100570000B09ABFB027C48EB0608C01B06FB02CC58
:100580000BFB03CC71EB0C01C1E70B460246414665
:100590004846BDE8F08B13B54FF000004FF0000166
:1005A000AFF30080BDE81C40704700000FB47CB57D
:1005B0000C0009AA009001D02044401E084B7B4447
:1005C00069460190089800F054FA05461CB10020D5
:1005D000694600F061FA28467CBC5DF814FB000017
:1005E000E104000070B50C460546012A05D02878C4
:1005F000800600D5EA69002302E0012305E05B1CC8
:10060000934202D2E05C0028F9D1A869E618C01A2A
:10061000A861286A184428622846AFF3008004E0E5
:10062000D5E9012114F8010B9047B442F8D32846CC
:10063000AFF3008070BD00002DE9F04106460024B4
:1006400010687529314616A510D0AFF30080002838
:1006500002DA404213A507E031688A0701D512A5E6
:1006600002E0490704D511A5012401E0AFF30080A1
:1006700000210A2206F1240709E0B0FBF2FCB0FBDE
:10068000F2F302FB1C00303078541846491C002855
:10069000F3D123462A463046BDE8F04100F08BB93D
:1006A000000000002D0000002B00000020000000D2
:1006B0002DE9F0410F460546002028622846E968EA
:1006C000884770B3252805D0D5E901219047286ACD
:1006D000401CF2E7E9682846002688476C28044653
:1006E0000AD0682C08D04C2C35D06A2C31D0742C10
:1006F00031D07A2C2FD016E0E96806462846884784
:10070000B042044608D16C2E23D04FF480662846B0
:10071000E9688847044606E06C2E03D04FF48076E3
:1007200001E01EE04026E4B1A4F14100192802D8FE
:10073000203446F400663A46214628462E60FFF7EC
:100740001FFE60B1012808D0FF1D27F007070837FA
:10075000B4E78026DBE70026D9E73F1DAEE7204659
:10076000B2E7286ABDE8F08130B505460B462A4657
:1007700013F8014B12F8010B08B1A042F8D01CB1DC
:10078000002802D06D1CF1E7284630BD10B5431C8F
:1007900002E010F8011B71B18107FAD14FF001326C
:1007A00002C88C1A8C4314EAC211F9D0C01A0A0686
:1007B00003D0C01E10BDC01A10BD0A0401D0801E97
:1007C00010BD0902FCD0401E10BD032A40F230804B
:1007D00010F0030C00F0158011F8013BBCF1020F82
:1007E000624498BF11F801CB00F8013B38BF11F803
:1007F000013BA2F1040298BF00F801CB38BF00F81A
:10080000013B11F0030300F06780083AC0F0088054
:1008100051F8043B083A51F804CBA0E80810F5E77A
:10082000121D5CBF51F8043B40F8043BAFF300805D
:10083000D20724BF11F8013B11F801CB48BF11F8D2
:10084000012B24BF00F8013B00F801CB48BF00F8A2
:10085000012B7047431A28BF9A427FF6B6AF032A8E
:100860001044114440F2268010F0030F1EBF11F80F
:10087000013D521E00F8013D10F0030F7FF4F6AF6A
:1008800011F0030300F03E81083AC0F00B8051F8EC
:10089000043D083A51F804CD40F8043D40F804CD39
:1008A000FFF7F3BF121D5CBF51F8043D40F8043D53
:1008B000AFF30080D20724BF11F8013D11F801CD3C
:1008C00048BF11F8012C24BF00F8013D00F801CD0C
:1008D00048BF00F8012C704710B5203AC0F00B80DB
:1008E000B1E81850203AA0E81850B1E81850A0E834
:1008F0001850BFF4F5AF5FEA027C24BFB1E818508E
:10090000A0E8185044BF18C918C0BDE810405FEAFD
:10091000827C24BF51F8043B40F8043B08BF704779
:10092000D20728BF31F8023B48BF11F8012B28BF7E
:1009300020F8023B48BF00F8012B704702F0FF038C
:1009400043EA032242EA024200F008B94FF00002F3
:1009500000B5134694469646203922BFA0E80C50B5
:10096000A0E80C50B1F12001BFF4F7AF090728BF90
:10097000A0E80C5048BF0CC05DF804EB890028BF0C
:1009800040F8042B08BF704748BF20F8022B11F035
:10099000804F18BF00F8012B7047704770477047B1
:1009A00010B500F0FBF8006810BD10B5044600F06B
:1009B000F5F8046010BD2DE9F0470D4699469246C2
:1009C000044600F124080168880604D5E06921F096
:1009D0001001216000E00120A84201DD471B00E07A
:1009E0000027A1697A1902EB0900081AA061207892
:1009F000C00602D42046AFF30080002608E0D4E908
:100A000001211AF806009047206A401C761C2062DB
:100A10004E45F4DB2078C0060AD52046AFF30080AF
:100A200006E0D4E9012130209047206A401C206272
:100A3000381EA7F10107F4DC07E0D4E9012118F81A
:100A400005009047206A401C2062281EA5F1010580
:100A5000F3DC2046AFF300802078000602D50220A8
:100A6000BDE8F0870120FBE701694A1C02610878B4
:100A7000704700B58FB0CDE90131002105910549DE
:100A80007944CDE9031011466846FFF711FE0FB017
:100A900000BD0000E5FFFFFF0A6802F8010B0A60D5
:100AA0007047D1E900239A4202D2531C0B601070A8
:100AB000704710B5436913B1AFF3008001E0FFF751
:100AC00091FD012010BD127800F124010A7000226E
:100AD0004A700122EDE711684FF0FF32E9E7431A4F
:100AE00028BF9A427FF6F8AE104410F0030F11446D
:100AF0001EBF11F8013D521E00F8013D10F0030F1A
:100B00007FF4F6AF103AC0F00A8010B531E9185002
:100B1000103A20E91850BFF4F9AFBDE81040530770
:100B200024BF31E9081020E9081044BF51F8043D02
:100B300040F8043D12F0030F08BF7047D20728BFEA
:100B400031F8023D48BF11F8012C28BF20F8023DC2
:100B500048BF00F8012C70474FF000020429C0F094
:100B6000128010F0030C3FF4F3AECCF1040CBCF196
:100B7000020F18BF00F8012BA8BF20F8022BA1EB31
:100B80000C01FFF7E5BE5FEAC17C24BF00F8012B32
:100B900000F8012B48BF00F8012B70470048704750
:100BA000F405012400487047F40501247546FFF759
:100BB000F9FFAE4605006946534620F0070085461A
:100BC00018B020B5FFF768FCBDE820404FF00006E4
:100BD0004FF000074FF000084FF0000B21F0070125
:100BE000AC46ACE8C009ACE8C009ACE8C009ACE868
:100BF000C0098D46704710B50446AFF3008020460B
:100C0000BDE81040FFF7D3BB01491820ABBEFEE79B
:100C1000260002007047000010B532490446006803
:100C2000884202D0304A904202D1D1F8080302E053
:100C30002E48D0F8080310F4403F10D005F0FAFD1C
:100C40006168B1F5803F06D0B1F5003F03D0B1F542
:100C5000403F26D101E0090C17E0800821E0002187
:100C60004FF4002004F09EFE61688A03920B18D1B5
:100C70008A140C2A15D2DFE802F0140606060606CE
:100C8000060B0D0F1113890C4900B0FBF1F008E0C1
:100C9000000906E0400904E0800902E0C00900E024
:100CA000000A13494008884204D82068816821F46A
:100CB000407108E00F49884207D82068816821F414
:100CC000407141F48071816010BD0B4988422068F9
:100CD000816804D821F4407141F40071F3E741F4D4
:100CE0004071F0E7002002400021024000600258FD
:100CF000105E5F0020BCBE0040787D012DE9F04110
:100D00000027044600680D4607F064F9064620688F
:100D100007F05CF930435DD020682F4EC16889012F
:100D200005D5617E012902D1217E01290BD0022D3A
:100D30001DD0206807F04EF9B8B120688168C1F372
:100D4000400169B111E02549012502E08F4232D20C
:100D50007F1C0268D2435206F8D440210160E8E7C4
:100D60008168314041F010018160012D11D020686F
:100D700007F02CF948B120688168C1F3400121B91E
:100D80008168314041F020018160022D08D0032D9F
:100D900004D0042503F05EFA064617E00C25F9E7B7
:100DA0000825F7E703F056FA801B05280ED92068BE
:100DB000806828420AD0206E40F010002066606EE5
:100DC00040F0010060660120BDE8F0812068806885
:100DD0002842E7D10020F7E7C0FFFF7F00DC0C00CE
:100DE00070B50446006881688268C1F3400112F062
:100DF000010F28D039BB816801F00D01012914D100
:100E00008168124A1140891C8160216803200860B2
:100E100003F020FA054612E003F01CFA401B0228FA
:100E20000DD920688068C00709D0206E40F01000FE
:100E30002066606E40F001006066012070BD206891
:100E40008068C007E8D1002070BD0000C0FFFF7FB0
:100E500070B504460068816811F0010F40D18168C7
:100E6000204A11422DD18168D5432940491C816017
:100E700003F0F0F91C49064620681C4B884201D05B
:100E8000984201D11A4A00E01A4A9268984202F048
:100E90001F0200D0014681421DD0E2B120E08168EE
:100EA00011F0010F03D181682940491C816003F0D2
:100EB000D1F9801B02280ED920680068C043C00702
:100EC00009D0206E40F010002066606E40F00100F6
:100ED0006066012070BD20680168C943C907DED182
:100EE000002070BD3F000080002002400021024031
:100EF0000023024000630258FEE7000004280B466E
:100F000010B517DD202802D0212813D10AE09BB1AB
:100F1000072A11D109481968016099888180997957
:100F2000817107E043B1072A00D907220349184617
:100F3000FFF74BFC002010BD032010BD82460024AB
:100F40000020704707490022074810B509F0E0FD6E
:100F500008B1032010BD0549034809F0CCFD40B29B
:100F600010BD0000F4690024185D0024F461002421
:100F70000649074810B509F0BEFD08B1032010BDB1
:100F8000034809F091FD40B210BD0000F461002457
:100F9000185D00240020704770B50D4610B1B5F5FE
:100FA000006F01D9032070BDEFF3108472B61249AF
:100FB00091F89C32D1F8D422032B01EB8201D1F8B5
:100FC000C01205D121B1D1F8141219B1012010E0DD
:100FD00003200EE025B12A4601460848FFF73AFCF7
:100FE00006492A46044809F093FD10B9024809F061
:100FF00005FE84F3108870BD185D0024F469002498
:10100000014802F061B90000545C0024294A0168DB
:1010100091423AD0274A1832914236D0254A30328E
:10102000914232D0234A483291422ED0214A603236
:1010300091422AD01F4A7832914226D01D4A9032DE
:10104000914222D01B4AA83291421ED01A4A9142A4
:101050001BD0194A1832914217D0174A30329142A8
:1010600013D0154A483291420FD0134A6032914250
:101070000BD0114A7832914207D00F4A90329142F8
:1010800003D00D4AA832914211D1CAB21823103AA6
:10109000B2FBF3F26FF30901032A02F00703074AD8
:1010A000D25CC26500D9091D81650846704721F0F0
:1010B000FF01F9E710000240100402406C2401080F
:1010C00030B5224A012301689142CAB21BD01F4C9D
:1010D0001434A14217D01D4C2834A14213D01B4C0C
:1010E0003C34A1420FD0194C5034A1420BD0174CC4
:1010F0006434A14207D0154C7834A14203D0134C7C
:101100008C34A1420CD11421114C083AB2FBF1F1FC
:101110000F4A803201F01F0504EB8101AB4010E063
:101120000C4D1824103A0D44B2FBF4F1A82D00D850
:101130000831094A01F01F0402EB8101064AA3406D
:101140008032603080E80E0030BD00000854025844
:1011500000580258F0FBFDBF0008024010B50279AC
:10116000531E072B2DD8174C0168A1421BD0154CDC
:101170001434A14217D0134C2834A14213D0114C7F
:101180003C34A1420FD00F4C5034A1420BD00D4C37
:101190006434A14207D00B4C7834A14203D0094CEF
:1011A0008C34A14203D10849074C443102E007497D
:1011B000064C443104EB8202C0E91B210121994015
:1011C000416710BD08540258FC580258FC08024000
:1011D00010B583694FF0C074826A0146002053B194
:1011E000B3F5005F15D072B1012A0CD0022A0AD0E3
:1011F000032A09D104E01AB1012A06D0022A03D138
:10120000C96AC90100D5012010BDC96AA142FAD03E
:1012100010BD002AF7D0012AF2D0022AF3D0032A07
:10122000F3D010BD2DE9F04F804E804FDFF8FC91D8
:101230001836DFF8F8A148370468856D0AF1300ADE
:10124000DFF8ECB14C45DFF8ECC1DFF8ECE16DD034
:10125000B4426BD0544569D0BC4267D0DFF8D0812E
:10126000A8F11808444561D05C455FD064455DD065
:1012700074455BD0DFF8C481444557D0DFF8BC81AA
:1012800008F11808444551D0DFF8B08108F1300862
:1012900044454BD0DFF8A48108F14808444545D0C7
:1012A000DFF8988108F1600844453FD0DFF88C8171
:1012B00008F17808444539D0DFF8808108F19008BA
:1012C000444533D0DFF8748108F1A80844452DD097
:1012D000DFF86C81444529D0DFF8648108F11408F7
:1012E000444523D0DFF8588108F1280844451DD033
:1012F000DFF84C8108F13C08444517D0DFF8408105
:1013000008F15008444511D0DFF8348108F1640831
:1013100044450BD0DFF8288108F17808444505D012
:10132000DFF81C8108F18C08444509D1D0E919483F
:10133000C4F80480C46E1CB1D0E91C48C4F8048011
:1013400004684C452ED0B4422CD054452AD0BC421F
:1013500028D0374E183EB44224D05C4522D0644594
:1013600020D074451ED0354EB4421BD0334E1836B3
:10137000B44217D0314E3036B44213D02F4E4836D7
:10138000B4420FD02D4E6036B4420BD02B4E78367F
:10139000B44207D0294E9036B44203D0274EA83627
:1013A000B44215D190F85C603F2406F01F06B440AB
:1013B000AC600468256825F4802525602EE09A60DD
:1013C0000068C160BDE8F08F99600068C260F9E70D
:1013D0001B4EB4421BD01A4E1436B44217D0184ECE
:1013E0002836B44213D0164E3C36B4420FD0144EB9
:1013F0005036B4420BD0124E6436B44207D0104E71
:101400007836B44203D00E4E8C36B442DAD190F81E
:101410005C60012406F01F06B4406C6004686360E1
:101420008368402B0368CFD1C9E700001000024059
:1014300088000240A0000240B800024010040240B0
:1014400008540258704772B6FEE730B5014690F86E
:10145000405090F84840D1E9162365F307009A42BE
:1014600064F30F2001DD012200E00022D1E91C31EC
:1014700062F317408B4201DD012100E0002161F39E
:101480001F6030BDF0B50C4607462DED068B87B0CA
:1014900091ED131AD1ED140A91ED150A21EE011AFE
:1014A00060EEA00A20EE000A71EE200A30EE800AFB
:1014B0000BF0F2FDB0EE009A3B4D4FF07E5620EE61
:1014C000090A9FED3A8ADFED3A8A10EE100AA84227
:1014D00002D3B0EE480A08E010EE100AB04202DB78
:1014E000B0EE680A01E00AF0FBFEDFED329A9FEDF4
:1014F00032AA20EE290A8DED000A94F860008DF8DA
:101500000400206A48B3D4ED160A00EE100AF8EE83
:10151000E00AB8EEC01A80EE810A00BF8DED020A23
:1015200004F16400D0EC030A20EEA00A61EE010A87
:1015300021EEA11A30EE200A30EE010A0BF0ACFDCC
:1015400020EE090A10EE100AA8420DD210EE100A81
:10155000B04205DBB0EE688A06E0B0EE4A0ADDE78D
:101560000AF0BEFEB0EE408A28EE290A8DED030A8D
:1015700094F878008DF81000206A48B1D4ED1C0A68
:1015800000EE100AF8EEE00AB8EEC00A80EE80AA7B
:101590001822694638468DED05AAFFF79DF907B078
:1015A000BDEC068BF0BD0000000080BFDB0FC9BFA3
:1015B000DB0FC93FE02E654200000000243090ECB4
:1015C000040A704710B50449044600F09BF8204611
:1015D000BDE8104000F002B8A423010870B5124C19
:1015E00000210126B2EE040A3CCCC0E90C5100F106
:1015F00024058163C16385E81C0080F8406080EDAC
:10160000110A80F84810C164016541658165026A6C
:10161000C26580F8601041668166C166C0E91C122F
:1016200080F8781070BD0000C023010870B5054631
:101630002DED028BF6EE008A90ED0B1AB0EE408A8B
:10164000F0EE680A90ED090AD0ED0C1A41EE410A5D
:1016500090ED0A2A20EE210A41EEE10A02EE010A8B
:101660000AF0DAFEDFED240A002468EE200A30EEEC
:10167000600A60EE288AB0EE680A0BF033F8B0EE2C
:10168000408AB0EE680A0BF03DFCB1EE401AB0EEB5
:10169000480A95ED092AD5ED0A1AD5ED0B2A95EDE4
:1016A0000C3A60EE023A20EE214A60EE224A20EE29
:1016B000030A00EE904A00EEA20A40EEC34A40EE52
:1016C000E13A00EE824A00EEE10A40EE824A40EE44
:1016D000E23A00EE834A01EE020A41EE214A41EE6F
:1016E000433A01EE624A85ED0C0A2435C5EC033A13
:1016F000BDEC028B70BD000035FA8E3C80ED000A17
:101700007047000070B5B7EE002A04460D462DED77
:10171000048BB2EE041AF0EE081AD1ED000A82EE44
:10172000200A80ED000A08792071D1ED020AC4ED8B
:10173000020A31EE601AC1EE210A20EE800A84ED21
:10174000030A91ED030AB5EEC00AF1EE10FA01DDCD
:10175000012000E000202074DFED2E0A95ED030A41
:101760009FED2D9A9FED2D8A20EE200AF6EE008A3D
:1017700084ED050A95ED040AB5EEC00AF1EE10FA03
:1017800002D1B0EE480A09E020EE090A0BF0BAFBDC
:1017900020EE280AF0EE000A0BF088F884ED060A25
:1017A00095ED050AB5EEC00AF1EE10FA02D1B0EEE1
:1017B000480A09E020EE090A0BF0A4FB20EE280AF3
:1017C000F0EE000A0BF072F884ED070A95ED000ABE
:1017D000D5ED060A20EE200ABDEEC00A84ED080A07
:1017E00084ED170A84ED1D0A95ED020AB5EEC00AD4
:1017F000F1EE10FA06D095ED060AB5EEC00AF1EE4C
:1018000010FA03D184ED068A84ED078ABDEC048BBF
:1018100070BD000048E17A3F35FA8E3CFFFF7F7FC4
:101820002DE9F04704464FF0010A34302DED108BBE
:10183000B0EE43EBB0EE44FAB0EE403AC0EC031A1F
:10184000207C90B3B0EE430AD4ED053AB0EEC00A66
:101850002046B4EEE30AF1EE10FA11D8B0EE600AB9
:10186000B0EEC00AB4EEE30AF1EE10FA08D8B0EE1A
:10187000410AB0EEC00AB4EEE30AF1EE10FA14D950
:101880000546466AF0EE613AB0EE424BD5E90A7081
:10189000D5F8309080462046FFF7A0FE2435A5E815
:1018A000C003C5EC033A84F848A0002094F8401027
:1018B000E9B3D4ED113A94ED034A94ED020A73EEC4
:1018C000C4BAC4ED11BAF4EEC0BAF1EE10FA05DCF8
:1018D00084F84000F0EE40BA84F848009FEDFE0A1C
:1018E0002179B6EE008A63EE00CA20EE80DA61EE5E
:1018F00000DAE1B3012968D002297ED008EE900A0F
:1019000009EE100A09EE900AF5EEC01AB7EE00CA09
:10191000F1EE10FA8046D14646460546374684F831
:1019200060A00FD1B0EE420AB5EEC00A00E049E077
:10193000F1EE10FA06D1B0EE620AB5EEC00AF1EE91
:1019400010FA73D021EEA10A62EE020AB0EE62BA7A
:10195000B0EE61AA2BEE0B1A30EE200AF0EE42AA8E
:1019600030EE010A0BF098FB8CEE001A00E02CE040
:10197000F0EE4A1AB0EE6A2A21EE810A62EE010AFE
:10198000F0EE681AB0EE492B2BEE011A60EE213A08
:1019900020EE824A21EE223A73EE843A33EE833A05
:1019A000B5EEC03AF1EE10FA41DD20EEA23A61EE5A
:1019B000213A20EE024A01EE423A40EE623A00EE4F
:1019C000E14A6FE0D4ED02BA88E7D4ED090A94ED5C
:1019D0000C0AF0EE489A94ED0A1A94ED0B3A50EE88
:1019E000A09A61EE008A23EE009A40EEC38A00EED0
:1019F000819A40EE009A87E7FFE794ED0B3AD4ED29
:101A00000C0A94ED090AF0EE489A63EE203A94ED40
:101A10000A1A40EE409A60EE038A40EE013A41EE27
:101A2000608A40EEE09AB1EE639A6DE778E020EECE
:101A3000A2AA61EE21AA20EE02BA01EE42AA40EE6D
:101A400062AA00EEE1BAB5EEC0AAF1EE10FA15D125
:101A5000B0EE6A0AB5EEC00AF1EE10FA0ED1B0EEA1
:101A60004B0AB5EEC00AF1EE10FA07D1404603EE7C
:101A7000100A03EE908A04EE108A13E06AEE0A0A56
:101A80002AEEAA0A2BEE0B1A30EE800A30EE010A7B
:101A90000BF002FBCCEE000A2AEE203A6AEEA03AE6
:101AA0002BEE204A04F14C0080EC033A94F84000FD
:101AB00080B923EE031A63EEA30A24EE040A71EE42
:101AC000200A30EE800AD4ED060AB4EEE00AF1EE08
:101AD00010FA04D8A06D84F86080093801E0A06D88
:101AE000401CA065E16D884204DDC4F85C8084F888
:101AF000608001E0216AE1650028216A4FF0000260
:101B000001DA104602E0884200DD084694F86010D1
:101B1000A06529B913EE105A13EE906A14EE107AEC
:101B20000BEE105A0AEE906A0AEE107AB5EEC0EA91
:101B3000B0EE681AF1EE10FA46464546374684F88C
:101B400078900DD1B0EE6E0AB5EEC00AF1EE10FA43
:101B500006D1B0EE4F0AB5EEC00AF1EE10FA72D01F
:101B60002079A846E8B3012870D002286DD0284615
:101B70000FEE900A00EE105A00EE908A69EE8E1A6F
:101B8000B0EE408B69EE0F0A21EE2E0A41EE4F1A9D
:101B900049EEEE0A09EE4E0A21EEA11AF0EE619A24
:101BA000B0EE609A60EEA00AB0EE40EA20EE000AC5
:101BB00070EE810A30EE800A0BF06EFA8CEE002A8D
:101BC000F0EE490AF0EE691AB0EE4E0A20EE821AE3
:101BD00061EE821A20EE022AF0EE680A21EE2F0A48
:101BE00000E019E061EE882A22EE203A30EE220A67
:101BF00030EE030AB5EEC00AF1EE10FA58DD21EE20
:101C0000A00A62EE2F2A21EE083A02EE480A41EEBF
:101C1000602A01EEEF3A89E094ED092AB0EE480A15
:101C2000D4ED0B1AD4ED0A2A94ED0C3A12EE020A06
:101C300062EEA1FA61EE830A42EE03FA42EE620A14
:101C400001EEA10A9AE7B2E000E018E0D4ED091A2B
:101C5000D4ED0A0A94ED0C0A01EEE18A94ED0B2A08
:101C600060EE802A21EE800A41EE822A00EEE08AB0
:101C700000EEC20AF1EE620AF0EE48FA7EE7D4ED19
:101C80000A0AD4ED0B1A94ED092AB0EE480A20EEA8
:101C9000A13AD4ED0C2A02EE420A62EE200A02EECC
:101CA000223A41EEE20A01EEE10AF1EE43FA65E77B
:101CB00021EEA09A62EE2F9A21EE08EA02EE489AEF
:101CC00041EE609A01EEEFEAB5EEC09AF1EE10FA3D
:101CD00018D1B0EE690A01E035FA0E3CB5EEC00A43
:101CE000F1EE10FA0ED1B0EE4E0AB5EEC00AF1EEEA
:101CF00010FA07D1404600EE100A02EE908A03EE79
:101D0000108A13E069EE090A29EEA90A2EEE0E1ACE
:101D100030EE800A30EE010A0BF0BEF9CCEE000A7C
:101D200029EE200A69EEA02A2EEE203A84ED190A47
:101D3000C4ED1A2A84ED1B3A94F8400080B960EE95
:101D4000001A62EEA20A23EE030A71EEA00A30EE38
:101D5000800AD4ED070AB4EEE00AF1EE10FA06D8D4
:101D6000216F84F8788009392167084602E0206FE6
:101D7000401C2067616F884204DDC4F8748084F8D9
:101D8000788001E0216A61670028216A4FF0000233
:101D900001DA104602E0884200DD084694F8781027
:101DA000206721B912EE906A13EE107A656E04F185
:101DB000240000EE906A00EE105A01EE107A7AEEDE
:101DC000A00A3BEE000A3AEE011A94ED004A60EEDA
:101DD000AB0A20EE2B0A61EE2B1A94ED0B2A7DEE56
:101DE000203A3CEE801AD4ED0A0A7DEEA12A94ED49
:101DF000090A21EE043A23EE841A62EE842AD4ED15
:101E00000C1A60EEC33A20EE034A60EE014A42EE3D
:101E1000413A02EE224A40EEE24A41EEE23A60EEF8
:101E2000222A01EEC14A41EE834A40EE812A30EE79
:101E3000230A70EE840A32EE241AF0EE409A42EE43
:101E4000432AB0EE608AF0EE418A71EEA21A80EC6D
:101E5000040A29EEA91A28EE080A68EEA80AB0EECC
:101E6000619A31EE000A69EE091A30EE200A30EE6E
:101E7000210A0BF011F9CCEE000A29EEA00A28EE97
:101E8000201A68EEA01A69EE200A84ED090A84ED92
:101E90000A1AC4ED0B1AC4ED0C0ABDEC108BBDE898
:101EA000F0870000002110B504EE101A03EE901A1E
:101EB00003EE101A0446FFF7B3FC94F84000002824
:101EC00006D02046BDE810409FED020AFFF7AEBBEA
:101ED00010BD000000000000183090EC030A7047AD
:101EE00010B50549044600F00DF800216161A161BB
:101EF000E161216210BD0000D0230108183080ECA0
:101F0000030A70470EC9F7EE000A00EE101ADFED63
:101F1000091A80E80E0080EE801A61EE210AC0EDF9
:101F2000030A00EE903A20EE800ABCEEC00A80ED73
:101F3000040A7047FDAD003ED0ED062A90ED072A59
:101F4000D0ED081A30EE620A90ED013A70EEC20A46
:101F500031EE611AF0EEC03AF4EEC33AF1EE10FA47
:101F600011DCF0EE603AF0EEE33AF4EEC33AF1EE53
:101F700010FA08DCF0EE413AF0EEE33AF4EEC33A40
:101F8000F1EE10FA01DD002104E0D0E904219142D4
:101F900002D2491C41617047D0ED033AB0EE403A9D
:101FA000B0EE605AF0EE414A23EE234A25EE233A82
:101FB00064EEA33A72EE842A32EE032A71EEA31A7B
:101FC000C0ED062A80ED072AC0ED081A7047000010
:101FD000F8B50027044615460E46009790F85C00B9
:101FE00001280BD0012084F85C002046FEF7F8FEA3
:101FF0000100206E04D040F010002DE00220F8BD5A
:1020000020F4885040F002002066206806F48032F8
:1020100005F08043134D1A4383682B401A4342F066
:1020200000428260104A20680EE0009B5B1C009317
:10203000934209D3206E84F85C7020F0020040F0D7
:10204000100020660120F8BD8368DB0FEDD1206E03
:1020500020F0020040F001002066084684F85C7021
:10206000F8BD0000C0FFFE3F00F8C3252DE9F04792
:102070000F4690F85C109CB0044601294FF000090F
:1020800015D00026DFF8F880012084F85C0018964F
:102090001996216841450ED13A4D0095284605F024
:1020A0009DFF8246206805F099FF60B10EE0022096
:1020B0001CB0BDE8F087206E84F85C6040F0200022
:1020C00020660120F4E7BAF1000F09D0216E4FF02D
:1020D000010941F020002066484684F85C60E7E78B
:1020E00020684146884201D0A84201D1264800E03C
:1020F000264840F61F72D7F800C0254BBCF1000FF0
:1021000023D0D0F808C0D7F804802CF4404C4CEA17
:10211000080CC0F808C0D4F800C08C4501D0AC450C
:1021200007D18968AB6801F0010103F0010319438D
:1021300002E0996801F001010029CDD1BD6839683C
:10214000836829439343194317E0876827F440477E
:10215000876027688F4201D0AF4207D18968AB689A
:1021600001F0010103F00103194302E0996801F055
:1021700001010029B0D1816891438160ACE7000082
:102180000020024000210240002302400063025868
:10219000006002582DE9F84F4FF0000B0446FD4E49
:1021A0000D46CDF800B0DA4690F85C00FA4F0128F1
:1021B00008D04FF0010984F85C90206805F00AFF10
:1021C00018B152E20220BDE8F88F2068B0420DD06D
:1021D0002968C2690B0327D091FAA1F1B1FA81F104
:1021E00001F01F0309FA03F10A43C261D5E90012A5
:1021F0004FF00C0C20681F23C1F384610CEA921C81
:1022000002F01F02604493409140026B9A430A43DC
:102210000263206805F0DEFE8046206805F0D6FEE9
:1022200058EA000003D048E1C1F38461D8E7AA6806
:102230002968206805F0DEFE2068B04204D1C2683B
:102240006969C2F3C1020BE0D44A1268B9EB127F8C
:1022500002D0C168C90605D4C2686969C2F38202A6
:10226000520004E0C268696902F01002520891400D
:102270002A69042A5AD02B6800EB8202B04202F18C
:10228000600207D103F0F8401368084340F00040B3
:10229000106008E0D2F800C003F0F84008430CF0EA
:1022A0000041014311602068B0421CD12A69E969EC
:1022B00000EB8200026E22F080720A43026695F8FB
:1022C000201020682A6901290AD00021B042AAD131
:1022D00000EB8200026E22F000720A430266ECE01C
:1022E0004FF00071F2E795F821102A69012917D003
:1022F0005FF0000100EB8200026E22F000420A4310
:102300000266287E21682A6901280CD000200B690A
:1023100002F01F02904023F4F04202430A61CCE035
:102320004FF00041E6E74FF40060F0E7B04273D1B0
:10233000002105F045FE000320684FF000016DD03C
:1023400005F03EFE90FAA0F0B0FA80F12868020392
:1023500069D090FAA0F0B0FA80F0814204D1002256
:102360002068114605F056FE2068012105F028FE80
:10237000000320684FF0010158D005F021FE90FACB
:10238000A0F0B0FA80F12868020354D090FAA0F0CF
:10239000B0FA80F0814204D120680022012105F0CA
:1023A00039FE2068022105F00BFE000320684FF083
:1023B000020143D005F004FE90FAA0F0B0FA80F1DB
:1023C000286802033FD090FAA0F0B0FA80F0814272
:1023D00004D120680022022105F01CFE20680321A0
:1023E00005F0EEFD000320684FF003012ED005F04C
:1023F000E7FD90FAA0F0B0FA80F1286802032AD035
:1024000090FAA0F0B0FA80F0814256D12068002204
:10241000032105F0FFFD50E020E0FFE705F0D0FDCF
:10242000C0F3846192E7C0F3846096E705F0C8FDCD
:10243000C0F38461A7E7C0F38460ABE705F0C0FD9B
:10244000C0F38461BCE7C0F38460C0E705F0B8FD69
:10245000C0F38461D1E7C0F38460D5E7016E2A78C8
:1024600001F0F841B1EB826F03D1016E21F0004120
:10247000016620682978426E02F0F842B2EB816F63
:1024800003D1416E21F00041416620682978826EB7
:1024900002F0F842B2EB816F03D1816E21F000416E
:1024A000816620682978C26E02F0F842B2EB816F33
:1024B00003D1C16E21F00041C1662068816811F02E
:1024C000010F71D1364AB042EB6829680FD1D0F8BC
:1024D000B0C003F01808C1F3130322FA08F20A404F
:1024E0002CEA030C4CEA020CC0F8B0C00EE0D0F8A5
:1024F000C0C003F01808C1F3130322FA08F20A401F
:102500002CEA030C4CEA020CC0F8C0C02548E9686C
:1025100081427DD1286801031BD090FAA0F1B1FA65
:1025200081F1491C01F01F0109294FEA00313CD813
:10253000002911D090FAA0F1B1FA81F101F1010165
:1025400001F01F0109FA01F209D100BFC0F3846153
:1025500009E0C0F38461E4E7C0F38461EEE790FA38
:10256000A0F1B1FA81F101F1010101F01F0142EA8C
:10257000816102D1C0F3846003E090FAA0F0B0FA68
:1025800080F000F1010000F01F0000EB400041EA84
:10259000005140E000600258002102400010005C41
:1025A000FFFF0F000000FF4765E000290FD000BFCC
:1025B00090FAA0F1B1FA81F101F1010101F01F01DE
:1025C00009FA01F206D100BFC0F3846106E0C0F34E
:1025D0008461F1E790FAA0F1B1FA81F101F1010112
:1025E00001F01F0142EA816102D1C0F3846003E07F
:1025F00090FAA0F0B0FA80F0434A00F1010000F038
:102600001F0000EB400002EB005041EA000100E037
:1026100005E041F00071AA68206805F0EBFCD5F8F0
:1026200000C0BCF1000F26DA384B20683849DFF8CB
:10263000E490984201D0B84201D10A4600E04A46EF
:102640009268984202F0E07201D0B84209D19D68C8
:10265000D7F8088005F0010508F0010845EA0805EB
:1026600002E0B56805F001054DB1216E4FF0010A99
:1026700041F020002066504684F85CB0A3E5264D6A
:10268000AC451CD115021AD4B042F4D1984202D004
:10269000B84200D049468B6842F4000023F0E07253
:1026A00002438A601E491D480968B1FBF0F04000F2
:1026B000801C00E0401E00900028FBD1DBE7194D94
:1026C000AC450CD1D5010AD4B042D4D1984202D045
:1026D000B84200D049468B6842F080700EE0124D3F
:1026E000AC45C8D15502C6D4B042C4D1984202D03C
:1026F000B84200D049468B6842F4800023F0E07273
:1027000002438A60B7E70000000020FE002002407C
:102710000023024000630258000052C7400D03002E
:10272000AC460024000021C3000084CB0068006C8C
:10273000704700002DE9F8434FF0000504002E46D5
:10274000009502D0206E18B108E00120BDE8F883A2
:10275000204600F043F9656684F85C502068816883
:10276000C1F3407119B181688E4A114081602068BF
:102770008168C1F3007181B981688B4A114041F0D1
:10278000805181608A4989480968B1FBF0F0401C9A
:1027900000E0401E00900028FBD120688168C1F352
:1027A000007141B9216E012641F010012166616E70
:1027B00041F00101616605F00DFC216EC90600D4EF
:1027C00020B1206E012640F01000E0E0206E20F4E1
:1027D000807040F00200206620688168754D11F01D
:1027E000010F1ED1744B754A984201D0904207D117
:1027F0009968976801F0010107F00107394302E089
:10280000A96801F0010161B9984201D0904201D15B
:102810006B4800E06B488268616822F47C120A43CE
:1028200082602168A9421FD1637ED4E90207E26B6E
:102830005B033A43082805D00C280FD01C280FD082
:1028400018280FD05FF0000000F00C0794F820006B
:1028500043EA47031A4342EA00400FE00420F3E74B
:102860000820F1E71C20EFE7627E94F82030A7688B
:10287000E06B520342EA03423843104394F82020AD
:10288000012A04D1A28C504B03EB42421043A26AAE
:102890002AB1E36A02F47872024343EA0200CA688A
:1028A000A9420BD1494B1A400243CA602068626BAF
:1028B000016921F040611143016103E0444B1A407A
:1028C0000243CA60206805F085FB0746206805F0D2
:1028D0007DFB07434ED12068A946484506D1217E9D
:1028E00094F83820890341EA420103E0227E216BFB
:1028F00041EA8231C26844F203039A430A43C26048
:1029000094F844000128206803D0016921F00101F6
:1029100022E048450ED1D4E9121CD4E914350269ED
:102920002C4F41EA0C012B433A401943114341F02B
:10293000010111E0D4E91317B4F848C0DFF898801A
:10294000636D026908EB0C4C224D394343EA0C03DA
:102950006D1E2A401943114301612068236C0269EE
:1029600022F070421A4302612068484502D0204696
:10297000FEF752F92069012820680BD0016B21F085
:102980000F010163206E20F0020040F0010020667C
:102990003046DBE6E269016B521E21F00F01114364
:1029A000EFE70000C0FFFF5FC0FFFF7F400D0300A7
:1029B000AC46002400600258002002400021024082
:1029C00000230240006302580000FEFF0740F0FFB2
:1029D00003C0F0FF1FF800FC0100FFFF30B5B5B0E9
:1029E000044614212EA8FDF7B1FFB8216846FDF773
:1029F000ADFF1D492068884233D1022000224FF4E8
:102A00000021009110231446CDE90120CDE90330C7
:102A1000C025059006906846CDE907520992289294
:102A200003F00EF908B1FEF70EFD1048016841F001
:102A300020010160006800F0200033900B4808304E
:102A4000016841F00101016000682EAA032100F035
:102A500001003390202082E8130005482EA901F0E0
:102A6000E5FA35B030BD000000200240D8440258DD
:102A7000000002582DE9F047434D0446006888469F
:102A80004249434BA842DFF80C9101D0484501D19F
:102A90000A4600E01A46926802F01F066269082A98
:102AA00014D0AEB1052E13D0092E11D0A84202D0F9
:102AB000484500D01946886800F4404058B1206E5F
:102AC00040F0200020660120BDE8F087082703E0E1
:102AD000C068C007F2E7042701F0BCFB824618E09B
:102AE000B8F1FF3F15D001F0B5FBA0EB0A0141455D
:102AF00002D8B8F1000F0CD120680068384208D124
:102B0000206E002184F85C1040F004002066032051
:102B1000DAE7206800683842E2D0206E40F40070A6
:102B20002066206805F05EFA80B1607E70B920688A
:102B3000006800070AD5206E20F480702066206EA1
:102B4000C00403D4206E40F0010020662068484590
:102B500001D12A4600E00246824210D07EB1052E05
:102B60000DD0092E0BD0484500D00546E968082F46
:102B700007D0490401D40C2101600020A4E7C168FA
:102B8000F5E70821F8E7000000200240002302409A
:102B900000630258002102402DE9F0413B4D0446FC
:102BA00000683B4FA84201D0B84201D1394900E04A
:102BB0003949896801F01F0605F00CFA18B10221A5
:102BC0000846BDE8F08194F85C0001280CD0012093
:102BD00084F85C002046FEF73BF901004FF000024C
:102BE00004D084F85C20EBE70220EAE7236E40F68D
:102BF000016C206823EA0C03B84243F48073236617
:102C000001D12B4600E00346834200D01EB9236E5B
:102C100023F480132366236EDB0404D5636E23F054
:102C20000603636600E062661C23036084F85C2090
:102C30002068B84201D12A4600E00246824215D0FF
:102C4000A6B1052E12D0092E10D0226EB84242F441
:102C50008012226600D00546E8688001B0D5206E5B
:102C600020F4005040F480502066A9E7C268920129
:102C700005D5226E22F4005242F480522266826808
:102C8000064B1A40121D82609AE7000000200240A5
:102C9000002102400023024000630258C0FFFF7F72
:102CA00010B5044690F85C00012808D0012084F893
:102CB0005C0003212046FEF721F810B10BE0022052
:102CC00010BD2046FEF78CF828B9216E21F48851FA
:102CD00041F001012166002184F85C1010BD000064
:102CE0002DE9F84F044601F0B5FA00903CB194F894
:102CF0003500022806D0802161650020E4E0012033
:102D0000BDE8F88FC74DC74EC64918352068303624
:102D1000DFF81483DFF814938842DFF814A3DFF898
:102D200014B32ED0A8422CD0B0422AD0404528D08F
:102D3000484526D0504524D0584522D0BD4A1832A7
:102D400090421ED0BC4A90421BD0BB4A18329042DF
:102D500017D0B94A3032904213D0B74A4832904225
:102D60000FD0B54A603290420BD0B34A78329042CD
:102D700007D0B14A9032904203D0AF4AA832904275
:102D800009D1026822F01E0202602068426922F026
:102D90008002426103E0026822F00E0202602768AE
:102DA0008F4238464DD0A8424BD0B04249D0404522
:102DB00047D0484545D0504543D0584541D09D4A1D
:102DC000183290423DD09C4A90423AD09A4A1832EA
:102DD000904236D0984A3032904232D0964A4832A9
:102DE00090422ED0944A603290422AD0924A783251
:102DF000904226D0904A9032904222D08E4AA832F9
:102E000090421ED08D4A90421BD08C4A1432904280
:102E100017D08A4A2832904213D0884A3C329042D6
:102E20000FD0864A503290420BD0844A643290428E
:102E300007D0824A7832904203D0804A8C3297423F
:102E400004D1206E026822F4807202607549206805
:102E5000884228D0A84226D0B04224D0404522D073
:102E6000484520D050451ED058451CD071491831D6
:102E7000884218D07049884215D06F49183188426D
:102E800011D06D49303188420DD06B4948318842AC
:102E900009D069496031884205D067497831884254
:102EA00001D065499031016821F0010101600EE017
:102EB00001F0D0F90099401A052808D9202262654E
:102EC0000321002084F8351084F8340017E73868AF
:102ED000C007EDD1534A0121206890422ED0A8426C
:102EE0002CD0B0422AD0404528D0484526D0504565
:102EF00024D0584522D04F4B183398421ED04E4B09
:102F000098421BD04C4B1833984217D04A4B303361
:102F1000984213D0484B483398420FD0464B603309
:102F200098420BD0444B7833984207D0424B9033B1
:102F3000984203D0404BA833984208D194F85C7073
:102F40003F23A06D07F01F07BB40836007E094F8A4
:102F50005C30A06D03F01F0301FA03F343602068A7
:102F600090424DD0A8424BD0B04249D0404547D0C6
:102F7000484545D0504543D0584541D02D4A183298
:102F800090423DD02C4A90423AD02B4A183290427F
:102F900036D0294A3032904232D0274A48329042C5
:102FA0002ED0254A603290422AD0234A783290426D
:102FB00026D0214A9032904222D01F4AA832904215
:102FC0001ED01E4A90421BD01C4A1432904217D089
:102FD0001A4A2832904213D0184A3C3290420FD0FD
:102FE000164A503290420BD0144A6432904207D0B5
:102FF000124A7832904203D0104A8C3290420BD160
:10300000D4E919024260E06E30B1026822F48072A5
:103010000260D4E91C024260002084F8351084F874
:1030200034006DE61000024058000240700002407B
:1030300088000240A00002401004024008540258D8
:103040002DE9F05F28B190F83510022904D08021D5
:1030500041650120BDE8F09F904C904B0168183C01
:1030600018338E4ADFF83C92A1428D4CDFF838E2EB
:103070008E4FDFF83CB2DFF83CA28F4D8F4E31D03F
:1030800091422FD099422DD0A1422BD0494529D031
:10309000714527D0B94225D0DFF810C20CF1180CC9
:1030A00061451FD0DFF808C2ACF1600C614519D052
:1030B000DFF8FCC1ACF1480C614513D0DFF8F0C17A
:1030C000ACF1300C61450DD0DFF8E4C1ACF1180C67
:1030D000614507D0594505D0514503D0A94201D0DB
:1030E000B1422CD1DFF8B4C14FF0040880F835802C
:1030F000ACF1180C61451DD091421BD0994219D0FA
:10310000A14217D0494515D0714513D0B94211D00D
:103110006648183081420DD065486038814209D038
:1031200063484838814205D061483038814201D037
:103130005F481838086820F001000860ABE0D1F85B
:1031400000C02CF00E08DFF854C1C1F80080ACF1CB
:10315000180C0168614527D0914225D0994223D0AF
:10316000A14221D049451FD071451DD0B9421BD085
:10317000DFF838C10CF1180C614515D0DFF830C10B
:10318000ACF1600C61450FD0DFF824C1ACF1480C04
:10319000614509D0DFF818C1ACF1300C614503D0AE
:1031A000DFF80CC1ACF1180CD1F800C02CF0010C08
:1031B000C1F800C0DFF8E4804FF0010C0168A8F10D
:1031C0001808414546D0914244D0994242D0A1428C
:1031D00040D049453ED071453CD0B9423AD0334AFF
:1031E0001832914236D0324A603A914232D0304A57
:1031F000483A91422ED02E4A303A91422AD02C4A57
:10320000183A914226D0594524D0514522D0A9429E
:1032100020D0B1421ED02A4A91421BD0284A1432F3
:10322000914217D0264A2832914213D0244A3C3288
:1032300091420FD0224A503291420BD0204A643240
:10324000914207D01E4A7832914203D01C4A8C32F8
:10325000914218D1016E0A6822F480720A6090F8D7
:103260005C20816D02F01F020CFA02F24A60D0E984
:1032700019124A60C16E31B10A6822F480720A6084
:10328000D0E91C124A600022016D80F835C080F838
:10329000342001B188470020DCE60000280002400D
:1032A000580002407000024088000240A000024026
:1032B0007004024088040240A0040240B8040240A6
:1032C00008540258406D70472DE9FC5F0446F74EE4
:1032D0000020DFF8D88300904FF41652F44808F12C
:1032E0001808A56DDFF8C493DFF8C0A3016809F1E1
:1032F000300920680AF1480AB1FBF2F1B0420191AD
:103300002F68D5F800C0DFF8ACB335D0414688420D
:1033100032D0484530D050452ED058452CD0E549C4
:103320001831884228D0E3493031884224D0E1491D
:103330004831884220D0E04988421DD0DE4918310A
:10334000884219D0DC493031884215D0DA494831F9
:10335000884211D0DFF860E30EF1600E70450BD0AB
:10336000D54A7832904207D0D34B9033984203D05D
:10337000D149A83188427DD194F85C20082102F01F
:103380001F0201FA02F23A424AD0B04232D040451E
:1033900030D048452ED050452CD058452AD0C54A6B
:1033A0001832904226D0C34A3032904222D0C14ACD
:1033B000483290421ED0C04A90421BD0BE4A1832BA
:1033C000904217D0BC4A3032904213D0BA4A4832A9
:1033D00090420FD0B84A603290420BD0B64A783251
:1033E000904207D0B44A9032904203D0B24AA832F9
:1033F000904203D1026802F0040202E0026802F087
:1034000008026AB1026822F00402026094F85C00CB
:1034100000F01F008140A960606D40F00100606510
:1034200094F85C00012100F01F008140394240D037
:103430002068B04234D0404532D0484530D0504565
:103440002ED058452CD09B4A1832904228D0994A09
:103450003032904224D0974A4832904220D0964A47
:1034600090421DD0944A1832904219D0924A30327C
:10347000904200E0AFE113D08F4A483290420FD023
:103480008D4A603290420BD08B4A7832904207D0FE
:10349000894A9032904203D0874AA83290427DD127
:1034A000406910F0800F04D0A960606D40F0020008
:1034B000606594F85C00042100F01F0081403942EF
:1034C0003ED02068B04232D0404530D048452ED062
:1034D00050452CD058452AD0764A1832904226D0F2
:1034E000744A3032904222D0724A483290421ED002
:1034F000714A90421BD0704A1832904217D06E4ADF
:103500003032904213D06C4A483290420FD06A4A0F
:10351000603290420BD0684A7832904207D0664AB7
:103520009032904203D0644AA83290424ED1006853
:1035300010F0020F04D0A960606D40F004006065D7
:1035400094F85C00102100F01F008140394258D0EF
:103550002068B04234D0404532D0484530D0504544
:103560002ED058452CD0534A1832904228D0514A78
:103570003032904224D04F4A4832904220D04E4AB6
:1035800090421DD04C4A1832904219D04A4A3032EB
:10359000904215D0484A4832904200E014E00FD0E3
:1035A000454A603290420BD0434A7832904207D06D
:1035B000414A9032904203D03F4AA832904207D10C
:1035C000006800F0080006E0006872E70068B7E7EE
:1035D000006800F00400A0B1A960206801684903F8
:1035E00004D50068000308D5A16C07E00168C9058F
:1035F00003D4016821F008010160216C09B1204663
:10360000884794F85C00202100F01F008140394277
:1036100079D02068B04232D0404530D048452ED0D5
:1036200050452CD058452AD0224A1832904226D0F4
:10363000204A3032904222D01E4A483290421ED058
:103640001D4A90421BD01C4A1832904217D01A4A89
:103650003032904213D0184A483290420FD0164A66
:10366000603290420BD0144A7832904207D0124A0E
:103670009032904203D0104AA832904203D10068A1
:1036800000F0100002E0006800F00200B0B3A96092
:1036900094F835000428206801680FD049037ED5CE
:1036A000006800032BD4616C2AE000001000024087
:1036B000AC460024700002401004024021F01601C4
:1036C00001602068416921F080014161206C08B9E6
:1036D000A06C20B12068016821F00801016094F815
:1036E0005C303F21012003F01F0300229940A960B4
:1036F00084F8350084F83420216D65E003E0E16B47
:1037000009B120468847606D00287DD0606DC007F4
:1037100059D02068042184F83510B0422BD04045A0
:1037200029D0484527D0504525D0584523D09D491C
:10373000884220D09B49183188421CD099493031A9
:10374000884218D09849884215D097491831884244
:1037500011D09549303188420DD093494831884283
:1037600009D091496031884205D08F49783188422B
:1037700001D08D499031016821F00101016020687C
:103780000099019A491C0091914202D80168C90729
:10379000F6D10068C00710D003200FE0FFE70168F2
:1037A000C905ACD403680121002223F01003036093
:1037B00084F8351084F83420A1E7012084F835001E
:1037C000002084F83400E16C00291DD002B02046AE
:1037D000BDE8F05F0847754988421DD07349143130
:1037E000884219D071492831884215D06F493C313F
:1037F000884211D06D49503188420DD06B496431F7
:10380000884209D0694900E084E07831884203D0D9
:1038100066498C3188427DD194F85C800427016828
:1038200008F01F0807FA08F717EA0C0F009746D0B0
:103830004F0744D500980F04686003D5C8033CD4F3
:10384000A16CC1E7880638D42068B0422DD0554914
:103850006039884229D0484527D0504525D0584561
:1038600023D05049884220D04E49183188421CD07C
:103870004C493031884218D04B49884215D04A49CA
:103880001831884211D04849303188420DD046491C
:103890004831884209D0704507D0904205D09842FF
:1038A00003D04149A831884203D1016821F00801C1
:1038B00002E0016821F004010160216C84E7022725
:1038C00007FA08F717EA0C0F00974ED08F074CD570
:1038D00000980F04686003D5C80344D4616C73E793
:1038E000880640D42068B0422FD02E4960398842E3
:1038F0002BD0484529D0504527D0584525D02949B7
:10390000884222D02749183188421ED025493031BB
:10391000884200E044E018D02349884215D022496B
:103920001831884211D02049303188420DD01E49CB
:103930004831884209D0704507D0904205D098425E
:1039400003D01949A831884203D1016821F014013C
:1039500002E0016821F00A010160012184F83510BC
:10396000002084F83400E16B2EE7082202FA08F206
:1039700012EA0C0F14D0090712D5016821F00E01CC
:10398000016094F85C100120002201F01F0100FA90
:1039900001F16960606584F8350084F8342012E72D
:1039A000BDE8FC9F88000240100402400854025801
:1039B0002DE9F05F044600F04DFC002C07467DD059
:1039C000E24E022120684FF00308DFF884934FF0A5
:1039D0000005DFF880A3B042DFF87CB334D0DB4AC7
:1039E0001832904230D048452ED050452CD0584502
:1039F0002AD0D94A1832904226D0D74A3032904243
:103A000022D0D54A483290421ED0D44A90421BD090
:103A1000D24A1832904217D0D04A3032904213D056
:103A2000CE4A483290420FD0CC4A603290420BD0FE
:103A3000CA4A7832904207D0C84A9032904203D0A6
:103A4000C64AA83290427DD184F83510B04284F83D
:103A500034502ED0BD49183188422AD0484528D04C
:103A6000504526D0584524D0BB491831884220D033
:103A7000B949303188421CD0B7494831884218D002
:103A8000B649884215D0B5491831884211D0B3499A
:103A9000303188420DD0B1494831884209D0AF4910
:103AA0006031884205D0AD497831884201D0AB49B8
:103AB0009031016821F00101016008E025E100BFBB
:103AC00000F0C8FBC01B052801D920211AE120689D
:103AD0000068C007F4D1D4E9020321681034184308
:103AE0008E4694E88410D4E9033809683A431043B9
:103AF0009B4A40EA0C00676918431140103C40EAB9
:103B00000800042F40EA010003D1D4E90B1211434D
:103B100008436168A1F12902052A0BD9163A032A44
:103B200008D9083A012A05D9083A032A02D9743972
:103B3000032901D840F48010CEF800002068676A9D
:103B4000406900E020E0042F20F0070047EA00076A
:103B50000DD1D4E90A01074349B12046FDF738FBEE
:103B600028B140206065012184F83510CDE020683F
:103B700047612046FDF74AFA94F85C203F2102F0A5
:103B80001F029140816055E0764A90421BD0754BF0
:103B90001433984217D0734B2833984213D0714B8B
:103BA0003C3398420FD06F4B503398420BD06D4B43
:103BB0006433984207D06B4B7833984203D0694BFB
:103BC0008C3398427ED184F8351084F83450664B9B
:103BD0000168A26801EA030E402A74D0802A73D0DB
:103BE0005FF00002D4E90378D4E9053142EAD70254
:103BF00042EAD8085B4AD4E9077C48EAD30848EA95
:103C0000D10141EAD701524241EA1C11142341EA91
:103C10000E01016020681044B0FBF3F08000E06505
:103C20002046FDF7F3F994F85C20012102F01F0211
:103C3000914041602068B04257D0444918318842D1
:103C400053D0484551D050454FD058454DD04249AA
:103C50001831884249D040493031884245D03E49E8
:103C60004831884241D03D4988423ED03B491831D5
:103C700088423AD039493031884236D037494831C4
:103C8000884232D03549603188422ED0334978316C
:103C900088422AD031499031884226D02F49A83114
:103CA000884222D02F4988421FD02E4914318842A1
:103CB0001BD02C492831884217D02A493C318842F0
:103CC00013D002E01DE017E018E026495031884289
:103CD0000BD024496431884207D022497831884288
:103CE00003D020498C31884229D12046FDF7E8F9DC
:103CF000A06880280CD00CE0102273E74FF48042BB
:103D000070E74021616584F835800120BDE8F09FAF
:103D10006560216E20790860D4E91901416060680E
:103D2000401E072808D82046FDF718FAE06E056007
:103D3000D4E91C01416002E0E56625676567012062
:103D4000656584F835000020E0E7000010000240BF
:103D5000400002405800024070000240100402403F
:103D60003F8010FE085402580F00FEFF2DE9F84F67
:103D700004008C464FF00000009014D094F83400FA
:103D8000012812D094F835500120002184F8340025
:103D9000012D0CD0C00260650120009084F8341021
:103DA0000098BDE8F88F0120FBE70220F9E78C4D71
:103DB0000226206884F83560A8428A4D61658A4EE3
:103DC0008A4FDFF82C82DFF82C92DFF82CA2DFF884
:103DD0002CB226D0A84224D0B04222D0B84220D063
:103DE00040451ED048451CD050451AD0584518D0E3
:103DF0008349884215D082491831884211D08049C0
:103E0000303188420DD07E494831884209D07C4902
:103E10006031884205D07A497831884201D07849AA
:103E20009031016821F00101016061462046FDF7F3
:103E3000F9F96B49206888422CD0A8422AD0B042B8
:103E400028D0B84226D0404524D0484522D05045FD
:103E500020D058451ED06A4A90421BD0684A18327A
:103E6000904217D0664A3032904213D0644A4832AA
:103E700090420FD0624A603290420BD0604A783252
:103E8000904207D05E4A9032904203D05C4AA832FA
:103E900090420CD1026822F01E0242F0160202602B
:103EA000206C88B12068026842F008020BE00268CA
:103EB00022F00E0242F00A020260206C20B120685B
:103EC000026842F004020260206888424BD0A84297
:103ED00049D0B04247D0B84245D0404543D048458C
:103EE00041D050453FD058453DD0454A90423AD008
:103EF000434A1832904236D0414A3032904232D052
:103F00003F4A483290422ED03D4A603290422AD0F9
:103F10003B4A7832904226D0394A9032904222D0A1
:103F2000374AA83290421ED0364A90421BD0354ABA
:103F30001432904217D0334A2832904213D0314A7B
:103F40003C3290420FD02F4A503290420BD02D4A33
:103F50006432904207D02B4A7832904203D0294AEB
:103F60008C3290420DD1206E0268D20303D50268D4
:103F700042F480720260E06E18B1026842F480720E
:103F800002602068884226D0A84224D0B04222D0C5
:103F9000B84220D040451ED048451CD050451AD0CC
:103FA000584518D01649884215D01549183188420D
:103FB00011D01349303188420DD01149483188421F
:103FC00009D00F496031884205D00D4978318842C7
:103FD00001D00B499031016841F001010160DFE639
:103FE00010000240280002404000024058000240F9
:103FF0007000024088000240A0000240B800024069
:10400000100402400854025870B5044600F022F92A
:104010000546601C02D004480078044400F01AF9F8
:10402000401BA042FAD370BDA04600242DE9F84FF2
:1040300003247A4D00234FF001094FF0B04B4FF0AD
:104040000F0AE4E009FA03F6324078D00F7907F05E
:104050000307012F01D0022F1AD187684FEA430EC0
:10406000D1F80CC004FA0EF827EA08070CFA0EFC87
:104070004CEA070CC0F808C0476891F804C0B74381
:10408000CCF3001C0CFA03FC4CEA070CC0F804C08B
:104090000E79F643B6070BD0C6684FEA43088F681F
:1040A00004FA08FC26EA0C0607FA08F73743C7604B
:1040B0000E7906F00306022E12D1DE080F694FEAD0
:1040C000437C00EB8606B646366A4FEADC6C0AFA99
:1040D0000CF807FA0CF726EA08063743CEF82070EA
:1040E0000F7906684FEA430807F0030704FA08FC53
:1040F00007FA08F726EA0C06374307604E6816F4FD
:10410000403F1CD0464E376847F00207376036689C
:104110009F0706F00206009623F0030606F1B0465C
:10412000B6463F0FD6F80864DFF8F8800AFA07FCB5
:10413000404526EA0C0603D14FF0000C3AE065E05A
:10414000DFF8E4C0604502D14FF0010C32E0DFF847
:10415000DCC0604502D14FF0020C2BE0DFF8D0C08C
:10416000604502D14FF0030C24E0DFF8C8C0604581
:1041700002D14FF0040C1DE0DFF8BCC0604502D155
:104180004FF0050C16E0DFF8B4C0604502D14FF0E7
:10419000060C0FE0DFF8A8C0604502D14FF0070C15
:1041A00008E0DFF8A0C0604502D14FF0090C01E043
:1041B0004FF00A0C0CFA07FC4CEA060CCEF808C4C7
:1041C0004F68DBF80060FF0226EA020600D51643BE
:1041D0005F46CBF80060D1F804C0DBF804605FEA0A
:1041E0008C2C26EA020600D516437E606E684F6866
:1041F00026EA0206BF0300D516436E602E684F689C
:1042000026EA0206FF0300D516432E605B1C0A68EF
:1042100032FA03F67FF416AFBDE8F88F800000583D
:10422000F4440258000002580004025800080258E2
:10423000000C0258001002580014025800180258CE
:10424000001C0258002402580AB181617047090419
:10425000FBE700000148806870470000A04600248A
:10426000024881680278114481607047A0460024AA
:10427000032010B500F0CAF802F022FB0F4A1049E3
:1042800014681368C4F3032203F00F038A5CC95C4B
:1042900002F01F0201F01F01D0400A4A20FA01F18A
:1042A0001160094908600F2000F010F808B10120E2
:1042B00010BD00F04DF8002010BD00001844025859
:1042C00074240108B0460024AC46002410B5102820
:1042D00004468AB02AD200220146A12000F076F8D6
:1042E000A12000F065F8154804601548016841F008
:1042F00080710160006808A900F08070099068462C
:1043000002F06AFA02F0CAFA0E49400000220E4C8E
:10431000B0FBF1F10D4840F2E7330460C0E903322D
:10432000491EC0E9011203F086FC10B101200AB059
:1043300010BD064803F0B2FCF9E70000A4460024D3
:10434000EC44025840420F0000E00040CC5C0024E6
:10435000074882B0016841F0020101600068002254
:104360000F2100F002000090901E02B000F02EB865
:10437000F4440258002809DB410900F01F028900BB
:10438000012001F1E0219040C1F88002704700282F
:104390000DDB410900F01F028900012001F1E0213D
:1043A0009040C1F88001BFF34F8FBFF36F8F70470C
:1043B000002809DB410900F01F028900012001F1FA
:1043C000E0219040C1F80001704700000E4BF0B4AE
:1043D0001B680D46C3F30223C3F10706042E00D960
:1043E0000426191D072901D2002300E0DB1E012449
:1043F00004FA06F19C40491E2940641E994014406D
:104400002143F0BC07F05ABF0CED00E0064900F074
:10441000070210B54FF6FF040868044B204040EA3D
:1044200002201843086010BD0CED00E00000FA0502
:104430002DE9F04F02688346FE484FF0000A8DB028
:104440000C468242564602D10025012001E001259A
:104450000020E8460027814607EB47017F1C08EB58
:10446000C101F8B204F0EAF820B108204FF0010AC7
:10447000CBF85400FFB2022FEED3BAF1000F7CD17B
:10448000DFF8B0E3DEF80000C00707D0DEF8001068
:1044900046F0010621F00101CEF80010E648006860
:1044A000C00706D0E44846F00206016821F0010189
:1044B000016005EB45030C93E048424608EBC3035B
:1044C000DFF87CB30121DC469F6800EB8707D7F853
:1044D000008428F48078C7F80084DBF80070FF07B8
:1044E00032D0DCF80070B9F1010F27F00107CCF8E9
:1044F00000705CD1069B00EB8303D3F8007447F097
:104500000207C3F80074079B3BB100EB8303D3F8A9
:10451000007447F02007C3F80074099B4BB121EAEF
:10452000030300EB8303D3F8047447F48027C3F834
:1045300004740A9BDBB321EA030700EB8703D3F87B
:10454000047447F0806730E00C9F52F8377077B3FF
:1045500000EB8707D7F800C42CF0010CC7F800C4A3
:104560005F683FB100EB8707D7F800C42CF0100C50
:10457000C7F800C4D3F80CC000E057E1BCF1000F4D
:1045800009D021EA0C0700EB8707D7F804C42CF404
:10459000803CC7F804C41B694BB121EA030700EB58
:1045A0008703D3F8047427F08077C3F8047409EB09
:1045B0004903D4F800C0CDF830C0914652F83370AA
:1045C000BC4518D009EBC302D4F804C0D2F804806B
:1045D000C44510D0D4F808C0D2F80880C4450AD029
:1045E000D4F80CC0D2F80C80C44504D0D4F810C064
:1045F0001269944551D10C9ABA4219D109EBC30200
:10460000D4F804C0D2F80480C44511D1D4F80CC049
:10461000D2F80C80C4450BD1D4F810C0126994456F
:1046200006D1DBF8003043F00103CBF8003034E072
:1046300000EB870709EBC302D7F8003423F001032E
:10464000C7F8003453683BB100EB8303D3F8007420
:1046500027F01007C3F80074936800EB8303D3F8C6
:10466000007427F48077C3F80074D3684BB121EA53
:10467000030700EB8703D3F8047427F48037C3F8EB
:10468000047412694AB121EA020300EB8302D2F8F2
:10469000043423F08073C2F80434A3685A4600EB54
:1046A0008303D3F8007427F4407747EA452747F49B
:1046B0008077C3F80074DBF800C063695F1ECCF339
:1046C000074C674508D95F4FD2F800C007EB034796
:1046D0002CF47F033B4313601268D207226800EB7F
:1046E0008202D2F800343FD023F003035B1CC2F8EF
:1046F000003462684AB100EB8202D2F8003423F041
:10470000300343F01003C2F80034E268D3030AD543
:1047100021EA020300EB8302D2F8043423F4E023FD
:1047200043F480330AE05AB121EA020300EB83022A
:10473000D2F8043423F0E06343F08073C2F8043409
:104740002269D30307D5914300EB8100D0F804140C
:1047500021F4E0214AE0EAB3914300EB8100D0F874
:10476000041421F0E0614EE001EB450723F0030360
:104770003B43C2F8003462685AB100EB8202D2F8BF
:10478000003423F0300343EA451343F01003C2F82A
:104790000034E268D3030CD521EA020300EB830264
:1047A000D2F8043423F4E02343EA854343F480330E
:1047B0000CE06AB121EA020300EB8302D2F8043470
:1047C00023F0E06343EA856343F08073C2F8043466
:1047D000226900E01BE0D3030BD5914300EB81007D
:1047E000D0F8041421F4E02141EA854141F440313C
:1047F0000BE062B1914300EB8100D0F8041421F08A
:10480000E06141EA856141F04071C0F80414F007AD
:1048100005D0DEF8001041F00101CEF80010B0071D
:1048200004D50548016841F0010101600DB0504612
:10483000BDE8F08F0050005200A0005200B00052BE
:1048400000B400520000FFFFF8B500250446FFF752
:1048500001FD064624B100206065206D10B170E0B6
:1048600001256EE0204600F073F841F28830A06523
:10487000258A6FF0FF012268D4F814C00F02636B21
:1048800007EB0545E06801EB0C27D4F81CC0184382
:1048900093683D432D4F28433B4040EA0C001843AA
:1048A00090602068236AC26822F4E0221A43C26042
:1048B0002368228EA06B40EA024018612268E06BF8
:1048C0005061D4E90003026801EB032322F4F8519C
:1048D00019430160A06D002220213346009020463C
:1048E00003F01AFF05002CD12068626AC168521ECD
:1048F00021F0FF011143C1602068A268016821F026
:104900004001114301602068D4E90A12D0F808314F
:10491000114323F0A0421143C0F808112068016838
:1049200041F001010160A069022804D1206881687A
:1049300041F002018160E068B0F1806F03D0022095
:1049400020652846F8BD0120FAE70000F4F8E0F8F9
:104950002DE9F043B5B0044614216846FBF7F6FF95
:10496000B82106A8FBF7F2FF4749206888427DD1AD
:10497000002019904FF000710446CDE9061006A8FA
:1049800001F05EF908B1FCF75EFD4048016841F4B2
:1049900000110160016801F400110591016841F402
:1049A00000210160006800F40020059037480C30B9
:1049B000016841F001010160016801F00101059108
:1049C000016841F002010160016801F002010591F6
:1049D000016841F010010160016801F010010591CA
:1049E000016841F00801016000680225092700956F
:1049F00000F00800DFF89880032603966946CDE9A9
:104A00000470CDE901544046FFF710FB06210294E3
:104A10000820CDE90361CDE9000569464046FFF76E
:104A200005FB0121DFF86C9002AA4FF00408CDE9E4
:104A300000156946484682E85001FFF7F7FA02AAD6
:104A40006946484682E8D000CDE90085FFF7EEFAD6
:104A50000B2111484FF40068CDF80080CDE90361C7
:104A6000CDE901546946FFF7E1FA00E008E002AA47
:104A70000A48694682E8D000CDE90085FFF7D6FAFA
:104A800035B0BDE8F083000000A00052D4440258C5
:104A9000000002580004025800100258000C02588E
:104AA00001680123C0F80035002280F8F4248869E9
:104AB000044A40F000608861486D1043486500205A
:104AC000704700000300001070470068416200203A
:104AD0007047F0B503685D6A39B19F6A4C1E0020CB
:104AE0004FF4827605EB17450BE045EA02409862E9
:104AF00010E0471C06EB800053F800C0F8B205EB4D
:104B00001C45A042F5D34FF4807000EB810045EACC
:104B100002421A500020F0BDD0F8080506F003BB91
:104B200001EBC10200EB8202D0F80805926C06F09E
:104B300056BA01EBC10200EB8202D0F80805D2F8A8
:104B4000882206F0A8BAD0F8080506F0EEBA0A06E0
:104B500001F00F0101EBC10100EB810101D53C31F6
:104B600001E001F51F71006807F0DAB901F00F02EA
:104B70000B0670B502EBC20104464FF001004FF086
:104B8000000504EB810103D581F83D003C3103E0D1
:104B900081F87D5201F51F710A7094F8BC24012A36
:104BA00008D084F8BC04206806F0D6FE002084F803
:104BB000BC5470BD022070BD70B54268044601F05F
:104BC0000F00904201D9012070BD01F00F024FF09B
:104BD00000050B0602EBC2014FF0010204EB81015C
:104BE00003D581F83D203C3103E081F87D5201F589
:104BF0001F718D70087094F8BC04012808D084F8E7
:104C0000BC24206807F018F8002084F8BC5470BD5C
:104C1000022070BD01F00F0101EBC10100EB81002A
:104C2000D0F8900270472DE9F04101F00F060446DC
:104C30000D064FF0010006EBC6014FF0000504EB36
:104C4000810103D581F83D003C3103E081F87D52BC
:104C500001F51F714F788A600B710E7007B14E839A
:104C6000022B00D14D7194F8BC24012A09D084F89C
:104C7000BC04206806F0BEFD284684F8BC54BDE89C
:104C8000F0810220FBE770B501F00F05002405EB71
:104C9000C50100EB810101F5227181E81C0001F8DA
:104CA0000B4C01F80C5DC368012B00D1CA61027B7B
:104CB000006807F019F8002070BD70B50D46416816
:104CC000044605F00F00884201D9012070BD290675
:104CD0004FF000064FF0010207D500EBC00104EBD6
:104CE000810181F83D203C3107E005EBC50104EB73
:104CF000810181F87D6201F51F718A70087094F856
:104D0000BC04012807D084F8BC24206806F0C0FF4A
:104D1000280702D007E0022070BD217B04F2C442C4
:104D2000206806F05DFF002084F8BC6470BD70B59B
:104D300001F00F04002504EBC401012600EB810102
:104D4000483181E82C0001F80B6C01F80C4DC36868
:104D5000012B00D1CA61027B006806F0C5FF00206C
:104D600070BD00002DE9FC5F05680446284607F089
:104D700078F900287ED1206807F09FF9002879D0C3
:104D8000D5F80808C0F30D20C4F8FC04206807F02B
:104D900094F9800704D52068416901F0020141615E
:104DA000206807F08AF9C10604F2C440009034D5A7
:104DB0002068816921F0100181612F6A07F00F01DD
:104DC000C7F3434001EBC101022804EB810606F55D
:104DD0001F7602D0062811D01AE047F6F07007427D
:104DE00016D0C7F30A12F1681746284607F069F98A
:104DF000F16870693944F160384408E0009908228C
:104E0000284607F05EF97069C7F30A11084470611B
:104E10002068816941F010018161206807F04DF937
:104E200000034FF0000A4FF0020B4FF001097CD550
:104E30002068002607F020F9074674E0F80770D0D4
:104E40002068F1B207F031F98046C00707D005EBC2
:104E50004611C1F8089B3146204603F087FC5FEA03
:104E6000087025D505EB46110820C1F8080BFC4950
:104E7000206800E042E2026C00EB461001928A4298
:104E8000D0F8081B05D9090403D54FF40041C0F838
:104E9000081B204600F01AFBF1490198884207D907
:104EA000E068012804D120680121009A06F098FEEC
:104EB0005FEAC86004D505EB46111020C1F8080B65
:104EC0005FEA88701CD56869000605D5D5F8040826
:104ED00040F48061C5F8041806EBC60004EB8000BE
:104EE00090F87F1200F51F70012905D180F803A00A
:104EF0002046F1B200F008FA05EB4611C1F808BBF4
:104F00005FEA886004D505EB46112020C1F8080B44
:104F10005FEA884005D505EB46114FF40050C1F813
:104F2000080B7F08761C002F88D1206807F0C5F891
:104F300040036FD5206807F098F80026074667E021
:104F4000F80763D02068F1B207F09DF88046C007EB
:104F500023D0D5F8342806F00F0C05EB461309FAD8
:104F60000CF08243C5F83428C3F80899E06801289A
:104F70000FD106EBC60004EB8000D0E911121144FA
:104F8000816436B9E06C20B920680121009A06F0EE
:104F900027FE2046F1B2FFF7C3FD5FEA087004D593
:104FA00005EB46110820C1F808095FEAC86004D57E
:104FB00005EB46111020C1F808095FEA486004D5E6
:104FC00005EB46114020C1F808095FEA887016D544
:104FD0003146284607F018F806EBC60004EB8000BF
:104FE00090F83F103C30012905D180F803A02046FD
:104FF000F1B200F085F905EB4611C1F808B95FEA96
:10500000086003D53146204603F016FC7F08761C65
:10501000002F95D1206807F050F8002811DAD5F854
:10502000040820F00101C5F8041894F8F4040128DC
:105030003BD0204600F02EFA2068416901F0004183
:105040004161206807F039F800050BD5D5F808084C
:10505000C00702D0204600F061FA2068416901F4DF
:1050600000614161206807F028F800010AD5206836
:10507000416901F00061416194F8F404E0B1204617
:1050800000F04CFA206807F018F8C00472D5D5F883
:10509000040820F00101C5F804182068102106F06A
:1050A000B3FF00214FF67F322DE00021204684F827
:1050B000F4A4FFF709FDBFE784F8F4942068406D7D
:1050C0000121C0F38300C4F8F8042046FFF7FCFC7C
:1050D000D8E700BF05EB4110C0F80829D0F8003927
:1050E00023F40013C0F80039C0F8082BD0F8003BB7
:1050F00023F40013C0F8003BD0F8003B43F00063FA
:10510000C0F8003B491C60688842E3D8D5F81C0809
:1051100040F00111C5F81C18206B68B1D5F884085F
:1051200040F00B01C5F88418D5F8440840F00B0195
:105130002846C5F844180DE0D5F8140842F22B01B2
:105140000843C5F81408D5F8100840F00B012846AC
:10515000C5F81018D0F8000820F4FE61C5F8001852
:10516000217B2068009A06F03BFD2068416901F42C
:1051700080514161206806F0A0FF800417D52068A7
:1051800006F078FB206806F05FFF206101F052FB1B
:10519000217C2368CAB20146184606F0F3FF204678
:1051A00000F062F92068416901F400514161206812
:1051B00006F083FF000707D5204600F06FF920684E
:1051C000416901F008014161206806F076FF0006A0
:1051D00016D5A869012620F08001A9610DE000BF65
:1051E00006EBC60004EB800090F87F02012803D193
:1051F0002046F1B2FFF7ABFC761C6068B042EFD8F6
:10520000206806F05AFFC00221D501264F4616E05D
:1052100006EBC60105EB461004EB8101D0F800094E
:1052200091F84020012A09D1002807DAF0B281F86C
:105230003F7040F080012046FFF789FC761C6068D3
:10524000B042E5D82068416901F4801141612068CD
:1052500006F033FF800234D501204B4629E00000E0
:105260000A30544F00EBC00205EB401104EB820200
:10527000D1F8001B92F88062012E19D1002917DAAB
:1052800094F8FC6401F4803106F00106B1420FD1BC
:1052900082F87F32A96941F08002AA616969090632
:1052A00006D4D5F8040840F40070C5F8040803E0FB
:1052B000401C61688142D5D82068416901F4001121
:1052C0004161206806F0F9FE400007D52046FFF74F
:1052D00023FC2068416901F080414161206806F0AB
:1052E000ECFE40070AD520684568680702D52046CD
:1052F000FFF729FC2068416829434160BDE8FC9F15
:10530000D0F8080505F06ABFD0F8080505F07ABFA7
:105310002DE9F04104008AB005D094F8BD040025C1
:10532000266820B108E001200AB0BDE8F0812046DF
:1053300084F8BC5400F066F8032084F8BD04F06BD8
:10534000C00500D4E560206806F044FC04F11001BB
:10535000684628228846FBF7BFFA94E80F0006F05B
:1053600097FA0227D8BB2068002106F0CAFE002069
:10537000012610E000EBC001421C04EB810181F822
:105380003D6081F840504D648D64CD6481F83C00EF
:10539000A1F85600D0B261688142EBD8002011E03C
:1053A00000EBC001421C04EB810181F87D5281F8C1
:1053B0008052C1F88452C1F88852C1F88C5281F8E9
:1053C0007C02D0B261688142EAD828224146684610
:1053D000FBF782FA94E80F0006F040FB10B184F866
:1053E000BD74A0E7606A84F8385084F8BD64012871
:1053F00002D12046FFF754FB206806F021FB002075
:1054000092E7000010B5B0B00446B8216846FBF73B
:105410009DFA13492068884220D100204FF4802152
:105420004FF440122192CDE90010684600F008FCCC
:1054300008B1FCF708F800F0B3F80A48016841F039
:105440000071016000680022052100F000702E90BC
:105450004D20FEF7BBFF4D20FEF7AAFF30B010BD78
:1054600000000440D844025870B504460069012584
:1054700070B1022801D0FBF7E6FFD4F808052946F1
:1054800005F02FFFD4F80805BDE8704005F0E3BE35
:105490000025F2E7D0F8080505F00CBFD0F80805A4
:1054A00005F012BF10B5044690F8BC0401280BD0DB
:1054B000012084F8381084F8BC04206806F050FEFF
:1054C000002084F8BC0410BD022010BDD0F80825CF
:1054D00000F2C441104605F010BF10B590F8BC149E
:1054E00004460068012909D0012184F8BC14C16B6D
:1054F000C90509D4A16A012902D005E0022010BD26
:10550000816B41F480318163206806F058FD20688A
:1055100006F088FA002084F8BC0410BD10B50446DB
:10552000D0F8080505F02BFF2068D0F8001E41F0E8
:105530000101C0F8001E206A002804D0024801685A
:1055400041F00601016010BD10ED00E0134970B597
:105550000A68D243520705D5096801F00701814264
:1055600013D118E00A6822F0070202430A60FEF72E
:1055700071FE0A4D4FF47A760446083D07E000BFFD
:10558000FEF768FE001BB04201D9012070BD2868FB
:10559000C0438004F4D4002070BD00000C480258C1
:1055A0000248016841F08071016070470C48025860
:1055B00010B501F03FF905490968054AC1F3021128
:1055C000515C01F01F01C84010BD0000204402588A
:1055D000742401084A4930B5494C0B1D0A680C3443
:1055E00009681D68246802F0030305F00102C1F395
:1055F0000511C4F3CC04002914FB02F200EE102ABA
:10560000F8EE400A76D0414A9FED3E1ADFED3E1A91
:10561000B7EE000A23B1012B5AD0022B18D15CE05F
:10562000374C283C23689B0612D5394B246801EE81
:10563000901A1168C4F3C104F8EE612AE34001EE48
:10564000903AC1F30801F8EE611A81EEA22A07E050
:1056500002EE101A1168F8EE422A81EEA22A45E005
:1056600001EE901A1168F8EE611A40EE811A71EE9F
:10567000800A62EE200AC1F3462101EE101AB8EE4C
:10568000411A31EE001AC0EE811ABCEEE11A80ED2B
:10569000001A1168C1F3064101EE101AB8EE411A62
:1056A00031EE001AC0EE811ABCEEE11A80ED011A4B
:1056B0001168C1F3066101EE101AB8EE411A31EE1D
:1056C000000A80EE801ABCEEC10A80ED020A30BDED
:1056D00001EE901ADFED0F2A03E001EE901ADFEDE4
:1056E0000E2A1168F8EE611A82EEA12AC1F30801B0
:1056F000B6E7FFE7002101604160816030BD000036
:1057000028440258000000390024744C30440258E8
:105710000090D0030024744A001BB74B494930B5B0
:10572000484C0B1D0A68143409681D68246802F08F
:105730000303C5F30012C1F30531C4F3CC040029FF
:1057400014FB02F200EE102AF8EE400A75D03F4A30
:105750009FED3D1AB7EE000A6BB1DFED3D1A012B4C
:1057600001D0022B64D002EE101A1168F8EE422A22
:1057700081EEA22A21E0334C283C23689B0612D5F7
:10578000344B246801EE901A1168C4F3C104F8EE9A
:10579000612AE34001EE903AC1F30801F8EE611A84
:1057A00081EEA22A0BE001EE901ADFED2B2A00BF5A
:1057B000F8EE611A116882EEA12AC1F3080101EE28
:1057C000901A1168F8EE611A40EE811A71EE800AA3
:1057D00062EE200AC1F3462101EE101AB8EE411A1A
:1057E00031EE001AC0EE811ABCEEE11A80ED001A0B
:1057F0001168C1F3064101EE101AB8EE411A31EEFC
:10580000001AC0EE811ABCEEE11A80ED011A11688F
:10581000C1F3066101EE101AB8EE411A31EE000A2A
:1058200080EE801ABCEEC10A80ED020A30BD04E0B1
:1058300001EE901ADFED092ABAE70021016041600C
:105840008160F3E7284402580000003938440258C8
:105850000024744A0090D0030024744C001BB74B02
:10586000494930B5484C0B1D0A681C3409681D684D
:10587000246802F00303C5F30022C1F30551C4F309
:10588000CC04002914FB02F200EE102AF8EE400AC4
:1058900075D03F4A9FED3D1AB7EE000A6BB1DFEDC0
:1058A0003D1A012B01D0022B64D002EE101A1168B0
:1058B000F8EE422A81EEA22A21E0334C283C2368EC
:1058C0009B0612D5344B246801EE901A1168C4F37C
:1058D000C104F8EE612AE34001EE903AC1F30801F9
:1058E000F8EE611A81EEA22A0BE001EE901ADFEDCC
:1058F0002B2A00BFF8EE611A116882EEA12AC1F3CB
:10590000080101EE901A1168F8EE611A40EE811A52
:1059100071EE800A62EE200AC1F3462101EE101AF0
:10592000B8EE411A31EE001AC0EE811ABCEEE11A4F
:1059300080ED001A1168C1F3064101EE101AB8EEAD
:10594000411A31EE001AC0EE811ABCEEE11A80ED68
:10595000011A1168C1F3066101EE101AB8EE411A7E
:1059600031EE000A80EE801ABCEEC10A80ED020A18
:1059700030BD04E001EE901ADFED092ABAE70021FC
:10598000016041608160F3E728440258000000395B
:10599000404402580024744A0090D0030024744C00
:1059A000001BB74B2DE9F04FA14A0546DFF87CA25A
:1059B00080F48070DFF8809289B013119F4C084307
:1059C0009C48AAF104064FF0805C4FF0005828D0A4
:1059D000DFF858B285F480670F430BF1080B4FD006
:1059E00085F400670F4360D085F480570F4372D071
:1059F00085F400570F434FF480394FF4003E69D0CF
:105A000085F400270F4373D085F480370F4370D09F
:105A100085F480460E436DD085F400420A436AD077
:105A20002AE0DAF8001001F00701052924D2DFE8A6
:105A300001F0F9AA6A259F0006A8FFF7CBFD079899
:105A400009B0BDE8F08F6846FFF768FE0098F7E7F9
:105A500003A8FFF705FF0398F2E72068C0F3C10031
:105A600022FA00F0ECE72268D2056ED561456CD1D0
:105A70001846E5E74145E3D00020E1E74846DFE787
:105A8000DBF8001001F46001B1F5800F3BD005DCBC
:105A900000294AD0B1F5001FEED174E0B1F5C00F76
:105AA000ECD0B1F5000FE7D162E0DBF8001001F0B7
:105AB000E061B1F1007F26D004DCB1B3B1F1807FA9
:105AC000DAD160E0B1F1407FD8D0B1F1806FD3D1AD
:105AD0004EE000E01BE0DAF8001001F4E041B1F51F
:105AE000005F10D008DC01B3B1F5805FC4D14AE09B
:105AF00035E058E065E088E0B1F5405FBED0B1F533
:105B0000804FB9D134E020688000B5D5A0E7DAF83D
:105B1000001001F4E021B1F5403F6DD006DC61B129
:105B200049457BD07145A7D158E07BE0B1F5802F86
:105B300066D0B1F5A02F9FD10DE000F09DFE7FE76C
:105B40006846FFF7EBFD01987AE728E003A8FFF726
:105B500087FE049874E7216889038AD48CE7DBF810
:105B6000001011F440310ED0494510D0714583D159
:105B70003168256801F040516D077FF574AF002949
:105B80007FF471AF69E720680001E7D55BE7206823
:105B90008000E3D503A8FFF763FE059850E722686D
:105BA0009203DBD566E7306810F480303AD0484580
:105BB000D4D120680001D1D56846FFF7AFFD029827
:105BC0003EE7DBF8001001F0E041B1F1405F13D097
:105BD00008DC71B1614521D04145BFD1206880000A
:105BE000B4D449E7B1F1804F0AD0B1F1A04FB2D09F
:105BF00042E7FFF7DDFC23E720684007AED52CE73E
:105C00002068C005AAD533E708E0DAF8001011F0E3
:105C10004051A0D0614505D041459FD12068000189
:105C20008ED429E72068800198D505E750440258B2
:105C30000090D00300366E010080BB000044025883
:105C40002DE9FE4F0546DFF800A450F8081B00249C
:105C5000FD4FC943019005F1280026460AF1240AA8
:105C6000009008011DD4686E50B1B0F5801F0CD0B3
:105C7000B0F5001F0ED0B0F5401F1ED001240FE07C
:105C8000386840F40030386017E00198022102F0D3
:105C900025FE03E00098022102F0B0FE04000CD0C3
:105CA00026462888C043C00523D4A86D05281ED2E7
:105CB000DFE800F00C11161B1B006A6EDAF800100A
:105CC00021F440111143CAF80010EAE7386840F4A3
:105CD0000030386009E00198002102F0FFFD03E088
:105CE0000098002102F08AFE0446C4B100E00124BD
:105CF00026462888DFF85083C04308F12C08400569
:105D00002FD4D5F8A400B0F5C00F28D010DCB8B15E
:105D1000B0F5001F19D0B0F5800F0FD11AE0AA6DB1
:105D2000DAF8001021F007011143CAF80010E0E78B
:105D3000B0F5000F13D0B0F5200F10D001240FE004
:105D4000386840F40030386009E00198002102F022
:105D5000C5FD03E00098002102F050FE044694B116
:105D600026462888C043000530D4D5F8A800B0F1F5
:105D7000407F29D011DCC0B1B0F1807F1AD0B0F1E2
:105D8000007F10D11BE0D5F8A420D8F8001021F432
:105D900060011143C8F80010E3E7B0F1806F13D041
:105DA000B0F1A06F10D001240FE0386840F400304B
:105DB000386009E00198002102F090FD03E00098AE
:105DC000002102F01BFE044694B126462868DFF845
:105DD00078B2C0430BF1200B80011FD4E86CD8B11E
:105DE00010280FD0202812D0302815D0012414E01C
:105DF000D5F8A820D8F8001021F0E0611143C8F8C8
:105E00000010E3E7386840F40030386004E001989F
:105E1000022102F063FD044674B126462888C0437F
:105E2000C0042BD4E86DB0F5005F20D00DDCA0B12C
:105E3000B0F5805F0FD115E0EA6CDBF8001021F0BF
:105E400030011143CBF80010E8E7B0F5405F13D004
:105E5000B0F5804F10D001240FE0386840F40030D6
:105E6000386009E00198002102F038FD03E0009855
:105E7000002102F0C3FD04468CB126462888C043A9
:105E8000800429D4286EB0F5403F23D010DC08B33D
:105E9000B0F5803F14D0B0F5003F0FD115E0EA6DAA
:105EA000DAF8001021F4E0411143CAF80010E5E7E8
:105EB000B0F5802F0ED0B0F5A02F0BD001240AE052
:105EC0000198012102F00AFD03E00098012102F08F
:105ED00095FD044694B126462888C04340042AD440
:105EE000D5F8AC00B0F1405F23D010DC08B3B0F1BE
:105EF000805F14D0B0F1005F0FD115E02A6EDAF8A0
:105F0000001021F4E0211143CAF80010E4E7B0F1D9
:105F1000804F0ED0B0F1A04F0BD001240AE00198C1
:105F2000012102F0DBFC03E00098012102F066FD94
:105F3000044674B126462888C04300041FD4E86E86
:105F4000D8B1B0F1805F0ED0B0F1005F10D0012465
:105F500014E0D5F8AC20D8F8001021F0E04111434E
:105F6000C8F80010E7E7386840F40030386004E013
:105F70000198012102F0B2FC044674B1264628685B
:105F8000C043C0011ED4A86CD0B101280ED0022895
:105F900011D0032814D0012413E0EA6EDAF80010BF
:105FA00021F040511143CAF80010E8E7386840F486
:105FB0000030386004E00198022102F08FFC0446B2
:105FC0006CB126462868C043400255D41F4801687A
:105FD00041F480710160FEF73DF981460EE0AA6C44
:105FE000DBF8001021F003011143CBF80010E9E7C2
:105FF000FEF730F9A0EB090064283BD8134800688D
:10600000C005F5D5BCBBDFF84090B5F8B01009F17C
:106010004409D9F8000001F4407100F4407088424E
:1060200011D0D9F80010D9F8002021F4407142F4C1
:106030008032C9F80020D9F8002022F48032C9F853
:106040000020C9F8001003E02C4402580048025810
:10605000D5F8B000B0F5807F19D1FEF7FBF80290BB
:1060600011E000BFFEF7F6F80299411A41F28830BC
:10607000814208D9032426462878DFF81494C043C7
:10608000C00721D03CE0D9F800008007EAD5D5F858
:10609000B010C1F301200328FE480DD0016821F49F
:1060A0007C510160B5F8B020D9F80010C2F30B02A2
:1060B0001143C9F80010DFE7F74A036802EA11123A
:1060C00023F47C511143ECE7A86F182816D005DCA7
:1060D000A0B1082808D0102804D10AE020280DD04B
:1060E00028280BD001240AE00198012102F0F6FBD8
:1060F00003E00098012102F081FC044664B12646C9
:106100002878C04380071ED4686F062819D2DFE8BC
:1061100000F0160C11161616AA6FD9F8001021F00F
:1061200038011143C9F80010EAE70198012102F093
:10613000D5FB03E00098012102F060FC04467CB12D
:1061400000E0012426462878C04340071FD4D5F834
:106150009000062819D2DFE800F0160C111616166A
:106160006A6FD9F8001021F007011143C9F8001037
:10617000E9E70198012102F0B1FB03E00098012159
:1061800002F03CFC0446A4B100E001242646287835
:10619000C04380062BD4D5F88C00B0F1405F24D0EA
:1061A00011DC10B3B0F1805F15D0B0F1005F10D1F9
:1061B00016E0D5F89020D8F8001021F0070111431F
:1061C000C8F80010E3E7B0F1804F0ED0B0F1A04F57
:1061D0000BD001240AE00198002102F07FFB03E0CC
:1061E0000098022102F00AFC044694B12646287861
:1061F000C04340062BD4D5F89800B0F5406F24D0AA
:1062000011DC10B3B0F5806F15D0B0F5006F10D170
:1062100016E0D5F88C20D9F8001021F0E0411143A8
:10622000C9F80010E3E7B0F5805F0ED0B0F5A05FCD
:106230000BD001240AE00198002102F04FFB03E09B
:106240000098022102F0DAFB044694B12646287831
:10625000C04300062BD4D5F89C00B0F5C04F24D025
:1062600011DC10B3B0F5005F15D0B0F5804F10D140
:1062700016E0D5F89820D8F8001021F4E051114329
:10628000C8F80010E3E7B0F5004F0ED0B0F5204F8E
:106290000BD001240AE00198002102F01FFB03E06B
:1062A0000098022102F0AAFB044654B12646287841
:1062B000C04300071ED4D5F88000B0F5805F0AD037
:1062C0000FE0D5F89C20D8F8001021F4604111436C
:1062D000C8F80010EBE70098022102F08FFB00B134
:1062E0000126D5F88020D9F8001021F4405111433F
:1062F000C9F800102878C043C00613D4D5F894001C
:10630000B0F5807F05D10098022102F077FB00B143
:106310000126D5F89420D8F8001021F440711143DB
:10632000C8F800102868C043000316D4D5F8A000B0
:1063300038B1B0F5803F09D0B0F5003F0BD0012453
:106340000AE00198002102F0C9FA03E00098022156
:1063500002F054FB04468CB126462868C043400333
:1063600022D4D5F88400B0F5801F11D0B0F5001FFD
:1063700013D0B0F5401F15D0012414E0D5F8A020AB
:10638000D8F8001021F440311143C8F80010E4E7B8
:10639000386840F40030386004E00098012102F0D1
:1063A0002DFB04465CB126462868C043C0031CD4BC
:1063B000286D70B1B0F5803F10D0012414E0D5F8FD
:1063C0008420D9F8001021F440111143C9F80010BD
:1063D000EAE7386840F40030386004E001980221B0
:1063E00002F07CFA0446DCB126462868C0438000EF
:1063F00005D40098022102F001FB00B101262868B3
:10640000C04380031BD4E86FB8B1B0F5807F10D0D3
:10641000B0F5007F11D0B0F5407F0ED001240DE023
:106420002A6DDBF8001021F480311143CBF8001005
:10643000DBE7386840F4003038607CB326462868D3
:10644000C043C00207D42A6FDAF8001021F00041DF
:106450001143CAF800102868C043800207D4AA6E0E
:10646000DAF8001021F080711143CAF80010286892
:10647000C043400009D40748016821F4004101608D
:106480000168D5F8B420114301602868C04306E0D4
:106490005444025810440258CFFFFF001DE007D4B7
:1064A0006A6DDBF8001021F040511143CBF8001069
:1064B0002868C043000208D4D5F88820D9F8001015
:1064C00021F440011143C9F8001028790024C04389
:1064D00000F00100204309D00EE0EA6FD9F8001067
:1064E00021F440711143C9F80010A8E70198002178
:1064F00002F0F4F900B106462879C04300F002002A
:10650000204305D10198012102F0E8F900B10646C7
:106510002879C04300F00400204305D101980221EE
:1065200002F0DCF900B106462879C04300F008000B
:10653000204305D10098002102F060FA00B1064620
:106540002879C04300F01000204305D100980121B4
:1065500002F054FA00B106462879C04300F020004A
:10656000044304D10098022102F048FA00B916B1A0
:106570000120BDE8FE8F0020FBE700002DE9F05F61
:1065800004000F467ED0DFF83882D8F8000000F013
:106590000F00B8420CD2D8F8001021F00F01394397
:1065A000C8F80010D8F8000000F00F00B84269D118
:1065B0002078844D40070AD52069296801F07001D0
:1065C000884204D9296821F07001014329602078AC
:1065D0007C4E361D00070AD56069316801F07001F4
:1065E000884204D9316821F070010143316020787C
:1065F000C0060AD5A069316801F4E061884204D977
:10660000316821F4E061014331602078DFF8B4B1F2
:1066100080060BF1080B0CD5E1695846DBF8002029
:1066200002F07002914204D9026822F070020A431B
:106630000260207880070AD5E068296801F00F0120
:10664000884204D9296821F00F010143296020788C
:10665000C0073ED05B49A2682868183920F47060F2
:10666000104328606068022818D0032819D00968F0
:10667000012819D0490700294ADADFF848A1AAF110
:10668000080A00E044E0DAF8002022F007020243A2
:10669000CAF80020FDF7DEFD814612E00968890393
:1066A000E9E709688901E6E7C905E4E7FDF7D2FDF6
:1066B000A0EB090141F28830814202D90320BDE8F4
:1066C000F09F6168DAF8000000F03800B0EBC10F0D
:1066D000ECD1207880070AD5E068296801F00F0125
:1066E000884204D2296821F00F0101432960D8F8BB
:1066F0000010404601F00F01B9420BD9016821F0AA
:106700000F0139430160006800F00F00B84201D06A
:106710000120D4E7207840070AD52069296801F0D4
:106720007001884204D2296821F070010143296078
:10673000207800070AD56069316801F0700188424D
:1067400004D2316821F07001014331602078C00625
:106750000AD5A069316801F4E061884204D2316849
:1067600021F4E06101433160207880060CD5E169B5
:106770005846DBF8002002F07002914204D2026811
:1067800022F070020A43026000F09AF80E492A686B
:106790002B68C2F3032203F00F038A5CC95C02F08A
:1067A0001F0201F01F01D040084A20FA01F11160D8
:1067B0000749086007480068BDE8F05FFDF786BD3F
:1067C000002000521844025874240108B0460024E6
:1067D000AC460024A446002470B5144C3F2202604D
:1067E000124A24680832131D114D04F00704446056
:1067F00016681C1D06F470668660166806F00F06A3
:10680000C660126802F0700202611A6802F070023B
:1068100042611A6802F4E0628261226802F070024A
:10682000C261286800F00F00086070BD1044025873
:106830000020005230B500F043F80B4A0B490C4BD6
:1068400015681468C5F3032204F00F048A5C095D1F
:1068500002F01F0201F01F01D040064A20FA01F1A8
:1068600019601060084630BD1844025874240108AD
:10687000B0460024AC46002400B5FFF7DBFF054915
:106880000968054AC1F30211515C01F01F01C840BB
:1068900000BD00001C4402587424010800B5FFF735
:1068A000C9FF05490968054AC1F30221515C01F09D
:1068B0001F01C84000BD00001C4402587424010898
:1068C000454970B545480968434B103B11F0380203
:1068D00008D00111082A03D0102A0BD0182A0BD097
:1068E000084670BD19688906FBD51968C1F3C10156
:1068F000C84070BD3A4870BD3749374D18310C1D3E
:1069000024350A68096826682D6802F0030406F039
:106910000102C1F30511C5F3CC0515FB02F200EE2F
:10692000102AB8EE400AE9B32F4ADFED2E0AB7EE7F
:10693000001A6CB1DFED2D1A012C01D0022C43D0CE
:1069400002EE101A1068F8EE422A81EEA22A1EE02A
:106950001C68A40611D51B6801EE901A1168C3F3D8
:10696000C103F8EE612AD84001EE900AC1F3080095
:10697000F8EE611A81EEA22A0BE001EE901ADFED2B
:106980001C2A00BFF8EE611A106882EEA12AC0F33B
:10699000080001EE900AF8EE611A40EE201A31EE7E
:1069A000810A00E015E022EE000A1068C0F34620DC
:1069B000401C00EE900AF8EE600A80EE201ABCEE51
:1069C000C10A10EE100A70BD01EE901ADFED092A1F
:1069D000D8E7002070BD0000104402580090D0039A
:1069E00000366E0100000039304402580024744A19
:1069F0000024744C001BB74B2DE9F05F04007DD0E0
:106A0000FF4F2078FE4D1837DFF8F483103DC007A4
:106A100048D0D8F80000396800F03800102815D0A8
:106A2000182803D101F0030002280FD06068B0F5E8
:106A3000803F12D010B1B0F5A02F18D0286820F4F4
:106A400080302860286820F4802009E028688003CE
:106A500028D560680028D2D024E0286840F480302F
:106A60002860606888B1FDF7F5FB064609E02868F4
:106A700040F480202860F0E7FDF7ECFB801B6428E1
:106A80007ED828688003F7D50CE0FDF7E3FB0646C7
:106A900005E000BFFDF7DEFB801B6428F0D8286806
:106AA0008003F7D42078800756D5D8F80000DFF8A7
:106AB0005093396810F03800A9F10C090ED018284D
:106AC00001D188070AD0E068A8B3296821F019012C
:106AD00001432960FDF7BEFB064628E02868400711
:106AE00002D5E06800288AD0E168286820F0190003
:106AF00008432860FDF7AEFB064606E0D2E000BF83
:106B0000FDF7A8FB801B0228BAD828684007F7D5F4
:106B1000217CD9F8002022F0FE4242EA0161C9F846
:106B2000001019E0FDF796FB801B0228A8D8286802
:106B30004007F7D5ECE7FFE7286820F00100286060
:106B4000FDF788FB064604E0FDF784FB801B022866
:106B500096D828684007F7D42078C00646D5D8F8DC
:106B60000000DFF89C92396800F03800A9F10409B0
:106B7000082812D0182805D101F00300012800E0F0
:106B8000CEE00AD0E0690028286820D040F08000DC
:106B90002860FDF75FFB064615E02868C00502D5B2
:106BA000E06980287ED194F82010D9F8002022F0E6
:106BB0007C5242EA0161C9F8001017E0FDF74AFB78
:106BC000801B0228A0D82868C005F7D5EBE720F085
:106BD00080002860FDF73EFB064604E0FDF73AFB27
:106BE000801B022890D82868C005F7D420780007B9
:106BF00029D583486169643000298146016811D034
:106C000041F001010160FDF725FB064605E000BFEC
:106C1000FDF720FB801B022888D8D9F800008007E8
:106C2000F6D510E021F001010160FDF713FB0646E7
:106C300005E000BFFDF70EFB801B022870D8D9F8D5
:106C400000008007F6D42078800623D5A0690028AC
:106C5000286810D040F480502860FDF7FBFA064603
:106C600005E000BFFDF7F6FA801B022858D8286817
:106C70008004F7D50EE020F480502860FDF7EAFA92
:106C8000064604E0FDF7E6FA801B022848D828688B
:106C90008004F7D42078400751D5DFF86891D9F8FF
:106CA000001000E015E141F48071C9F80010FDF713
:106CB000D1FA064605E000BFFDF7CCFA801B642838
:106CC0002ED8D9F80000C005F6D54D4EA068603624
:106CD00001280AD008B1052813D0306820F001003F
:106CE0003060306820F0040002E0306840F00100BD
:106CF0003060A06841F2883A98B1FDF7ABFA81465E
:106D00000AE0306840F004003060EEE7FDF7A2FAD8
:106D1000A0EB0901514503D830688007F6D50EE095
:106D200072E0FDF797FA814606E000BFFDF792FAA0
:106D3000A0EB0901514567D830688007F6D4606A36
:106D400000287CD0DFF8B8A0D8F800100AF1200A9B
:106D50004FF6F87B0AF10408C1F3C2010329AAF136
:106D600004096DD00228286820F08070286003D0C4
:106D7000FDF770FA044681E0FDF76CFA064604E080
:106D8000FDF768FA801B022875D828688001F7D4BF
:106D9000E26A40F2F331386854F8283F884340EA09
:106DA000021018433860217B4FF4FE0C22894FF00B
:106DB000FE47208A4902267D521E401EA1F5007121
:106DC00089B2C2F308021143761E0CEA0040014367
:106DD000484607EA06621143CAF80010D9F80010C5
:106DE00021F00101C9F80010D8F80030266A23EA22
:106DF0000B0343EAC601C8F80010D9F8001004E0FC
:106E0000104402580048025835E0A26921F00C01F4
:106E10001143C9F800100168E26921F00201114331
:106E20000160016841F480310160016841F4003182
:106E30000160016841F480210160016801E06CE0BB
:106E400020E041F001010160286840F08070286076
:106E5000FDF700FA044604E0FDF7FCF9001B0228E8
:106E600009D828688001F7D557E000BFFDF7F2F98F
:106E7000001B022802D90320BDE8F09F286880018A
:106E8000F4D44AE039680128DAF8000021D0A26A77
:106E900001F0030393421CD1E26AC1F305118A4257
:106EA00017D1216BC0F30802491E8A4211D1616BD0
:106EB000C0F34622491E91420BD1A16BC0F306429A
:106EC000491E914205D1E16BC0F30660491E814223
:106ED00001D00120D0E7A16C4646D8F80000C0F3ED
:106EE000CC00814219D0D9F800004D4620F00100B5
:106EF000C9F80000FDF7AEF94FEA0007FDF7AAF95F
:106F0000B842FBD0A26C306820EA0B0040EAC20015
:106F10003060286840F0010028600020ACE70000E5
:106F20002DE9F843044690F8800001284BD04FF03B
:106F3000010884F88080072245F6C05184F881203A
:106F400064223F4800260068B0FBF1F050430090F7
:106F500020680168890523D5016921F008010161D4
:106F600020680099491E009130D001690907F8D4C2
:106F7000016841F48061016020680099491E009118
:106F80002BD001688905F8D4816941F400618161E1
:106F900020680099491E009126D041690905F8D45E
:106FA0002068402700258068000426D5A06F20B304
:106FB0000565A06FFBF794FEF8B1A06FFCF782F9AE
:106FC000202818D019E00220BDE8F883D4F88410F6
:106FD00041F04001C4F88410CAE7D4F8841041F0AD
:106FE0004001C4F88410CFE7D4F8840040F040009A
:106FF000C4F88400D4E7C4F8847020688068400432
:107000000DD5E06F58B10565E06FFBF769FE30B153
:10701000E06FFCF757F9202801D1C4F884702046AE
:1070200002F042F9D4F88400400601D5012601E0BF
:10703000C4F8845084F8805084F881803046C3E7D7
:10704000AC460024074988420BD1074948780028FC
:1070500007D04868002804D002228A60114607F051
:10706000EFB87047445B0024044600242DE9F04744
:1070700004460068002103694269876894F88160CA
:1070800000F130095FEA025C03EA02050AD51A073B
:1070900008D5816941F400618161204600F07DFAE4
:1070A000BDE8F08715F0600F08D1680706D5616F5D
:1070B00020468847216F20468847012105F041007E
:1070C000012805D1680703D4216F20468847012194
:1070D00005F02200022806D1680704D4616F20461B
:1070E000BDE8F04708470029DAD128074FF001082A
:1070F0005BD52068816941F0080181612068816960
:1071000041F0100181612068816941F40061816171
:107110002068016921F0080101612068806810F48D
:10712000404F20D023E0E0680F2806D92068616E28
:10713000006B0860606E001D0FE0072806D9B9F8E3
:107140000000616E0880606E801C06E02068616E41
:1071500090F830000870606E401C6066B4F86A00F9
:10716000401EA4F86A00B4F86A000028DBD120466B
:1071700002F0D4F884F88180D4F8840018B1204655
:10718000FFF760FF8CE7052E07D0042E09D0032EF1
:1071900086D1204600F026FD82E7204600F03FFD24
:1071A0007EE7204600F0F8F97AE715F4587FE9D039
:1071B00068060AD5D4F8840040F00400C4F88400BE
:1071C0002068816941F040018161A8050AD5D4F8A1
:1071D000840040F00100C4F884002068816941F413
:1071E00000718161E8050AD5D4F8840040F00800F8
:1071F000C4F884002068816941F480718161A80627
:107200000AD5D4F8840040F08000C4F884002068D7
:10721000816941F020018161D4F884000028B1D057
:10722000206840F26B32C7F381310368032923F0F1
:10723000010101602068016921EA0201016102D0B7
:1072400084F881809BE72068104D816821F44041DB
:107250008160E06F50B10565E06FFBF7F1FE28B18A
:10726000D4F8840040F04000C4F88400A06F0028E7
:1072700088D00565A06FFBF7E3FE00288CD0D4F81A
:10728000840040F04000C4F8840009E7D993000866
:107290002DE9F047040029D0594A4FF00009206831
:1072A000584B594D9042C4F8289006D0984204D0CB
:1072B000A84202D0E1680F2918D8E1684FF0010A0E
:1072C000E76B0831C9080AEB57167143904205D0A5
:1072D000984203D0A84201D0082907D8904203D091
:1072E000984201D0A84204D1102902D90120BDE85A
:1072F000F08794F8810020B9204684F8809000F04F
:1073000085F8022084F881002068016821F00101DD
:1073100001602068A1698268B1F1806F02F4F81100
:1073200010D16268B2F5800F01D01AB10AE0A26BE9
:1073300022B107E0A26BB2F1805F03D1026842F490
:10734000805202606068400209D5E068072806D3D1
:107350002068236D026822F480721A4303E02068DB
:10736000026822F480720260A66AE069E26B256816
:107370003043E3680A4310431843A860D4E90D0280
:10738000D4E90581636A25691843D4F820C00A430B
:10739000266810432843A56DD4E90172D4E912315F
:1073A00040EA080040EA0C00384308431043184301
:1073B0002843F060606868B92068816821F4C05192
:1073C00041F4006181602068816821F4C06141F46A
:1073D000806181602068016D21F0010101656068B4
:1073E000400206D52068626DC16821F0004111435A
:1073F000C160C4F8849084F881A0002077E7000081
:107400000030014000380040003C00402DE9F047CA
:10741000B4B0064614212EA8F9F798FAB8216846A8
:10742000F9F794FA5649022730680024524D4FF07C
:107430000308DFF848A188424FF005095CD18114A8
:1074400017940020CDE900106846FEF7F9FB08B15B
:10745000F9F7F9FF48481030016841F480510160A4
:10746000006800F480503390286840F008002860DD
:10747000286800F008003390286840F00200286077
:1074800028688021CDE92E1700F002004D46CDE995
:1074900030482EA9CDE932903A48FCF7C7FD0821C3
:1074A0005046CDE92E17CDE930482EA93295FCF78C
:1074B000BDFD354D40223548262101C50315D002BA
:1074C00085E81600C5E903346C61C5E90640281F4C
:1074D0002C622D1FFCF76CFA08B1F9F7B4FFB56701
:1074E00000220521AE632320FCF770FF2320FCF768
:1074F0005FFF34B0BDE8F08725498842F9D1811497
:1075000017940020CDE900106846FEF799FB08B1FA
:10751000F9F799FF18480830016841F4804101608B
:10752000006800F480403390286840F00400286030
:10753000286800F004003390286840F002002860BA
:10754000286830AA45464E4600F0020033900620D7
:10755000CDE92E0782E870000E482EA9FCF766FDE3
:107560004FF4005030AACDE92E072EA9504682E8EC
:107570007000FCF75BFDBCE7E044025800040258D1
:1075800000300140000C0258545C002410000240FE
:107590000038004000080258704770472DE9FC5F32
:1075A0000446006817468A460021994694F88020D0
:1075B00000F1200B0191012A0DD04FF0010884F851
:1075C0008080FCF747FE064694F8810000250128DC
:1075D00004D0022034E00220BDE8FC9FBAF1000F85
:1075E0002DD067B3A1680320C4F85CA0A4F8607034
:1075F00084F88100C4F88450A4F862706566A4F829
:107600006850A4F86A50B1F5C02F656725672068F7
:1076100019D0C16821F4C02141F40031C160206853
:1076200041686FF30F01394341602068016841F000
:10763000010101606068B0F5800F09D00DE0012004
:1076400084F88050C8E7016841F400610160E6E712
:107650002068016841F400710160E0680F281CD8BF
:1076600020E02068416989070BD5E16D0968016256
:10767000E06D001DE065B4F86200401EA4F86200F1
:107680000BE0FCF7E7FD811B494503D3B9F1FF3F50
:1076900003D099E0B9F1000F30D0B4F862000028AF
:1076A000DFD177E007282DD870E02068416989078D
:1076B0001CD5B4F8621001290BD9E16B49B1E16D19
:1076C00009680162E06D001DE065B4F86200801E8B
:1076D00009E0E06D0188ABF80010E06D801CE0650A
:1076E000B4F86200401EA4F862000BE0FCF7B2FDA3
:1076F000811B494503D3B9F1FF3F03D064E0B9F1E1
:10770000000F61D0B4F862000028CED142E02068BA
:10771000416989072ED5B4F8621003290CD9E16BB1
:10772000402909D9E16D09680162E06D001DE0653D
:10773000B4F86200001F1AE0B4F8621001290CD9F5
:10774000E16B51B1E06D0188ABF80010E06D801C79
:10775000E065B4F86200801E09E0E16D097880F808
:107760002010E06D401CE065B4F86200401EA4F8F3
:1077700062000BE0FCF76EFD811B494503D3B9F1B4
:10778000FF3F03D020E0B9F1000F1DD0B4F8620034
:107790000028BCD100224B4608212046009601F06B
:1077A00057FE28B1D4F8840040F02000C4F88400CB
:1077B000204601F0B3FD84F88180D4F8840084F879
:1077C000805080B1012007E7204601F0A7FDD4F8E2
:1077D000841084F8805041F48071C4F8841084F8D7
:1077E00081800320F8E60198F6E62DE9FF4F83B08B
:1077F00090F880100446006801294FF00001109FA6
:107800001D46019100F1200100F1300093460291E4
:1078100000900ED04FF0010A84F880A0FCF71AFD0A
:1078200094F88110804600202E46012905D00221BF
:1078300033E0022007B0BDE8F08F049961B3BBF1DB
:10784000000F29D045B30521814684F88110C4F882
:107850008400C4F864B0A4F86A50A4F8685004998D
:10786000E165A4F86250A4F8605020676067206862
:10787000C16821F4C021C160206841686FF30F0125
:10788000294341602068016841F00101016060689E
:10789000B0F5800F05D009E0012184F8800008468A
:1078A000C8E72068016841F400710160E0680F28B2
:1078B00030D841E02068416989070DD565B1E16D97
:1078C00009680162E06D001DE065B4F86200401EC9
:1078D000A4F86200B4F8625048F2080220684169D6
:1078E00011420DD066B1006B616E0860606E001DC4
:1078F0006066B4F86A00401EA4F86A00B4F86A60D2
:10790000FCF7A8FCA0EB0800B84202D3781C01D019
:1079100004E01FB155EA0600CCD187E0204601F013
:10792000FDFCD4F8842084F8809042F48071C4F87F
:10793000841084F881A043E0072830D873E02068E1
:10794000406980070ED56DB1E06D01880298018015
:10795000E06D801CE065B4F86200401EA4F862008F
:10796000B4F8625020684069C0070ED06EB100982C
:107970000188606E0180606E801C6066B4F86A00E9
:10798000401EA4F86A00B4F86A60FCF763FCA0EB40
:107990000800B84202D3781C01D004E01FB155EAB8
:1079A0000600CCD142E0204601F0B8FCD4F8842097
:1079B00084F8809042F48070C4F8840084F881A038
:1079C000032037E72068416989070ED56DB1E16D65
:1079D000097880F82010E06D401CE065B4F8620082
:1079E000401EA4F86200B4F8625020684169C907DB
:1079F0000ED06EB190F83000616E0870606E401C61
:107A00006066B4F86A00401EA4F86A00B4F86A60C0
:107A1000FCF720FCA0EB0800B84202D3781C02D08F
:107A20007CE7002FFCD055EA0600CBD100223B4674
:107A300008212046CDF8008001F00AFD28B1D4F8D5
:107A4000840040F02000C4F88400204601F066FC69
:107A500084F881A0D4F8841084F8809009B10120C2
:107A6000E8E60198E6E600002DE9F041044690F8CA
:107A700080001646012809D094F8810001270025CE
:107A800084F88070012804D0022035E00220BDE88F
:107A9000F08181B37EB3A2680320E165A4F8606041
:107AA00084F88100C4F88450A4F862606566656754
:107AB0002567A4F86850A4F86A50B2F5C02F206872
:107AC0001DD0C16821F4C02141F40031C0F80C1070
:107AD000E1684FF480420F2903D9A06F806990427A
:107AE00009D1A06F07294FF400530DD9806998423E
:107AF0001BD0904219D0012084F88050C7E701685C
:107B000041F400610160E3E78169994205D1B4F86D
:107B10006210491C4908A4F86210806990420ED195
:107B2000B4F86200C01C800807E00F2907D8904213
:107B300005D1B4F86200401C4008A4F86200A06FB0
:107B400025490164A16F2548C863A16F2448C86412
:107B5000A06F05652068816821F400418160B4F858
:107B600062302268E16DA06F2032FCF7FFF858B157
:107B7000D4F88410384684F8805041F01001C4F8DD
:107B8000841084F8817082E7A06FC069B0F5807FAF
:107B9000206841686FF30F0100D0314341602068D5
:107BA000816841F4004181602068016941F44871B5
:107BB00001612068016841F0010101606068B0F571
:107BC000800F04D12068016841F4007101602846EB
:107BD00084F880505BE700001F9400082994000897
:107BE000F39300080B4910B5884211D10A4C607814
:107BF00000280DD0606800280AD0012006F054F853
:107C00000120A06001466068BDE8104006F018BB86
:107C100010BD0000445B00240446002470477047F8
:107C2000024A136883430B431360704704040058EF
:107C300070477047704710B5040003D094F83D00BA
:107C400010B107E0012010BD002084F83C00204660
:107C500000F022F8022084F83D002068211D02F087
:107C600005FD012084F8480084F83E0084F83F00B8
:107C700084F8400084F8410084F8420084F843000E
:107C800084F8440084F8450084F8460084F84700EE
:107C900084F83D00002010BD7047000090F83D10B2
:107CA000012901D0012070471A4A022180F83D10B5
:107CB0000168CB6843F00103CB60006890421AD0A2
:107CC000B0F1804F17D01449884214D0134988422C
:107CD00011D0134988420ED0124988420BD0124964
:107CE000884208D01149884205D01149884202D003
:107CF0001049884207D181680F4A1140062906D0F1
:107D0000B1F5803F03D0016841F00101016000201E
:107D100070470000000001400004004000080040DF
:107D2000000C0040000401400018004000400140E9
:107D300000E0004000E4004007000100704770B51B
:107D40000446006800250169C943890715D4C16844
:107D5000C943890711D4EA1E0261012121772068F5
:107D600080698007204602D0FFF7E8FF04E000F0BA
:107D7000A7F8204600F0A5F8257720680169C943D7
:107D8000490717D4C168C943490713D402216FF0CA
:107D90000402026121772068806910F4407F204648
:107DA00002D0FFF7CBFF04E000F08AF8204600F095
:107DB00088F8257720680169C943090716D4C16886
:107DC000C943090712D404216FF008020261217728
:107DD0002068C0698007204602D0FFF7AFFF04E0AB
:107DE00000F06EF8204600F06CF8257720680169F5
:107DF000C943C90617D4C168C943C90613D40821A9
:107E00006FF01002026121772068C06910F4407F92
:107E1000204602D0FFF792FF04E000F051F8204620
:107E200000F04FF8257720680169C943C90708D1D8
:107E3000C168C943C90704D1891E0161204600F009
:107E400041F820680169C943090609D4C168C943DA
:107E5000090605D46FF0800101612046FFF7E9FEB5
:107E600020680169C943C90509D4C168C943090625
:107E700005D46FF4807101612046FFF7D9FE2068B8
:107E80000169C943490609D4C168C943490605D4F3
:107E90006FF040010161204600F01EF82068016982
:107EA000C94389060BD4C168C943890607D46FF05A
:107EB000200101612046BDE87040FFF7BBBE70BDE8
:107EC0007047704700680349884201D1FCF7C8B980
:107ED0007047000000E000407047FEE786B01421C4
:107EE0006846F8F733FD254C40F2FF77244800211F
:107EF0003A46FAF76DF838B1A06A401CA0624FF418
:107F0000FA7006F085F8F1E701261D48FAF744FEFD
:107F100020B91B480221FAF7ADFD60B11848FAF705
:107F2000BFFEA06A401CA062FCF794F901466846B7
:107F300001F000FD1CE01248FAF7F8FB85B210488A
:107F4000FAF7AEFE6563FCF785F9024629466846F6
:107F500001F0FBFC8DF8140050B10A48002305A97C
:107F60001A46006806F010F910B1E06A401CE062A1
:107F70000A2006F04DF8002EC7D1B7E7C84301200C
:107F8000785A002400460024F0B500230A251C4638
:107F90003026372711E000BFB5EB107F02D906EB82
:107FA000107C01E007EB107C01F813C001EB430CDF
:107FB00000015B1C8CF80140DBB29342ECD3F0BDB6
:107FC00000EB8100006E00F0F84070478068C0F35D
:107FD000C00070478068C0F3800070478068C0F3BD
:107FE00080007047C06810F4406F01D000207047D7
:107FF0000120704710B5042404EAD1540723C1F3CB
:10800000045120448B408A404169994311434161A6
:1080100010BD000000EB8101034B51F8600F20F010
:1080200000401043086070470060025830B58DB0C2
:1080300023A227A12AA001F0B7FA00246846242130
:1080400009940A940B94F8F781FC2B480425294BDA
:108050004FF4101201210360C0E90124C0E9044576
:1080600004764476C16180F820408462C46204636F
:10807000C463046480F844408164FAF75BFB08B190
:10808000F9F7E1F91C4809A90994F9F7EFFF08B1DC
:10809000F9F7D9F91948062140F2FF7203928DE8E9
:1080A000230015486946CDE904548DF82140FAF7BC
:1080B00071F8002801D0F9F7C6F90DB030BD000005
:1080C000444953504C41592046495820303400000F
:1080D0004C434420504F4C4C494E47204F4B0000DE
:1080E00041444320494E495449414C495A494E471D
:1080F0000000000000200240785A00240000B84F21
:10810000094808B5016841F00101016000680022DA
:10811000052100F0010000900B20FCF757F9BDE8A5
:1081200008400B20FCF744B9D844025810B501F0C0
:10813000B7F9164A0021164806F00AF9154C002135
:10814000124A24326060144806F002F90F4A0021F6
:10815000A0601248483206F0FBF80C4A0021E060AB
:108160000F48243A06F0F4F82060616829B1A1684C
:1081700019B1E16809B1002806D10A490420C86391
:10818000BDE81040F9F75FB910BD000000240108F8
:10819000D5A40008144600241D8B0008DD7E0008CD
:1081A0001D850008C84301202DE9F04F87B0142138
:1081B0006846F8F7CBFB4E48016841F004010160C6
:1081C000016801F004010591016841F0800101603E
:1081D000016801F080010591016841F00101016031
:1081E000016801F001010591016841F0020101609F
:1081F000016801F002010591016841F01001016080
:10820000016801F010010591016841F00801016069
:1082100000680122DFF8DCB04EF2290100F008000E
:1082200005905846FCF710F840F602473248002205
:108230003946FCF709F84FF400483048012241461E
:10824000FCF702F84FF480592B4801224946FBF70E
:10825000FBFF4FF4806A2A4800225146FBF7F4FFE7
:108260000024694601254FF460400090CDE9015497
:1082700058460394FBF7DAFE032669462920CDE928
:108280000005CDE902465846FBF7D0FE0097694647
:10829000CDE9015418480394FBF7C8FE4FF4A050F1
:1082A0006946CDE9000415480294FBF7BFFECDF8FE
:1082B00000806946CDE9015410480394FBF7B6FEEF
:1082C0000D486946CDE90095CDE90256FBF7AEFEB3
:1082D000CDF800A06946CDE9015409480394FBF7A5
:1082E000A5FE0021E806FFF79BFC07B0BDE8F08F74
:1082F000E0440258000802580004025800100258D6
:10830000000C025870B586B01BA21FA122A001F07C
:108310004BF918216846F8F719FB25480822234D28
:108320000021012417238160D606E0E803520425CA
:1083300080E81A0000F11403C0E9031483E8620026
:108340000162C0E90912C16201631948FCF77CFAB5
:1083500008B1F9F778F84FF0011041F28832694618
:108360000094CDE902401248FCF762F8002801D0E1
:10837000F9F769F806B070BD444953504C41592093
:1083800046495820303400004C434420504F4C4C58
:10839000494E47204F4B0000464C41534820494E20
:1083A000495449414C495A494E47000000A00052E7
:1083B000E85A00242DE9F041174C4FF48002174988
:1083C00007255311D6006EC4002017014FF0805CC2
:1083D00084E88110E060110220616061A061C4E95D
:1083E0000810A062E06220636063A063E063206421
:1083F0006064143C0848FEF74BFF08B1F9F723F816
:108400004FF0004060652068C16841F00041C160E4
:10841000BDE8F04101F0A2B8445B00240030014007
:108420002DE9F04117A21BA11EA001F0BDF82448C0
:1084300007264FF08042DFF884C000215511056106
:108440001311C0E90216C0E90721416217128162C7
:108450009411C162C0E90D21C1630164416481646A
:10846000C164016541658165C0E90543C0E900C794
:10847000FEF70EFF002803D0BDE8F041F8F7E3BF98
:10848000BDE8F081444953504C4159204649582099
:10849000303400004C434420504F4C4C494E472050
:1084A0004F4B0000494D552053504920494E4954E7
:1084B00049414C495A494E470000000000380040ED
:1084C000CC5B002410490122104810B502F062FD77
:1084D00008B1F8F7B8FF0E490C4802F07BFF08B16D
:1084E000F8F7B1FF0B49094802F0FAFA08B1F8F7BA
:1084F000AAFF064802F0F4FF08B1F8F7A4FFBDE8B0
:108500001040FDF74DB8000024460024185D0024FB
:108510008C4700248C460024FEE7000096B03821EA
:108520006846F8F713FA05F09FFD4FF06409B0FBB9
:10853000F9F606B901263D4801F094FB3B4869462F
:1085400001F084FB01F0BCF8074601F0CFF9089078
:108550006FB3FBF77FFE804605F07FFD044668465B
:1085600006F0DCFC344405F078FD201A002802DC1B
:1085700005F073FD8419204605F058FD0EA801F0A2
:1085800045F9F8B1FBF766FE0546149840071DD57E
:108590000C9800229FED260A401C0C90234811469F
:1085A00001F0A6FB2148694601F050FB2DE00B9835
:1085B000401C0B90684606F0B1FC05F055FD05F037
:1085C00027FDB8E701F092F90890F0E7A5EB080065
:1085D00000EE100ADFED170A144811AAB8EE400A9F
:1085E0000EA920EE200A01F083FB80460F48694661
:1085F00001F02CFBB8F1000F04D00A980995401C3B
:108600000A9002E00C98401C0C900A98A846B0FB17
:10861000F9F209FB120018B9002007F0F1FA0D90E9
:10862000684606F07BFC002F9CD184E74459002467
:10863000000000006F12833AFEE70000F0B503006F
:108640004FF0000004460BD0022B09D841B10022A4
:108650000A604A60022B8A60CA600A6102D007E0A1
:108660000120F0BD294A1268D20734D04FF40074BB
:10867000274D002205EB8203D3F80434DE0707D030
:1086800003F0020604F00207BE4201D1561C0E6040
:10869000DE0607D503F0200604F02007BE4201D114
:1086A000561C4E60DE0507D503F4007604F400770F
:1086B000BE4201D1561C8E60DE0311D503F4802624
:1086C00004F48027BE420BD19E0302F1010604D4BC
:1086D00046F4803603E00F4CCAE746F08076CE6061
:1086E000DE010FD503F0806604F08067BE4209D139
:1086F0009B0102F1010302D443F4803301E043F013
:1087000080730B61521C022AB4D3F0BD00B4005236
:1087100000B00052220204042DE9F04198461646AA
:108720000F460446069D08E0681C06D0FBF792FD44
:10873000A0EB0800A8420AD84DB12068006A384072
:1087400000D00120B042EFD10020BDE8F0814FF40D
:1087500000702065606D40F0010060650120F4E765
:108760000148FCF7FFBA0000147400242DE9F04121
:108770000446C0680D462027236801284FF40046B0
:1087800004F2C44203EB4511D3F840C0D1F8080B02
:1087900009D0DFF89CE0F4453AD1020433D500BF9C
:1087A000C1F8086B40E0234B5FEA007E04D59C458E
:1087B0003AD90004F4D437E05FEA806E02D5C1F8FC
:1087C000087B31E010F0280F2ED19C4501D9000420
:1087D000E6D4D1F8101B05EBC50004EB8000C1F313
:1087E0001201D0F89C32A3EB0101C0F8901200F501
:1087F0001F70ADB903691BB1C2681144C1600FE0BD
:10880000206801210AE080060AD5C1F8087B07E04C
:1088100035B9D4F88C0218B90021184603F0E0F9F4
:108820002046E9B2FCF785F90020BDE8F0810000A0
:108830000A31544F0A30544F2DE9F84F0E4605685F
:10884000814601EBC60100EB8104D4E913203C34DE
:10885000904202D90120BDE8F88FA168101A814228
:1088600000D20846C01C05EB461887081BE000BF75
:10887000A268A0EB010A524500D2924699F80C106A
:108880000AF1030000911FFA8AF3E168870828467D
:10889000F2B203F0EBFCE16801EB0A00E060616911
:1088A00001EB0A006061D8F8180980B2B84205D31C
:1088B000D4E90401814201D20028D9D1D4E90401CC
:1088C000884208D8D5F83418012006F00F029040ED
:1088D0008143C5F834180020BDE700002DE9F047BA
:1088E000454D044689464FF0000A2868C04380077A
:1088F0000AD0414E283E306820F080603060FBF79F
:10890000A9FC0746B04608E00120BDE8F08700BF9B
:10891000FBF7A0FCC01B022867D8D8F800000001B4
:10892000F6D4206829684FF4FE0721F47C313E021A
:1089300041EA00302860207AA389B4F804C04002DC
:108940002D4D2D495B1E227CACF1010C1035091D0B
:10895000A0F5007080B2521ECCF3080C07EA034366
:1089600040EA0C00184306EA0262104328600868D7
:10897000626920F0C000104308600A68A06922F014
:10898000200202430A60281D0A6822F010020A60D1
:1089900002684FF6F873E4699A4342EAC40202603F
:1089A0000868B9F1000F40F010020A6011D00868A1
:1089B000B9F1010F11D040F400100860D8F80000A0
:1089C000444640F08060C8F80000FBF743FC0546D1
:1089D0000DE0086840F40020EFE740F48010ECE779
:1089E000FBF738FC401B022801D903208DE72068E3
:1089F0000001F5D5504688E7284402582DE9F04794
:108A0000454D044689464FF0000A2868C043800758
:108A10000AD0414E283E306820F080503060FBF78D
:108A200019FC0746B04608E00120BDE8F08700BF0A
:108A3000FBF710FCC01B022867D8D8F800008000A4
:108A4000F6D4208829684FF4FE0721F07C713E029D
:108A500041EA00502860207AA389B4F804C040029B
:108A60002D4D2D495B1E227CACF1010C1835091DE2
:108A7000A0F5007080B2521ECCF3080C07EA034345
:108A800040EA0C00184306EA0262104328600868B6
:108A9000626920F44060104308600A68A06922F40B
:108AA000007202430A60281D0A6822F480720A607C
:108AB00002684FF6F873E4699A4342EAC40202601E
:108AC0000868B9F1000F40F480720A6011D008689C
:108AD000B9F1010F11D040F080700860D8F80000A3
:108AE000444640F08050C8F80000FBF7B3FB054651
:108AF0000DE0086840F48000EFE740F40000ECE788
:108B0000FBF7A8FB401B022801D903208DE7206852
:108B10008000F5D5504688E7284402582DED088B93
:108B2000FE4CDEB04DAB04F1180007C883E8070027
:108B30001C2204F124013BA8F7F7CEFEF849F948BE
:108B40000B680022403443F0807394EC04AA0B605D
:108B50004260026800254495469542F0010247951F
:108B6000026001201B95F02236954FF48C714395DD
:108B70000746429006464590AB46EB480C95499512
:108B800006F0E4FB9FEDE90A01F0ACF93CA880ECAB
:108B9000040AFBF75FFB39903A90E548CDF82001D5
:108BA0004FF0000949984C46CA46CDE90899A0B94A
:108BB000DFF8808301274546C8F8387000F03EFF93
:108BC000E0B1012049900746FBF744FB00253990AE
:108BD0003A9000F067FFC8F848001CA801F064F85C
:108BE000FBF738FB014600901CA801F06DF88046A9
:108BF0001DA8DDED1C9A90EC038A57E0686A401CC2
:108C0000686200F04FFF0321A8640022A9636A6430
:108C10004FF4FA704FF0010B05F0FAF900221446F8
:108C200091469246CDE90822C5E700BF9DF8300184
:108C300026B101283AD100260127ACE0092835D217
:108C4000DFE800F034052C23161A340F4500439852
:108C500010B10120429029E01B9880F001001B9088
:108C600024E0439880F00100439000201B90F0E73F
:108C700044980321801C02E044980321401CB0FB6F
:108C8000F1F201FB1200449010E046980321401CD1
:108C9000B0FBF1F201FB1200469007E04798032178
:108CA000401CB0FBF1F201FB120047900023A248E8
:108CB0004CA91A46006805F009FA0028B6D0002E23
:108CC00069D000BFBBF1000F04D09CA003E00126D7
:108CD0003746F7E79EA0974C8146E06C40B1E16CC7
:108CE0000FF27C29012901D0A1A514E0A4A512E06E
:108CF000B8F1000F01D0A6A50DE02498012801D0FD
:108D0000A6A508E02398C00702D02398000701D544
:108D1000A5A500E0A8A5E16CA06CCDE90001636BFE
:108D20003021A9A20FA8F7F741FC04224FF0000858
:108D30000121A2636164C4F81C80C4F80480C4F8F3
:108D40000880C4F80C80C4F81080C4F81480C4F8FB
:108D500020800FAA2946484600F026FC48B1FA2098
:108D6000C34605F055F9FBF775FA002539903A909E
:108D700016E700F097FE0322A064606A4FF0010B33
:108D8000401C6062A263C4F84480FA2005F040F9F8
:108D9000FBF760FA19E21B98F0B939990098401A6C
:108DA000642800D9642000EE100A9FED901ADDEDD2
:108DB000410AB8EE400A8E4920EE010A30EE800AE0
:108DC00010EE100A8DED410A884205DBDFED890ABD
:108DD00030EE600A8DED410A4398002800983990E2
:108DE00024D0B8F1000F2ED0429828B10020429034
:108DF000B0EE48ABB0EE49BBF0EE693AB0EE493A9E
:108E0000F0EE682AB0EE482AF0EE6B1AB0EE4B1A7C
:108E1000F0EE6A0AB0EE4A0A01F090F83CA880EC45
:108E2000040A239840070BD573A00AE09DED410A80
:108E300001F058F80FF2C8183CA880EC040A11E0C1
:108E400071A080460EE02498012801D06FA006E0B2
:108E50002398C00702D02398000736D56DA080461E
:108E6000012042902D4947980C3101EB8002314995
:108E70004398086492ED000A2A488DED400A46990D
:108E80008DF8ED1044998DF8EC1040684DA91190C3
:108E900041F282021090244806F0D4F922483BA9FE
:108EA00001F074F898B11F4841681098081A04F04E
:108EB0004BFC2049C8601C4800F0C2FB0F900C9985
:108EC0001B9808430CD001230BE053A0B9E71948C5
:108ED00001210E46026B0F46521C0263C1645FE61D
:108EE00000230F9936983A4600F09AFB14909DF8AB
:108EF000EC0001F015F81821034649A250A8F7F735
:108F000055FB064949A24698434651F820001821CE
:108F1000009056A8F7F74AFB0A208BE0500F010893
:108F2000FCED00E0001000E0000000200000000068
:108F300000F00020C843012000460024444953505B
:108F40004C4159205245434F5645525900000000AC
:108F50004C434420504F4C4C494E47204F4B00004F
:108F600052454E444552204552524F520000000097
:108F7000524153544552204641494C45440000005B
:108F800047454F4D45545259204641494C454400B0
:108F9000494D55205245414459000000494D552046
:108FA0004F46464C494E4500494D552043414C499A
:108FB00042524154494E4700494D5520574149546A
:108FC0002044415441000000444953504C41592031
:108FD0004649582030342041444320256C752045B3
:108FE000256C752052256C75000000006F12833AC5
:108FF00063141D4463141D444759524F0000000080
:109000004155544F00000000494D55004E4F204936
:109010004D55000043414C005741495400000000A9
:10902000534F4654334420257300000025732025F8
:1090300073000000DFF830C24FF47A774899DCF80B
:109040000430D1F8981DDCF81C20DCF81C80B2FB41
:10905000F0FCB3FBF7F7B8FBF0F30291302100FB13
:109060001C22CDE9002781A22AA8F7F79FFA87489A
:109070004FF0000841681098081A129001204FEA3A
:10908000181188401499084276D080488049406879
:109090001022109009980091C0EBC0017D4801EBAF
:1090A000810100EB01237C481F46414606F068F928
:1090B000A0B3DDF86CC010202AAB56AA50A98DE8E9
:1090C0000F10F02238464FF48C71434601F0BAF885
:1090D00039884FF48C530A02012042EA1121398069
:1090E00037F810100A0242EA112127F81010401C2C
:1090F0009842F5D365484599002942681099A2EB3A
:109100000102129911441291406810901DD0102153
:109110003A46404600F06CFD50B10AE0FFE7524885
:1091200002214FF0010A026B521C0263C1642BE062
:109130000124564841681098A1EB000189442CBBDA
:10914000089800F50C50089016E0642000F016FD19
:10915000E8B14E4841683A461098091A4046894499
:10916000102100F0A5FC90B1089800F50C50089073
:10917000099880F00100099008F110001FFA80F8AA
:10918000B8F1F00FFFF47AAF459808B10DE0012473
:10919000DFF8F880D8F80470642000F0EFFC00B924
:1091A0000124D8F80400C11B89445AEA040016D0EF
:1091B00094B12D4C606A401C606200F073FCA064A6
:1091C0004FF0010B5E46CDF814B1002214469146D3
:1091D0009246CDE90822EBE401263746E0E401207F
:1091E00000F024FC459802211F4C4FF00007002896
:1091F0000F9836901B980C90A16300D000E00321DB
:1092000061640020E0642068401C206012986D1C9E
:1092100004F09AFAA060484604F096FA2061089893
:109220006061002006F0ECFCA0614898D0F8980D31
:109230002062012004F0ECFE144841681198081ADD
:1092400004F082FA6060FBF705F83A99411AB1F52B
:10925000FA7FC3D342F210723A9005FB02F0002568
:10926000B0FBF1F0E0619BE4C8430120465053207D
:10927000256C752E256C7520204D5320256C75208E
:109280002054524920256C7500000000001000E0B9
:10929000C8FD002000000024000000200148FDF768
:1092A000E5BE0000445B002410B50168002240F2D6
:1092B0006F330C6824F001040C6001680C699C4356
:1092C0000C6101688B6943F008038B6101688B694D
:1092D00043F010038B6101688B6823F440438B607B
:1092E00001688B6943F040038B6101688B6943F02F
:1092F00020038B6101688B6943F480738B61016883
:109300008B6943F400738B6101688B6943F40063DC
:109310008B61A0F86220A0F86A2010BD10B5026829
:1093200040F26F335169946944F008049461026813
:10933000946944F0100494610268146824F00104F4
:109340001460026814699C4314610268936823F4F2
:109350004043936090F88120042A0CD08A060AD5F5
:10936000D0F8842042F08002C0F88420026893691B
:1093700043F02003936190F88120032A0CD04A0621
:109380000AD5D0F8842042F00402C0F88420026894
:10939000936943F0400393618A050AD5D0F884208D
:1093A00042F00102C0F884200268936943F400731C
:1093B0009361C9050AD5D0F8841041F00801C0F8BE
:1093C000841001688A6942F480728A610021A0F8E1
:1093D0006210A0F86A1010BD10B5806B0021012248
:1093E000A0F86A10A0F8621080F88120FDF72AFE2C
:1093F00010BD10B5846BF9F765FF02280ED020462A
:10940000FFF78CFFD4F88410012041F01001C4F85C
:10941000841084F881002046FDF714FE10BD10B5BD
:10942000806BFEF7FBFB10BD10B5806B90F88110D0
:10943000072909D0816FC969B1F5807F05D000681F
:10944000016941F00801016110BDFEF7CBFB10BDC1
:109450002DE9F0411C4616460D460746DDF81880FA
:109460000AE000BFFAF7F6FEA0EB0800A04202D324
:10947000601C01D00BE054B13868406935EA000047
:1094800007D00020B042EDD00020BDE8F0810320DD
:10949000FBE70120F6E70178407841EA00207047B9
:1094A00000220121082010B504F042FE05490028E1
:1094B000086006D104490120C863BDE81040F7F7F1
:1094C000C2BF10BD00460024C843012030B5ADF531
:1094D000257D96A800F0E8FB06F076FE1D49A39ACC
:1094E000CD6C8C6C4B6C0DF1480C8CE83C008A699F
:1094F000DDE9A134CDE91002CDE90E34DDE99D436B
:109500004A6908690AAD85E81D00CC688B6B0A6B57
:10951000886A06AD85E81D004C6B4B6A0A6A88684C
:1095200002AD85E81D004A68C869CDE900020B68F4
:109530004FF40074084A16A82146F7F737F80028B8
:1095400005DDA04203D281B216A8F7F725FD0DF57F
:10955000257D30BDC8430120E425010810B500F089
:1095600091FA002806D0BDE8104003A206A10AA087
:1095700000F01AB810BD0000444953504C41592026
:109580004649582030340000424F4F542053544134
:109590005254494E470000004C434420504F4C4C1D
:1095A000494E47204F4B00002DE9FF5FDFF86C80EC
:1095B00000244FF48C7B15464FF40C690E46074689
:1095C0004FF0080A1548F022CDE90265CDE900A761
:1095D0002346594600F0BAFE5FF0000041464B4674
:1095E00031F810204FEA022C4CEA122221F8102008
:1095F000401C9842F4D3094A0821204600F0F8FAAA
:10960000002807D00834A4B2F02CDBD3012000F0EE
:109610000DFA012004B0BDE8F09F0000C44700240B
:1096200012B147F6FF707047084344F2010210433D
:10963000002BC0F30E00F6D040F00200704700008F
:10964000F0B547F6FF774FF0000218B300F5704110
:1096500091F8C43DF3B1B1F8BC3DB3F58C7F19D19D
:10966000B1F8BE5DF02D15D1B1F8C26DB6F5007F31
:1096700010D8002320E000BF03EB4301C1EB4311EE
:1096800000EB8101B1F86EC0B1F87040A44501D87B
:10969000AC4201D33846F0BD4FEA1C114FF0010C2B
:1096A000240906E00CFA01FE1FFA8EFE491C4EEA60
:1096B0000202A142F6D95B1C9E42DDD81046F0BDE5
:1096C0007CB54F4D00204F4C01221146287020469A
:1096D000FAF7BAFD012220460821FAF7B5FD4A48FB
:1096E00000220221FAF7B0FD04F030FE00287DD000
:1096F00004F0BAFC002879D0322004F039F90123B3
:109700000021184601AA04F04EF9002875D0012066
:1097100004F02EF9012004F0E7F800286ED00020B4
:1097200004F0E2F8002869D0B6227E21012004F07E
:1097300091F9002861D0322004F01AF901230021A8
:10974000184601AA04F02FF9002856D0012004F091
:109750000FF9012004F0C8F800284ED0B6221421D9
:10976000002004F077F9002847D0322004F000F9F7
:10977000002004F0B9F800283FD0042332261A460E
:109780007D210096012004F0CDF878B305200090EB
:10979000032300227C21012004F0C4F830B302240A
:1097A0000094FF23A9224021012004F0BBF8E8B176
:1097B0000122009403231046412104F0B3F8A8B11C
:1097C00000220094072310460F2104F0ABF868B183
:1097D0000723009484221021002004F0A3F828B16C
:1097E00000220096A0231046112101E006E004E0CB
:1097F00004F098F810B1012028707CBD00207CBDD9
:109800001046002400080258000402582DE9F047D1
:1098100005002DED028B84B01DD01C21F7F796F8C2
:109820002F4C2078012816D104F05EF898B1062359
:109830001221012002AA04F0B6F860B100216A46A4
:109840000823084604F0AFF828B19DF800000F285F
:1098500007D003202070002004B0BDEC028BBDE8CF
:10986000F0879FED208ADFED208A47F6F877E946FA
:1098700000240DF10808C7F1000A00BF08EB4400FE
:1098800004F08AF8064609EB4400801C04F084F8D2
:1098900000EE906A00EE100A05EB8401F8EEE00A93
:1098A000B8EEC00ABE4260EE880A20EE280AC1ED7A
:1098B000000A81ED030A05DA564503DDB84201DAF4
:1098C000504503DCA86940F00400A861641C032C27
:1098D000D4D3A86940F00300A8610120BCE70000D0
:1098E000104600240000403900007A3D014800780D
:1098F00070470000104600244EF66021884210B5E3
:1099000001D3002010BD0A4B00214FF4FA6400BFC0
:1099100033F8112001F10101821A02F57A72A24294
:1099200001D8C8B210BD0529F2D3062010BD000031
:109930007410010810B5002206240470012303727C
:10994000027442744160C16010BD30B515460446D2
:1099500000F02BF801284FF000010CD002280AD0AB
:10996000002811D1207C70B1227A42B12178814245
:109970000BD0E56007E02074E5606174F2E7627C7B
:109980002174002A00D0002030BD617C0029FAD16A
:10999000E168691AB1F5487FF5D3012161740128A6
:1099A00001D0082030BD072030BD30B51546044633
:1099B0000846FFF7A1FF06280CD02178814201D08C
:1099C000207065606168691A3C2908D328B1217A42
:1099D00039B104E02070656001E0002020720020B1
:1099E00030BD0121217230BD10B504F0AFFC0E492D
:1099F0004FF0000218B14B6823B1834202D01046E9
:109A0000072205E00B782BB14B783BB110460622BC
:109A1000CA7010BD01231046CB7010BD48600320F2
:109A200004F0E6FB012010BD044600244FF48061E1
:109A300002460148FAF708BC0004025870B504F069
:109A400085FC0F4C05004FF0000606D004F00CFB1F
:109A500018B1606820B1A84202D00721304603E067
:109A6000607818B106213046E17070BD012004F025
:109A700031F90028F9D0BDE87040FFF7B5BF00000C
:109A800004460024064900204A680AB1072202E081
:109A90004A7812B10622CA707047002004F01AB941
:109AA000044600240148C0787047000004460024A2
:109AB0002DE9F0472D4C88464FF40C718146002665
:109AC000174608FB01F5606840B14146484604F07E
:109AD000BBF900283FD0A078F0BB02E00721304658
:109AE0003FE02348806FB8B30068A8B341464846BA
:109AF00004F0E0F900282ED01E480068C00314D5F9
:109B000079191F3127F01F0021F01F01091A0029C0
:109B10000BDDBFF34F8F184A106020302039002929
:109B2000FADCBFF34F8FBFF36F8FBFF34F8F00206F
:109B300004F0BAF8032004F05BFB0120A66060701B
:109B4000AAB20B483946FDF78FFF60B10320E070E1
:109B500004F014F9002000E001E0BDE8F0870321E3
:109B60003046E170F7E70120F5E7000004460024E5
:109B7000445B002414ED00E068EF00E070B51B4C7E
:109B800006460025606820B104F0E0FB6168884269
:109B900002D00721284608E0207820B1607830B153
:109BA000A06830B10DE001212846E17070BD0120B0
:109BB00070BD304604F02CF900210246032004F069
:109BC00079FBA06801280AD0A068022805D00420EB
:109BD000E07004F0D3F8002070BD0520F8E7657050
:109BE000A560032004F004FBE1E700000446002424
:109BF0002DE9F04107460D464FF40C70164601FB67
:109C000000F4384604F020F9B8B12946384604F08B
:109C100051F990B1002004F047F8A2B2094832236C
:109C20003146FDF7BBFC0446012004F03DF83CB191
:109C300005490920C87004F0A1F80020BDE8F081B2
:109C40000120FBE7445B00240446002400280B4667
:109C500007D0002B05D000F1A00118462022F6F70E
:109C60003BBE704770B504001AD0FC21F6F76EFEBB
:109C70002046F7F7A7FC0B492046F7F743FD04F110
:109C80007C000546F8F72CF9064928461C31F8F700
:109C900039F9B7EE000A84ED280A0820C4F8BC00A0
:109CA00070BD00007C23010810B5044606F00AF8D8
:109CB000044938222046F6F70FFEBDE8104006F0B2
:109CC00021B80000405A0024D0E90723012B0AD113
:109CD000836A43B1406A081A642804D8D00702D0C6
:109CE00012F0180F01D000207047012070470000CB
:109CF0002DE9F043040015460E462DED068BF0EEDF
:109D0000409A93B037D0AEB3A5B39FED6E1ADFED96
:109D10006E0AB0EE690A06F048FA58B300279FEDC4
:109D20006B8ADFED6B8A9FED6B9A9FED6BAA00BF8C
:109D300006EB8700B0EE481A90ED000AF0EE680AD4
:109D400006F033FAB0B105EB8700B0EE491A90ED9A
:109D5000000AF0EE4A0A06F028FA58B17F1C032FD9
:109D6000E6D394F8BC0000F00100C4F8BC00C107C1
:109D70000BD017E005E0002013B0BDEC068BBDE86A
:109D8000F083204603F034FFF6E740F008002A464F
:109D9000B0EE690A3146C4F8BC00204603F068FE04
:109DA00000287DD0304604F026F9B7EE091AF6EE09
:109DB000020A06F0FAF995EC030A07463146D6E99D
:109DC0000050D6F808903A468046204603F03EFC04
:109DD00096E8070004F1800604F1E804B0EE419A29
:109DE000B0EE408B84E807002774A4F1E80417B9AB
:109DF0000025A846C1462046B0EE690AF7F77EFC6A
:109E000002EE909A02EE108A01EE905AB0EE491AD4
:109E1000F0EE680AB0EE480A2046F8F743F820460C
:109E2000F7F7CCFB0DF118089FED2C8ADFED2C8A9B
:109E3000002588EC040A00BF08EB8500B0EE481A44
:109E400090ED000AF0EE680A06F0AFF948B36D1C19
:109E5000042DF1D306ADA03495E80F0084E80F007F
:109E6000A4F12400A03CF8F737F83036204686EC01
:109E7000030AF7F7EAFA054621466846F7F702FBB8
:109E8000182269460BA8F6F727FD15F0FF0F05D03D
:109E9000D4F8BC0040F00800C4F8BC002FB101E0C9
:109EA00009E00AE09DF8300028B1D4F8BC0040F089
:109EB0000400C4F8BC0001205EE72046FFF7D2FE94
:109EC0005FE700000AD7A33C0AD7A33BEC51C04090
:109ED000EC51C0C03303FA443303FAC4C520803FB9
:109EE000C52080BF9FED0B2ADFED0B1ADFED072A9F
:109EF000DFED070A40EE021A9FED081A40EE220A33
:109F000020EE011AB0EE610A03F058BCF6281C3F9F
:109F10009A99193FA470BD3E6666E63EB81E053E9E
:109F2000032803D2024951F82000704701A070476E
:109F300088100108554E4B4E4F574E0010B5B1EEEC
:109F4000400AF1EE600A2DED048BB1EE411A04F0E7
:109F500029F8F0EE409AB0EE618AB0EE609AF0EE29
:109F6000418A9FED090AFFF7BDFFF0EE483AB0EED7
:109F7000683AF0EE492AB0EE692ABDEC048BBDE8E0
:109F8000104004F00FB80000000000002DE9F0417F
:109F90005FEA00089C480C464FF000052DED108B41
:109FA00090EC04BA33D094B3207803282FD294EDE8
:109FB000050AB5EEC00AF1EE10FA28D910EE100A23
:109FC0009249884223DA94ED060AB5EEC00AF1EE12
:109FD00010FA1CD310EE100A8D49884217DAD4ED1E
:109FE000019A04F108008B4929EEA90A90EC038A32
:109FF00008EE080A08EEA80A09EE090A10EE100A8F
:10A00000884204DD10EE100A8349884204DB0020F8
:10A01000BDEC108BBDE8F08103F03EF8B7EE001AFE
:10A02000207840F2DF76C1EE000A02284FF6A057F2
:10A0300029EEA00A28EEA01A69EE201A28EE20AA1E
:10A04000F0EE409AF0EE41AAB0EE61DA21D000289D
:10A0500000D03E46334601D1704900E070492246A7
:10A06000B0EE6C5AF0EE4C4AB0EE6B4AF0EE4B3A62
:10A07000F0EE4A0ABDEC108B03EE105A02EE905A35
:10A0800002EE105A4046F7EE005ABDE8F04105F0E6
:10A09000E3BB94ED068AB5EE000A28EE001A9FEDA8
:10A0A000619AF0EE490AB0EE490A03F087FBB0EE80
:10A0B000615AF0EE403AB0EE604AF0EE414A3B465B
:10A0C0009FED59BA03EE105A02EE905A02EE105A62
:10A0D00053492246F0EE4B5AF0EE43CAB0EE62CA44
:10A0E000F0EE42BAF0EE4D1AB0EE6A1AF0EE4A0AFD
:10A0F000B0EE690A404605F0AFFB07469FED4B0AFC
:10A100009FED4B1A68EE000A28EE010AB0EE491ADC
:10A11000F0EE608A03F052FBF0EE403AB0EE615A86
:10A12000F0EE414AB0EE604A3C493346F6EE005A42
:10A13000B0EE6C3AF0EE4C2AB0EE6B2AF0EE4D1A0F
:10A14000B0EE6A1AF0EE4A0AB0EE690A22464046BC
:10A1500005F082FB00B900272B4E28EE0BBA002534
:10A160009FED34CA9FED349ADFED34CADFED34DA67
:10A17000203EF6EE00BA00BF00EE105AB0EE4B8A59
:10A18000B8EE400A00EE0C8AB0EE480A02F0AAFAD5
:10A1900060EE09EAB0EE480A02F0B4FE20EE2CEAC6
:10A1A000B0EE480A02F0AEFE20EE09FAF0EE680AC0
:10A1B00028EE2B1AB0EE480A03F000FBB0EE615A0D
:10A1C000F0EE403AF0EE414AB0EE604A36F8153013
:10A1D000224612494046F0EE6D5AB0EE4F3AF0EE8C
:10A1E0004E2AB0EE6E2AF0EE4D1AB0EE6A1AF0EE7C
:10A1F0004A0AB0EE690A05F02FFB00B900276D1C72
:10A20000042DB9D3384603E7A010010800007A44B2
:10A210000050C34777CC2B3200247449D812010870
:10A220008820010800000000CDCC4C3F6666663FE8
:10A230003333333FDB0FC93F6666A63FCDCCCC3E00
:10A24000295C8F3E2DE9FF5F5FEA000814460FA8E6
:10A250001E460E9F0D4690E8040670D0002A6ED070
:10A260005FEA09006BD05FEA0A0068D0102D66D360
:10A27000202C64D3A64262D2A01BB8425FDB002030
:10A2800044F2082EA4F1100B1AE0811989B21029AA
:10A2900001D3594512D30F2901D0594501D1734635
:10A2A00001E041F6C303002106E000BF00FB051CEE
:10A2B000491C89B228F81C30A942F7D3401C80B24F
:10A2C000B842E2D34FF0040B40F2DF73082140465E
:10A2D000CDE90223CDE9001B3B463246294605F075
:10A2E00045FC4846F6F752FAA0EB800059464EF678
:10A2F0007D7B3B4605EB4000324608388DE8030A7B
:10A300002946404605F032FC08223B460B3C2946D4
:10A310008DE8140C3246404605F028FC12980028BF
:10A320000DD018214FF6A053A5F12C0005A28DE801
:10A330000F003B4632462946404605F017FCBDE873
:10A34000FF9F000050415553454400002DE9FF5F39
:10A35000F02A1E4614460D46DDF83890804601D39B
:10A36000122000E00F20B8F1000F82467ED00F9837
:10A3700000287BD01098002878D01198002875D03C
:10A38000A02D73D3E02C71D3A6426FD2A11B4945F7
:10A390006CDB0021032730E072184FF6FF7E680067
:10A3A0000190A4F11A0000900020A2F1220B21E0FC
:10A3B000BBF1080F734610D2B5FBF7F3834202D905
:10A3C0004FF4784311E0019BB3FBF7F3834202D9CA
:10A3D0004FF4FC6309E01F2307E0602A03D0DDF897
:10A3E00000C0624501D14CF2186301FB050C401C12
:10A3F00028F81C30A842DBD3491C4945CCD30F9820
:10A400002DA1F6F7B1F920B90F982DA1F6F7ACF907
:10A4100008B14FF430404B462BA183460020022761
:10A420000A22CDE90021CDE9027032462946404694
:10A4300004F08CFE0F993322CDE9027B4B46404657
:10A44000CDE900213246294604F080FE109842F200
:10A45000041149224B46CDE90271CDE90020324674
:10A460002946404604F072FEBB4600E022E0002789
:10A470001749324607FB0AF051F8273000210391B3
:10A4800067308DE809084B462946404604F05EFED9
:10A490007F1C062FECD3012244F208210391113CCA
:10A4A00011984B4600942946CDE9010232464046B8
:10A4B00004F04CFEBDE8FF9F4641494C00000000FF
:10A4C0004552524F52000000534F4654334400004F
:10A4D0005C100108FDF7F6FF4FF47A74FEF7F6FF03
:10A4E000204603F095FDF9E74FF0E02010B5006934
:10A4F00006F026FB012803D0BDE8104005F0E4BEBD
:10A5000010BD000030B59DB04C216846F6F71EFA2C
:10A51000202113A8F6F71AFA0220FBF717F81F48B4
:10A52000016821F4404101600168002401F44041C8
:10A530001B9101688904FCD502200990282521225D
:10A540000092C3030193012106910A900C23CDE9E7
:10A550000B050FAD042285E8190012946846CDE979
:10A560000D12FCF749FA08B172B6FEE740201A90C6
:10A5700008230501CDE9163013ABCDE918053F21BD
:10A58000032283E8160013A81146FBF7F7FF002803
:10A5900001D072B6FEE71DB030BD00001848025869
:10A5A0002748F0B5274A016841F47001016010683E
:10A5B00000F00F00072804D2106820F00F00C01D23
:10A5C000106021490020204C10340B681F4D43F0CF
:10A5D00001030B6020600B682B400B60136803F0D5
:10A5E0000F03072B04D9136823F00F03DB1D13603F
:10A5F000154C174A1834174B261D371D2060124C76
:10A60000154D28343060261D3860371D23603B1DF2
:10A6100035601C1D3A60251D2E1D1860331D2260FB
:10A620002860326018600A6843F2D204064B0B4D72
:10A6300022F4802260330A6018602C60F0BD0000B4
:10A6400088ED00E000200052004402587FEDF6EA59
:10A6500080020101000202020000FF0100400052DE
:10A660000148FDF76CBB0000CC5C00242DE9F047ED
:10A670002A4B4FF0804A2A4D02689842294E2A4FB1
:10A680002A4C09D0504507D0A84205D0B04203D08B
:10A69000B84201D0A04205D1D1F804C022F0700226
:10A6A0004CEA0202DFF888C0DFF888809842DFF8C1
:10A6B000889015D0504513D0A84211D0B0420FD089
:10A6C000B8420DD0A0420BD0604509D0404507D01C
:10A6D000484505D0194DA84202D0194DA84203D1D2
:10A6E000CD6822F440722A434D6922F080022A4349
:10A6F000026098428A68C2620A68826207D0A042F9
:10A7000005D0604503D0404501D0484501D10969D5
:10A71000016301214161BDE8F087000000000140B4
:10A720000004004000080040000C0040000401400C
:10A7300000400140004401400048014000E000406A
:10A7400000E400402DE9F0410C46D0F8D412D0F8D6
:10A75000C83200EB8101D1F8C01229B304F00F0216
:10A76000002702EB820500EB8506B5694DB102EBCF
:10A77000C20203EB8202526CB5FBF2F302FB1352EE
:10A78000A2B1C1F81472D0F8D42200EB8200D0F844
:10A79000C40203692BB1D1F8080201F50471224605
:10A7A00098470020BDE8F0810320FBE70023214605
:10A7B0001A46B76100F0F0FDF3E770B50546D0F832
:10A7C000D40205EB8000D0F8C04294B1284600F0D6
:10A7D000BCFCC4F80C02D5F8D40205EB8000D0F81C
:10A7E000C412D4F80402CA6804F50371904700202B
:10A7F00070BD032070BD000070B5224D044629785D
:10A8000000F0E4FB2878002600F00F0000EB800049
:10A8100004EB800086842046697800F0D7FB6878D6
:10A8200000F00F0000EB800004EB8000A0F86461F2
:10A830002046A97800F0CAFBA87800F00F0000EBD2
:10A84000800004EB80008684C684D4F8D40204EB34
:10A850008000D0F8C01299B1D0F8C4024068804797
:10A86000D4F8D40204EB8000D0F8C00200F0BDFFA1
:10A87000D4F8D40204EB8000C0F8C062C4F8BC6213
:10A88000002070BD3847002410B5D0F8D41200EB7A
:10A890008100D0F8C04284B1D0F8C41259B194F804
:10A8A0000002FF2807D08B68214694F801229847C0
:10A8B000FF2084F80002002010BD032010BD00001E
:10A8C0000A210180004870473C47002470B582216E
:10A8D00006460D4800F092FA012105460A4800F0AC
:10A8E0008DFA81210446084800F088FA0DB1102144
:10A8F000A9714FF0400104B1A18000B181804320D3
:10A900003080014870BD00004847002470B58221A6
:10A9100006460D4800F072FA012105460A4800F08B
:10A920006DFA81210446084800F068FA0DB1102143
:10A93000A9714FF4007104B1A18000B1818043205E
:10A940003080014870BD00004847002470B5822166
:10A9500006460D4800F052FA012105460A4800F06B
:10A960004DFA81210446084800F048FA0DB1102143
:10A97000A9714FF0400104B1A18000B18180432052
:10A980003080014870BD0000484700242DE9F047A1
:10A990004FF407750446284600F028FF06004FF0E4
:10A9A000000965D02946F5F7D1FFD4F8D402012774
:10A9B0003C4D4FF4007A4FF0100804EB8000C0F8D3
:10A9C000C062C4F8BC62207CF0B329784023022224
:10A9D000204600F02BFC2878402300F00F0000EB0D
:10A9E000800004EB8000878402226978204600F012
:10A9F0001DFC697808230322204601F00F0101EBBA
:10AA0000810104EB8101A1F86471A97801F00F01C3
:10AA100001EB810104EB8101A1F82680A97800F007
:10AA200005FCA978C84601F00F0101EB810104EB98
:10AA300081018F84C6F80492D4F8D40204EB80001C
:10AA4000D0F8C402006800E01AE006F501768047FD
:10AA5000C6F81080C6F8148032687AB1207CF8B14C
:10AA600040236978204600F0EDFB0020BDE8F08728
:10AA7000D4F8D41204EB8101C1F8C0920220F5E7AA
:10AA8000297802225346204600F0D0FB287853460E
:10AA900000F00F0000EB800004EB80008784A3E748
:10AAA0005346DEE73847002410B5D0F8D41200EB47
:10AAB0008101D1F8C01259B1027C084C002AD1F8AA
:10AAC000042207D04023617800F0BCFB002010BDB9
:10AAD000032010BD4FF40073F5E700003847002451
:10AAE00039B1D0F8D42200EB8200C0F8C4120020A3
:10AAF000704703207047D0F8D42200EB8200D0F8D2
:10AB0000C00218B1C0F8041200207047032070473B
:10AB1000D0F8D43200EB8300D0F8C00228B1C0F8DE
:10AB20001022C0F8081200207047032070472DE95A
:10AB3000FC410646D0F8D4020C46002106EB80000A
:10AB40000D46D0F8C0728DF80010ADF8041037B182
:10AB5000217811F060022CD0202A48D102E0032095
:10AB6000BDE8FC81E288E2B109060BD5D0F8C40249
:10AB70003946836860789847E288072A00D9072217
:10AB800039462CE0607887F80002E088402800D33E
:10AB900040203946C2B2304687F8012200F07FF8E3
:10ABA0002AE0D0F8C40200222146836860789847E2
:10ABB00022E0607830B101281ED00A2809D00B2885
:10ABC00015D110E096F89C02032810D1022201A9A9
:10ABD00005E096F89C02032809D101226946304617
:10ABE00000F077F808E096F89C02032804D021468C
:10ABF000304600F049F803252846B1E710B5D0F8F3
:10AC0000D41200EB81020121D2F8C0221AB1D2F88D
:10AC1000143213B116E0032010BD0B490123C2F812
:10AC20001432D2F81032097801F00F0404EB8404D6
:10AC300000EB8404A361D2F81032D2F8082200F0AD
:10AC4000ABFB0021084610BD3847002410B5D0F8F2
:10AC5000B82200245268904700B10324204610BD5A
:10AC6000002070470020704713460A46002110B5A7
:10AC700000F0E8FA002010BD13460A46002110B586
:10AC800000F08AFB002010BD10B58021044600F0C2
:10AC900064FB2046BDE81040002100F05EBB10B50B
:10ACA000C0F858210323C0F89432C0F85C21134641
:10ACB0000A46002100F0C6FA002010BD10B505219B
:10ACC000C0F8941200231A46194600F0BBFA00207F
:10ACD00010BD10B582610223C0F89432C2611346E0
:10ACE0000A46002100F058FB002010BD10B50421D9
:10ACF000C0F8941200231A46194600F04DFB0020BC
:10AD000010BDF8B504460D460020ADF80000488897
:10AD1000010A062947D006DC01290FD0022912D0EA
:10AD2000032962D11DE0072946D00F295DD1D4F84F
:10AD3000B402C26920E0694690473BE0D4F8B412FF
:10AD4000207C0A68F7E7207C02260028D4F8B802A5
:10AD500005D0C16A684688470146467036E0816A78
:10AD6000F8E7C0B2062840D2DFE800F003090D1171
:10AD70001519D4F8B4024268B2B3207CDBE7D4F8EA
:10AD8000B4028268F8E7D4F8B402C268F4E7D4F8F1
:10AD9000B4020269F0E7D4F8B4024269ECE7D4F8EF
:10ADA000B4028269E8E7207CF0B9D4F8B802416BBC
:10ADB00068468847014609E0207CA8B9D4F8B80263
:10ADC000016B68468847014607204870EA888AB1C7
:10ADD000BDF8000040B1824200D902462046ADF8DD
:10ADE0000020FFF776FFF8BDFFE729462046FFF772
:10ADF0004BFFF8E72046FFF779FFF4E778B5428884
:10AE00000D460178002604468A4212D9ADF800109A
:10AE10000AE0694600F00FF84178052904D18178ED
:10AE20000646A94205D000266188BDF8002091425F
:10AE3000EFD8304678BD0A8803781A440A80017832
:10AE40000844704770B500284FF000051ED0044636
:10AE50002E4602E0761C641CF6B22378002BF9D152
:10AE6000022404EB4604148012786B1C03264A5516
:10AE70000024AA1CCE5406E0551C8B54EAB2531C85
:10AE8000401C8C54DAB20378002BF5D170BD010060
:10AE90004FF0000004D0012901D0022901D0032085
:10AEA000704701207047000004A00A46024910B50F
:10AEB000FFF7C8FF004810BDF45F0024434443205F
:10AEC000436F6E6669670000122008800048704773
:10AED0004846002404A00A46024910B5FFF7B2FF15
:10AEE000004810BDF45F002443444320496E74655C
:10AEF00072666163650000000420088000487047A6
:10AF00004446002404A00A46024910B5FFF79AFF00
:10AF1000004810BDF45F002453544D6963726F659F
:10AF20006C656374726F6E696373000004A00A46F7
:10AF3000024910B5FFF786FF004810BDF45F0024FA
:10AF400053544D3332205669727475616C20436FCF
:10AF50006D506F727400000010B51A2008800B4805
:10AF60000A490830021F096800681468081809D0E7
:10AF700007490822FDF708F8054904222046103148
:10AF8000FDF702F80248801E10BD000000E8F11F26
:10AF90006A46002478B10023C0F8B832C0F8C43241
:10AFA000C0F8D03209B1C0F8B4120121027080F8A3
:10AFB0009C1200F0CFB80320704710B5D0F8C8023B
:10AFC000F9F7FAFDBDE81040FFF761BF10B5D0F802
:10AFD000C802F9F7CBFDBDE81040FFF758BF2DE9D7
:10AFE000F041174604464FF0000521B194F89C0249
:10AFF000032842D04CE0D4F8941204F11400022942
:10B0000035D1D0E902639E4206D9F21A39468260F0
:10B010002046FFF731FE0FE0B34214D1406898425A
:10B0200011D3D4F8981288420DD20022204611463E
:10B03000FFF722FEC4F8985200231A46194620460C
:10B0400000F000F913E094F89C02032808D1D4F82A
:10B05000B802C16821B1C4F8D452C16820468847FB
:10B060008021204600F079F92046FFF727FE94F86A
:10B07000A00268B184F8A0520AE0D4F8B80242698C
:10B0800032B1C4F8D452426920469047002800D11A
:10B090000020BDE8F08170B5134604464FF0000271
:10B0A00021B194F89C02032830D03AE0D4F89412ED
:10B0B00004F5AA70032934D1D0E902518D420AD98E
:10B0C0006A1A82600846824200D302461946204628
:10B0D000FFF7CAFD25E094F8AA0210F01F0003D084
:10B0E000012802D0022800D0002294F89C020328F4
:10B0F00008D1D4F8B802016921B1C4F8D422016999
:10B10000204688472046FFF7F1FD0AE0D4F8B80250
:10B11000836933B1C4F8D42282692046904700285D
:10B1200000D1002070BD0020704710B5D0F8B812D3
:10B13000012280F89C22002429B103794A68D9B2FF
:10B14000904700B10324204610BDD0F8C802F9F79B
:10B1500061BD000070B50178012929D1154902238C
:10B160000022154C0925C1F80805C0F8C812084688
:10B17000C1E90323C1E906320A624A62CA620A636C
:10B180004A63C1E90045FAF7C3F808B1F6F75BF97D
:10B1900008484FF40071F9F798FC06488022002116
:10B1A000F9F797FC034801214FF4BA72F9F791FCC3
:10B1B000002070BD1474002400000440D0F8C822A0
:10B1C00001F07F000B0600EBC00002EB800002D50F
:10B1D00090F83E00704790F87E02704710B5D0F8A6
:10B1E000D42200EB8202D2F8B82222B190F89C322D
:10B1F000032B02D004E0032010BD126A02B1904775
:10B20000002010BD10B5D0F8D42200EB8202D2F895
:10B21000B82222B190F89C32032B02D004E0032024
:10B2200010BD526A02B19047002010BD10B51C46F7
:10B23000D0F8C80213462246F9F7F5FCBDE81040E5
:10B24000FFF725BE10B5D0F8C802F9F71CFDBDE820
:10B250001040FFF71CBE2DE9F041044601250020F7
:10B26000D4F8B812064684F89C52C4F89402606080
:10B27000C4F8A40284F8A00231B14A6822B10021C6
:10B280002046904700B10326204600224023114665
:10B29000FFF7CCFF4027A4F8645100223B468021F1
:10B2A0002046C4F86071FFF7C1FFA58430462762CD
:10B2B000BDE8F08190F89C12042903D190F89D120A
:10B2C00080F89C120020704710B590F89C1203295A
:10B2D00005D1D0F8B81211B1C96901B18847002071
:10B2E00010BD01740020704710B5D0F8C802FAF7FD
:10B2F000D9F8BDE81040FFF7CABD70B5044600F2AA
:10B30000AA20054600F051F894F8AA020123B4F8E7
:10B31000B01210F01F02C4F89432C4F898120AD088
:10B32000012A0ED0022A12D000F080012046BDE88A
:10B33000704000F012B829462046BDE8704000F089
:10B34000D1B829462046BDE8704000F014BA29461D
:10B350002046BDE8704000F05CB910B5D0F8C802D6
:10B36000F9F7ABFCBDE81040FFF791BD10B5D0F880
:10B37000C802FAF7B2F8BDE81040FFF788BD90F8B0
:10B380009C12042903D090F89C1280F89D1204218D
:10B3900080F89C120020704710B5D0F8C802F9F769
:10B3A000C6FCBDE81040FFF772BD70B505460878D1
:10B3B0008C1C2870487868702046FEF76CF8A41C36
:10B3C00068802046FEF767F8A880A01CFEF763F8A7
:10B3D000E88070BD38B504460020ADF80000A1B18A
:10B3E000C4F8B812D4F8D40204EB8000D0F8B80244
:10B3F000C16A19B168468847C4F8D002D4F8D802A7
:10B40000401CC4F8D802002038BD032038BDD0F855
:10B41000B83202460020002B02D01B6810461847A5
:10B42000704700002DE9F0412C4E04468878002535
:10B430008846C1B20129317006D941462046FFF73E
:10B4400023FC0320BDE8F08194F89C020227022827
:10B450000CD003281DD041462046FFF715FC31785B
:10B460002046FFF7F3FB03252846EBE789B3204688
:10B470006160FFF7CCFF050004D041462046FFF78E
:10B4800003FC1DE02046FFF731FC032084F89C02FA
:10B49000EAE7C1B1606888421BD0C1B22046FFF71D
:10B4A000D5FB317820466160FFF7B1FF050010D071
:10B4B00041462046FFF7E8FB21792046FFF7C6FB0F
:10B4C00084F89C72D0E7616084F89C722046FFF794
:10B4D000BDFB2046FFF70AFCC6E700003447002406
:10B4E000FFF744BF2DE9F0410A784FF0000512F054
:10B4F00060020CD0202A01D0402A7DD1D0F8D4227D
:10B5000000EB8202D2F8B8229268904731E04B7883
:10B51000002201260A2B6FD2DFE803F041666E5845
:10B520006E08056E2D29FFF7ECFB67E0044688885E
:10B53000D8B9C888C8B94888802816D294F89C22FF
:10B5400000F07F07032A10D03946204684F89E7207
:10B55000FFF7CAFE2046FFF7C9FB1FB1022084F89F
:10B560009C024BE084F89C6248E0204644E0FFF7F0
:10B5700059FF054642E0CB88012B3DD190F89C3223
:10B58000012B04D0022B02D0032B35D104E000F1B3
:10B5900008018260012216E00122011D13E090F8EB
:10B5A0009C22012A03D0022A01D0032A24D1CA886E
:10B5B000022A21D1D0F8A412C66009B10321C160CA
:10B5C000022200F10C01FFF784FB17E04A88012AF0
:10B5D00002D0022A03D00FE0C0F8A46216E08988E6
:10B5E000090A80F8A01211E090F89C32012B08D0D3
:10B5F000022B06D0032B04D0FFF746FB2846BDE8FC
:10B60000F08149880129F9D1C0F8A422FFF76EFB27
:10B61000F4E72DE9F0410A780E460979054612F063
:10B6200060004FF00008CCB20BD0202801D0402899
:10B630006AD121462846FFF713FBFF2800D0D8B374
:10B6400096E07078C8B3012824D003285CD195F81F
:10B650009C02022802D0032856D10CE0002C53D0C3
:10B66000802C51D021462846FFF777FE80212846BE
:10B67000FFF773FE7CE0708840B93CB1802C05D0A8
:10B68000F08818B921462846FFF767FE2846FFF7DD
:10B690002DFB6DE095F89C020228DFD0032863D1D2
:10B6A000708880BB600603D021462846FFF785FCE2
:10B6B0002846FFF71BFBBCE700E00AE0C5F8D40210
:10B6C000D5F8B8028268F2B13146284690478046E4
:10B6D0004EE095F89C020027022802D0032843D1AF
:10B6E00013E00CB1802C3FD1200604F07F0000EB6A
:10B6F000800005EB800101D5143101E001F5AA714C
:10B7000002220F602CE033E02EE0200604F00F0050
:10B7100000EB800005EB800009D5808C20B304F09D
:10B720007F0000EB800005EB800614360AE0B0F8DD
:10B730006401C8B104F07F0000EB800005EB8006D7
:10B7400006F5AA764CB1802C07D021462846FFF793
:10B7500035FD10B10120306000E037600222314633
:10B760002846FFF7B6FA03E031462846FFF78CFA81
:10B770004046BDE8F08170B5054608780E464FF0AA
:10B78000000410F0600003D0202801D0402827D109
:10B7900095F89C02012803D0022801D003281FD16C
:10B7A000B088C1B201291AD8C1B22846FFF75AFAA7
:10B7B000FF280CD058B9D5F8B8128A683AB1C5F844
:10B7C000D40228468A6831469047044600E00324A4
:10B7D000F088204307D12846FFF788FA03E0314676
:10B7E0002846FFF751FA204670BD70470048704761
:10B7F000F471002470B54D7801230A78012D1C4C9A
:10B8000002F00F0503FA05F3D0F81C5817D000EB2F
:10B81000421245EA0343C0F81C38D2F8000B00047A
:10B820000BD40B890979D2F8000BC3F30A03184330
:10B8300044EA81410843C2F8000B002070BD9EB26B
:10B840003543C0F81C5800EB4213D3F8000900043C
:10B85000F3D40D890979D3F80009C5F30A058904E1
:10B86000284341EA825108432043C3F80009E4E732
:10B8700000800010D0F800196FF30A01C0F8001919
:10B88000D0F8041841F48071C0F804180020704703
:10B8900070B504461D4606990A9E0D9801291DD0D3
:10B8A000E06840F04000E060204600F035F8A16B11
:10B8B0005EB321F48031A163012D0ED1E16D144AF4
:10B8C00089B2E165E16D1143E165A16841F00601CE
:10B8D000A160A16841F02001A16070BDA26B0128A8
:10B8E0000C4922F48030A063E06800EA0100E060C7
:10B8F000E06820F44010E06003D1E06840F480107C
:10B90000E060204600F008F8D6E741F48031D2E745
:10B910000000EE03BFFFBDFF08B50E4900220092F4
:10B92000009B5B1C00938B420CD80369002BF7DA59
:10B930000092026942F001020261009A521C0092D8
:10B940008A4201D9032008BD0269D207F5D100203F
:10B9500008BD0000400D030070B50A7801234C7843
:10B96000012C00EB42122CD0D2F8004B002C0BDA49
:10B97000D2F8004B44F00064C2F8004BD2F8004B00
:10B9800044F08044C2F8004B0C78D0F83C5804F0E6
:10B990000F0403FA04F425EA0444C0F83C4809788B
:10B9A000D0F81C4801F00F018B401C4924EA0343E6
:10B9B000C0F81C38D2F8000B0840C2F8000B002079
:10B9C00070BDD2F80049002C0BDAD2F8004944F0DF
:10B9D0000064C2F80049D2F8004944F08044C2F83B
:10B9E00000490D78D0F83C4805F00F050C4E03FADD
:10B9F00005F5ADB2AC43C0F83C48D0F81C48097816
:10BA000001F00F018B4099B28C43C0F81C48D2F86A
:10BA100000093040C2F80009D1E700000078F3EFD8
:10BA2000007833ECD0F8001E21F00301C0F8001EAE
:10BA3000D0F8041821F00201C0F804180020704763
:10BA4000D0F8001E21F00301C0F8001ED0F8041841
:10BA500041F00201C0F80418002070472DE9F04FB2
:10BA60009A460E4600210446DDE90B3B109F0D4629
:10BA7000099A084604EB800CCCF80411401C0F28EE
:10BA8000F8D32046A7B1806B40F4001CC4F838C03E
:10BA900088460846C4F8000E2046D4F80018012B4A
:10BAA000C4F800181AD0D0F8001841F003011AE0C9
:10BAB000D0F8040840F0020CC4F804C8A06B20F4CD
:10BAC000001CC4F838C0206840F0400CC4F800C026
:10BAD000206840F0800CC4F800C0D9E7D0F8001806
:10BAE0000AB141F00101C0F80018102100F08CFAF1
:10BAF00000B10125204600F069FA00B10125404659
:10BB00004FF000684FF67F334FF09049C4F81008AB
:10BB1000C4F81408C4F81C08002114E004EB411216
:10BB2000D2F800C9BCF1000F06DA11B1C2F80099D1
:10BB300004E0C4F8008901E0C2F80009C2F8100965
:10BB4000C2F80839491C8E42E8D8002115E000BF30
:10BB500004EB4112D2F800CBBCF1000F06DA11B1B0
:10BB6000C2F8009B04E0C4F8008B01E0C2F8000BAF
:10BB7000C2F8100BC2F8083B491C8E42E8D8D4F832
:10BB80001038BAF1000F6FF0804223F48073C4F8CC
:10BB90001038A061626103D1A06940F01000A0617B
:10BBA000A069BBF1000F094A40EA0200A06103D07E
:10BBB000A06940F00800A061012F03D1A0690449E9
:10BBC0000843A0612846BDE8F08F000000383C80A3
:10BBD00004000040816821F001018160002070476D
:10BBE00010B5144C036CA34203D9D0F8003B002BD2
:10BBF0001EDB0023C0F8103B0129D0F8101B41F4D4
:10BC00000021C0F8101BD0F8101B41F01801C0F83B
:10BC1000101BD0F8101B41F0C041C0F8101B07D119
:10BC2000C0F8142BD0F8001B41F08021C0F8001B95
:10BC3000002010BD0A30544F0B784A78012A00EBDF
:10BC400043100BD0D0F8002B22F40012C0F8002BC8
:10BC50000979032914D0022912D017E0D0F800295D
:10BC600022F40012C0F800290979032901D0022921
:10BC70000CD1D0F8001941F08051C0F8001905E04E
:10BC8000D0F8001B41F08051C0F8001B0020704725
:10BC90000A784B78D1B2012B00EB421012D0D0F8C9
:10BCA000002B002A06DB29B1D0F8001B21F08041CF
:10BCB000C0F8001BD0F8001B41F40011C0F8001BB5
:10BCC00000207047D0F80029002A06DB29B1D0F8FF
:10BCD000001921F08041C0F80019D0F8001941F492
:10BCE0000011C0F80019EBE7F8B50B786FF060466B
:10BCF0004F788A4DDCB2012F00EB43132BD0D3F8E1
:10BD0000107B002C07EAC544C3F8104BD3F8104B46
:10BD100004EA0504C3F8104B7ED00D69002D7CD0D9
:10BD20008C6825446D1EB5FBF4F5ADB26C430C6216
:10BD300006EAC545D3F8104B2C43C3F8104BD3F893
:10BD4000104B0D6AC5F3120554EA0504C3F8104BF5
:10BD5000012A6ED0C9E00F6937B3D3F810796FF3B9
:10BD60001207C3F81079D3F8107907EA0507C3F86A
:10BD700010794CB30F698D68D3F810C92F447F1E1A
:10BD8000B7FBF5F506EAC54545EA0C05C3F81059B9
:10BD90000E69D3F81059C6F312063543C3F810598B
:10BDA0000D79012D1CD027E0D3F810692E40C3F87F
:10BDB0001069D3F8105945F40025C3F81059D3F889
:10BDC00010596FF3120515E00E698D68AE4200D967
:10BDD0000D61D0F8106946F40026C0F81069D7E765
:10BDE000D3F8105925F0C045C3F81059D3F81059AD
:10BDF00045F00055C3F81059012A1BD000EB44133D
:10BE0000D3F8004944F00444C3F800490C79012CEC
:10BE100031D00A6972B301E042E055E00B78D0F806
:10BE20003418012203F00F039A401143C0F834186C
:10BE300071E056E0CA691AB100EB4413C3F8142943
:10BE4000097901290ED1D0F80818C90500EB441171
:10BE5000D1F8002902D442F0005201E042F08052B1
:10BE6000C1F8002900EB4410D0F8001941F004415A
:10BE7000C0F800194FE0D0F80848E405D3F80049AD
:10BE800002D444F0005401E044F08054C3F8004967
:10BE900000920B8A0A78C9689BB200F0E7F93AE091
:10BEA0000C690CB18C680C618C680C62C4F31205CF
:10BEB000D0F8104B2C43C0F8104BD0F8104B44F482
:10BEC0000024C0F8104B43E78D68D3F8104BC5F33E
:10BED00012052C43C3F8104BD3F8104B44F4002444
:10BEE00034E7CA680AB1C3F8142B097901290CD1C7
:10BEF000D0F80808C005D3F8000B02D440F0005079
:10BF000001E040F08050C3F8000BD3F8000B40F084
:10BF10000440C3F8000B0020F8BD0000FFFF07E05D
:10BF200038B5002242F21074002300920A784D784E
:10BF3000012D00EB421219D0D2F8005B002D3CDA43
:10BF4000D2F8005B45F00065C2F8005B0A7800EBB0
:10BF50004212D2F8005B45F08045C2F8005B009ABF
:10BF6000521C0092A24221D9012326E0D2F80059A6
:10BF7000002D22DAD2F8005945F00065C2F80059C8
:10BF80000A7800EB4212D2F8005945F08045C2F819
:10BF90000059009A521C0092A242E5D80A7800EBA0
:10BFA0004212D2F80029002AF3DB06E00A7800EBFF
:10BFB0004212D2F8002B002AD1DB184638BD816826
:10BFC00041F00101816000207047000008B50D4973
:10BFD00000220092009B5B1C00938B420AD80369ED
:10BFE000002BF7DA009210230361009A521C009292
:10BFF0008A4201D9032008BD0269D206F5D4002087
:10C0000008BD0000400D030018B50E4A0023009340
:10C01000009C641C009494420CD80469002CF7DA4C
:10C020002024009344EA811101610099491C009188
:10C03000914201D9032018BD01698906F5D4002079
:10C0400018BD0000400D0300D0F8080810F00600ED
:10C0500004D0022803D0062801D00F207047022008
:10C060007047406900F001007047D0F81818D0F808
:10C070001C08084080B27047D0F81818D0F81C0887
:10C080000840000C704710B5D0F8102801F00F03DD
:10C0900000EB4114D0F83418D4F80809D94001F065
:10C0A000010142EAC111084010BD00EB4111D1F875
:10C0B000081BD0F81408084070474169806908409F
:10C0C00070470346084630B5940802F00301002289
:10C0D00003F5805303E01D68521C40F8045BA24244
:10C0E000F9D300290CD01C680023491EDD00090487
:10C0F00003F10103090C24FA05F200F8012BF4D135
:10C1000030BD70B50446C06801294FF0000520F02D
:10C11000C040E06001D079B120E0E06840F000501C
:10C12000E0600120F7F770FF60696D1C10F0010FEF
:10C1300010D1322DF5D30DE0E06840F08040E06092
:10C140000120F7F761FF60696D1C10F0010F01D04D
:10C15000322DF5D3322D01D0002070BD012070BDED
:10C16000D0F800284FF4FE6303EA011322F4FE62C4
:10C17000C0F80028D0F800181943C0F800180020B3
:10C1800070470000022A3ED1264A274B0A449A42B1
:10C1900001D20F2138E0254A254B0A449A4201D2A8
:10C1A0000E2131E0234A244B0A449A4201D20D2148
:10C1B0002AE0224A224B0A449A4201D20C2123E06F
:10C1C000204B214A0B44934201D20B211CE01F4B10
:10C1D0001F4A0B44934201D20A2115E01D4B1E4A0F
:10C1E0000B4493420FD31D4B1D4A0B44934201D283
:10C1F000082109E01B4B1C4A1944914201D2072136
:10C2000002E0062100E00921C2684FF4705322F4D5
:10C210007052C26003EA8123C1681943C1600020E3
:10C2200070470000405327FF00350C00401E1BFFE5
:10C2300040420F0000DC0BFF804F1200808CF9FEA3
:10C2400020D6130060B6E5FE60E3160000D3CEFEF4
:10C2500040771B00C05BB3FEC091210000CA91FE75
:10C2600020753800E05459FEE09C410010B5029C56
:10C2700074B900EB0232DB1C00209B0802F58052EF
:10C2800004E000BF51F8044B1460401C9842F9D3FD
:10C29000002010BDFEE74100080218BF04200A0E6E
:10C2A00018BF40F001004FF07F4232EA010108BFA1
:10C2B00040F00200012808BF052070470907002848
:10C2C0004FEA116104DB00F1E02080F800147047B0
:10C2D00000F00F0000F1E02080F8141D704700000E
:10C2E00010B54FF00E402DED028BB0EE408A18EEE7
:10C2F000104A00EB4400B0F1506F4AD84FF0FC40B8
:10C30000B0EB440F22D2B0EEC80ADFED360A30EEB1
:10C31000C00ADFED350A60EE208A18EE900A03F0BD
:10C320007BFA01EE100A14F0004F1DBFDFED2F0A5B
:10C330009FED2F0AB1EE411ADFED2E0A08BF9FEDE7
:10C340002E0ADFED2E1A21EE218A05E0DFED2C0A00
:10C3500068EE088AB0EE600A9FED2A1ADFED2A1A0D
:10C3600030EE080A48EE811A9FED281A08EEA11A4D
:10C37000DFED271A48EE811A9FED261A08EEA11A62
:10C3800068EE281ABDEC028B01EE810A30EE200A1D
:10C3900010BD4FF0E440B0EB440F0CD918EE100A7A
:10C3A000FFF779FF042808BF00F076FFB0EE480AD7
:10C3B000BDEC028B10BD4FF07F40B0EB440F07D2B5
:10C3C000B0EE480ABDEC028BBDE8104000F04EBF55
:10C3D0000120F4F7EAFABDEC028BBDE8104000F052
:10C3E0004BBF00000000803F0000003F0000C9BFBD
:10C3F00022AAFDB90000C93F22AAFD39000000C0F1
:10C400000000000024FE1C3DC78AD83C1E67383D52
:10C410001B93993DAFAA2A3E10EE100A10B510EEFC
:10C42000901A4FF0684202EB40032DED028BB3F1FE
:10C43000654F3CBF02EB4102B2F1654F7CD200BFB9
:10C44000C0F3C753C1F3C7529A1A1B2A09DD10F073
:10C45000004F14BF9FED6E0A9FED6E0ABDEC028B7C
:10C4600010BD12F11A0F1BDA11F0004F09D010F0B5
:10C47000004F0CBF9FED680A9FED680ABDEC028B70
:10C4800010BD80EE208A18EE100AFFF704FF042882
:10C4900008BF00F001FFB0EE480ABDEC028B10BDF2
:10C4A0004200B2EB410F37D910F0004F19BFDFED5A
:10C4B0005C1A9FED5C1ADFED5C1A9FED5C1AB0EE22
:10C4C000602A0A46F1EE400A80F00041B0EE420ACE
:10C4D00010460A1A5200B2F1807F34D2484010F060
:10C4E000004FDFED532A9FED533A1DBF9FED522AB7
:10C4F00071EEE21A31EE431A9FED502A04BF71EE3D
:10C50000A21A31EE031AF0EE402A42EE602A40EE03
:10C51000020A82EEA02A18E011F0004F04BF9FED3E
:10C52000481AF0EE411AD4D010F0004F1CBFDFEDD6
:10C53000451A9FED451A00E026E004BFDFED431ADF
:10C540009FED431AC5E780EE202A22EE020ADFEDB6
:10C55000410ADFED412ABDEC028B40EE202ADFEDDF
:10C560003F0A40EE220ADFED3E2A40EE202ADFEDB0
:10C570003D0A40EE220A22EE000A00EE201A31EEB9
:10C58000020A30EE210A10BD4FF07F42B2EB400F9D
:10C5900028BFB2EB410F05D2BDEC028BBDE81040C5
:10C5A00000F067BE40EA01035B0008BF41F0FF41B5
:10C5B0000BD0B2EB400F08BFB2EB410F08D120F017
:10C5C000804000EE100A21F0804100EE901A37E71B
:10C5D000B2EB400F12BF5FEA410240F0FF4001F0B2
:10C5E00000413FF42DAF4A0092EA40033FF528AFE7
:10C5F000002AACBF9FED1C1A9FED1C1A20EE010A09
:10C6000060EE810A10EE100A10EE901A18E7000092
:10C61000DB0FC9BFDB0FC93FDB0F4940DB0F49C050
:10C620000000C9BF22AAFDB90000C93F22AAFD39F6
:10C630000060ED3EC30ACE37000000BF0000003F9F
:10C6400000000000000049C022AA7DBA0000494055
:10C6500022AA7D3A2DAD65BD8FB8D53D0FB511BE6F
:10C6600061C84C3EA8AAAABE0000804F0000802FDF
:10C6700010EE100AC0F3C7517F391729A8BF7047C1
:10C68000DFED150A9FED151A002970EE200A0CDA6D
:10C69000B4EEE01AF1EE10FA1AD20028C8BF4FF03B
:10C6A0007E50B8BF4FF0004012E00D4A22FA01F26E
:10C6B000104208BF7047F4EEC10AF1EE10FA07DD30
:10C6C000002804DD4FF4000323FA01F108449043ED
:10C6D00000EE100A70470000CAF249710000000025
:10C6E000FFFF7F0010EE101A08B5434A6846B2EB10
:10C6F000410F26D94FF0E640B0EB410F94BF002028
:10C700004FF0FF3000900098DFED3C0A002860DB1E
:10C7100010F0010F46D060EE000ADFED391A9FEDF0
:10C72000391A10F0020F00EEE11ADFED371A40EE71
:10C73000811A21EEA01AF0EE400A40EE010A2ED036
:10C7400041E0324B21F0004293423FD911F0004FBB
:10C75000DFED2F0A20EE201ADFED2E0A19BF31EE91
:10C76000601A71EE200A31EE201A71EE600ABDEEF9
:10C77000E01A11EE100A9FED281A00F0030000EEF7
:10C78000C10A9FED261A009000EEC10A9FED241AFF
:10C7900000EEC10A9FED231A00EEC10AB3E7F1EEE5
:10C7A000600A10E020EE000A9FED1F1ADFED1F1A4D
:10C7B00010F0020F40EE011A9FED1D1A00EE211A33
:10C7C00040EE010AEBD1B0EE600A08BD00F06CFD4E
:10C7D00099E710EE100A4000B0F17F4FF3D307D174
:10C7E0004FF00100F4F7E1F8BDE8084000F044BD67
:10C7F000BDE8084000F03ABDB61F927E0000803FC1
:10C80000336D4C39DA82083CA0AA2ABE490E49464B
:10C8100083F9223F0000004B0000C93F00A0FD3912
:10C820000020A2331A61342CB93AB2BACA9F2A3D09
:10C83000DDFFFFBE10EE100AC0F3C7517F39172984
:10C84000A8BF7047DFED150A9FED151A002970EE9D
:10C85000200A0DDAB4EEE01AF1EE10FA1AD200282E
:10C86000A8BF002016DAB0F1004F18BF0D4811E044
:10C870000D4ACA40104208BF7047B4EEE01AF1EE0C
:10C8800010FA07D2002804DA4FF4000323FA01F16A
:10C890000844904300EE100A70470000CAF2497144
:10C8A00000000000000080BFFFFF7F0010B52DEDED
:10C8B000088B9FEDFE1A10EE100A10EE901AB0EEE3
:10C8C000418A0022A0F5000C4FF00073DFEDF89ACA
:10C8D000BCF1FE4F4FF07F4403EB410C80F0A4818C
:10C8E000BCF1804FC0F01882F24901449FEDF23A4A
:10C8F0009FEDF2AAB1F5005F40F2CA8200F58021F7
:10C90000CB0C03F00F0100EE101AC3F307137F3BAB
:10C91000A0EBC350B8EEC02A01EE900A1A44DFED36
:10C92000E82AB0EE410A02EE220AF0EE403A31EE79
:10C93000A30A31EEE32A10EE100A00F500606FF34F
:10C940000B0002EE900A73EEE23A73EEA13AC1EEEA
:10C95000001A22EE210A10EE100A00F500606FF3B3
:10C960000B0000EE100A00EE622A00EE632A62EE6F
:10C97000212A70EE221A21EEA12ADFEDD23A02EE30
:10C98000233A23EE023A20EE012A22EE811A03EE28
:10C99000211A32EE010A10EE100A00F500606FF362
:10C9A0000B0000EE100A72EE401A31EE812A9FED64
:10C9B000C61A60EE011A9FEDC51A20EE011A9FED0E
:10C9C000C40A02EE001A31EE810A10EE100A00F5D8
:10C9D00000606FF30B0000EE100ABE4871EEC01A43
:10C9E00031EE812A784400EBC10090ED003AD0EDA1
:10C9F000011A100101EE100AF8EEC12A32EE211AD6
:10CA000031EE001A31EE031A31EE221A11EE100A3D
:10CA100000F500606FF30B0008EE900A38EEE21AA2
:10CA200031EE431A31EE400A30EE610A72EE40AA4E
:10CA300010EE900A002100F500606FF30B0009EE84
:10CA4000100A084630EEC9BA4FF0000028EE890AF5
:10CA500000F00C01F0EEC00A10EE900AB0F18B4F1E
:10CA60000FDD10EE900AB4EB400F0AD310EE100A5F
:10CA70004FF08B42B0EE699A62F31E0008EE900A06
:10CA800013E068EE8B0A39EE0B1A4AEE810A30EE9B
:10CA9000201A11EE100A00F500606FF30B0008EE8B
:10CAA000900A30EE680A30EE209A0C204FF0000019
:10CAB00038EE890AB4EEE90AF1EE10FA38BF9FEDBC
:10CAC00086AA3AEE000ABDEEC00A10EE100A011165
:10CAD00000EE101AF8EEC00A00EE100AB8EEC00A16
:10CAE00038EEC00A30EE090ADFED7C1A9FED7C1AA1
:10CAF00000EE211ADFED7B1A7B4900F00F0040EEBB
:10CB0000011A21EE800A794401EB800191ED001AAF
:10CB10007649794401EB8001D1ED001A744901EEA8
:10CB2000801A794401EB8000724990ED000A31EEE1
:10CB3000001AB0EEE00A10EE100A884215DA10EE84
:10CB4000100AB4EB400F10D39FED6B0A30EE800A51
:10CB5000DFED6A0A20EE200A68EE010ABDEC088BC0
:10CB6000BCEEC00A20EE200A10BD10EE100A644987
:10CB7000884233DA10EE100AB4EB400F2ED3BDEE2C
:10CB8000E00A68EE010A10EE100A00EBD0725110B4
:10CB9000C90501F17E5100EE101AA0EB6200C0053C
:10CBA00060EE200A00F17E5000EE100A60EE808AEE
:10CBB00018EE900AB4EB400F25D018EE900A400012
:10CBC00011D018EE900AFFF766FB042808BF00F0AA
:10CBD00063FBB0EE680ABDEC088B10BDF4EEE90A09
:10CBE000F1EE10FA0FD20220F3F7DFFE00F054FB53
:10CBF00018EE100A10EE101ABDEC088B61F31E003F
:10CC000000EE100A10BD0220F3F7CFFE00F03CFB4F
:10CC100018EE100A10EE101ABDEC088B61F31E001E
:10CC200000EE100A10BD00BFBCF1804F74D300BFEE
:10CC300000F1FF43B3F1FE4F24D200BFB0EEC00AB3
:10CC400010EE100AC1F3C7537F2B0DDB972BBFF6F5
:10CC50004BAEC3F196034FF0010C0CFA03F3A3F1B2
:10CC6000010C1CEA010F08D00120F3F79EFEBDEC79
:10CC7000088BBDE8104000F0FFBA0B4218BF9FEDD3
:10CC8000218A31E643001CBF4FF08073B3EB400FA5
:10CC90003CD96FF01A02DFED1C1A20EE210A10EECB
:10CCA000100A10F0004FC9D11EE635E00000803FA9
:10CCB00000000000001080C0ABAAAA3E0000003FA8
:10CCC0000000803D7EE24C3E00B03842D49AB8BBB2
:10CCD0003BAA38429C5A0000000000BFFC59633751
:10CCE000C9FF753A1872313D3A5A00006E5A000079
:10CCF000DE5900000000FC420000FE420000004B34
:10CD000000004043000080BF0000004DA0F500037C
:10CD1000B3F1FE4F21D2E7E503EB4103B3F1007F0E
:10CD200011D3F4EE690AF1EE10FA05D1430018BFF1
:10CD3000B4EB400F76D87BE701F0004141F0FC51A5
:10CD400000EE901A74E7B3F1807F06D210EE903AAD
:10CD5000A3F5000300EE903A6AE720F000426FF07E
:10CD6000FF4C604C02EB0C03A34210D321F00043B4
:10CD70009C44A4450BD3B0F17E5F18BF5FEA410C21
:10CD800050D0B2F1FF4F98BFB3F1FF4F05D9BDECC2
:10CD9000088BBDE8104000F06CBAB0F1FF4F0FD027
:10CDA000C1F3C7527F2A09DB972A11DAC2F1960232
:10CDB000012303FA02F2531E0B4205D0002208E0C1
:10CDC00011F0004F55D128E00A4218BF012200D1CE
:10CDD000022210F5000F13D028B3B0F1004F26D077
:10CDE00010F1814F4FD04FF0FE42B2EB400F94BF95
:10CDF00001200020012202EBE171884239D10CE0D0
:10CE000011F0004F02D0012A38D032E0012A02BFCF
:10CE10009FED350ABDEC088B10BD9FED340ABDECCB
:10CE2000088B10BD2FE011F0004F0CD121E0B1F1C3
:10CE3000FF4F1ED011F5000F05D011F0004F15D097
:10CE40000AB1012A08D00220F3F7AFFDBDEC088B30
:10CE5000BDE8104000F0FEB90220F3F7A6FD00F097
:10CE6000F9F9BDEC088BB1EE400A10BD0AB1012AF8
:10CE700004D0B0EE690ABDEC088B10BDBDEC088B88
:10CE80009FED1B0A10BDBDEC088BB0EE410A10BD32
:10CE900030EE410A9FED171A9FED182A00EE413A35
:10CEA000B0EE4A1A60EE001A00EE431A61EEC11AA3
:10CEB0009FED111A20EE011A20EE020A9FED102AB2
:10CEC00001EE820A71EE001A11EE900A00F5006080
:10CED0006FF30B0008EE900A31EE681A71EE00AAAB
:10CEE000A6E50000FFFF3F00000080FF0000807FFC
:10CEF000000000800000803E00B0B841D49A38BBEA
:10CF00003BAAB84100B510EE101A2DED028B81B08E
:10CF1000524A6846B2EB410F2ED94FF0E640B0EBD3
:10CF2000410F94BF00204FF0FF3000900098B0EE0A
:10CF3000408A00286ADB10F0010F4BD068EE080A27
:10CF40009FED471A9FED470A00EE810A9FED461AB2
:10CF500000EE801A9FED450A10F0020F00EE810AE4
:10CF600002BF01B0BDEC028B00BD00BF01B0B1EE4D
:10CF7000400ABDEC028B00BD3D4B21F000429342C4
:10CF800041D911F0004FDFED3B0A20EE201ADFED12
:10CF90003A0A19BF31EE601A71EE200A31EE201AFA
:10CFA00071EE600ABDEEE01A11EE100A9FED331A21
:10CFB00000F0030000EEC10A9FED311A009000EE70
:10CFC000C10A9FED301A00EEC10A9FED2F1A00EE44
:10CFD000C10AABE728EE080A9FED2C1ADFED2C0AF8
:10CFE00010F0020F40EE410A9FED2A1A00EE201ABF
:10CFF00061EE000AB0EE480A08EE200AB6D101B090
:10D00000BDEC028B00BD00F04FF98FE718EE100A5F
:10D010004000B0F17F4F0DD218EE100AFFF73BF938
:10D02000042808BF00F038F9B0EE480A01B0BDECA2
:10D03000028B00BD09D10120F3F7B7FC01B0BDECB4
:10D04000028B5DF804EB00F017B901B0B0EE480AAE
:10D05000BDEC028B5DF804EB00F008B9B61F927EC0
:10D06000B93AB2BACA9F2A3DDDFFFFBE0000803F39
:10D07000490E494683F9223F0000004B0000C93F9A
:10D0800000A0FD390020A2331A61342C336D4C39D5
:10D09000DA82083CA0AA2ABE10B52DED028BB1EEB3
:10D0A000C08A18EE100A20F00040C0F1FF40C00F07
:10D0B0000AD010EE100A20F00040C0F1FF40C00F6F
:10D0C00004BF0120F3F771FCB0EE480ABDEC028BFF
:10D0D00010BD000000B510EE101A2DED028B81B0CE
:10D0E0004D4A6846B2EB410F3CD94FF0E640B0EBF9
:10D0F000410F94BF00204FF0FF3000900098B0EE39
:10D10000408A00285FDB28EE080ADFED440A9FED25
:10D11000441A00EE201ADFED430A40EE010A9FEDAB
:10D12000421A00EE201ADFED410A10F0010F40EE26
:10D13000010A9FED3F1A00EE201A61EE000AB0EEE0
:10D14000480A08EE200A02BF01B0BDEC028B00BD08
:10D150009FED381A01B0C1EE000ABDEC028BB0EEB3
:10D16000600A00BD344B21F00042934228D911F0EF
:10D17000004FDFED320A20EE201ADFED310A19BF31
:10D1800031EE601A71EE200A31EE201A71EE600A5B
:10D19000BDEEE01A11EE100A9FED2A1A00F003000E
:10D1A00000EEC10A9FED281A009000EEC10A9FED23
:10D1B000271A00EEC10A9FED261A00EEC10A9DE76C
:10D1C00000F072F89AE718EE100A4000B0F17F4FB5
:10D1D0000DD218EE100AFFF75EF8042808BF00F021
:10D1E0005BF8B0EE480A01B0BDEC028B00BD09D17E
:10D1F0000120F3F7DAFB01B0BDEC028B5DF804EB24
:10D2000000F03AB801B0B0EE480ABDEC028B5DF810
:10D2100004EB00F02BB80000B61F927EBBE9223C65
:10D220000C6D063B8A76CE3CACB5593D35A1083E27
:10D2300029AAAA3E000080BF490E494683F9223F31
:10D240000000004B0000C93F00A0FD390020A233C0
:10D250001A61342CDFED030A9FED031A80EE810A78
:10D26000704700000000803F0000000030EE000A20
:10D27000704730EE200A7047DFED020A80EEA00A08
:10D2800070470000000000009FED020A20EE000A37
:10D2900070470000000000709FED020A20EE000AB7
:10D2A00070470000000000102DE9F0014FF07F42B0
:10D2B000B2EB410F9FBF4FF0FF310160BDE8F001BD
:10D2C00070474FF0004242EA0123C1F3C752783A57
:10D2D000551112F01F0C434CCCF120067C44C1F3D5
:10D2E000C752A2F178024FEA621204EB820254F8AC
:10D2F000254008BFD2E9015612D0556804FA0CF453
:10D3000025FA06F73C43976805FA0CF527FA06F864
:10D31000D26807FA0CFCF24045EA08054CEA02061E
:10D32000A4FB034CA5FB0352A6FB03631D449D42D3
:10D3300034BF012600261319334416B1934202D993
:10D3400003E0934201D2012200E00022624402F194
:10D35000200C9206DC0C42EA443200EE102A5B03F9
:10D36000DFED210AF8EEC01A00EE103A4FEA9C1CDD
:10D3700011F0004FB8EE400AC0F800C020EE201AAD
:10D3800000EE105ADFED190AB8EE400A20EE200A2E
:10D3900071EE810A70EE800A10EE902A02F50062AA
:10D3A0006FF30B0200EE902A70EEE11A31EEC11A13
:10D3B000DFED101A30EE411A9FED0D0A20EE800AC3
:10D3C00001EE210A9FED0C1A00EE810A04BFBDE8B0
:10D3D000F0017047CCF180510160BDE8F001B1EE81
:10D3E000400A7047E4520000000000360000802C24
:10D3F00022AAFD29DB0FC92F0000C92FD0EC021A89
:10D4000031EE403A90ED0B5AD0ED053A70EEC02A5D
:10D41000D0ED064A35EE421A73EEE13A90ED0A4A33
:10D4200034EEC20A22EE811A74EE611A23EE232A28
:10D43000D0ED100A03EE401A01EEE22A21EE200A96
:10D4400062EE200A704700002DE9F74F82460E4633
:10D4500000F57C402DED028B92B0009000208346B9
:10D46000ECE000BF00EBC00101EB001180F0010314
:10D470000AEBC10006EB860200F57C4903EBC30111
:10D4800009EB82005A4601EB0311A0F114080AEBE4
:10D49000C100414600F57C40CDE90603002450461A
:10D4A00000F09EFF0027B0EE408ABDE007EB87004A
:10D4B0005A4609EB80055046294600F091FFB5EE2B
:10D4C000C08AF0EE408AF1EE10FA04DDF5EEC08A73
:10D4D000F1EE10FA09D3B5EEC08AF1EE10FA7CD263
:10D4E000F5EEC08AF1EE10FA7BDD78EE680A0A2CC0
:10D4F00088EE200A7CD295ED001AD8ED000A14229D
:10D500000DA831EE601A08A941EE000ACDED080A17
:10D5100095ED011AD8ED010A31EE601A41EE000ACC
:10D52000CDED090A95ED021AD8ED020A31EE601A26
:10D5300041EE000ACDED0A0A95ED031AD8ED030A73
:10D5400031EE601A41EE000ACDED0B0A95ED041A9A
:10D55000D8ED040A31EE601A41EE000ACDED0C0A56
:10D56000F3F7BAF914220DA901A8F3F7B5F9BBF145
:10D57000050F43D2DFE80BF003070D151F000098DD
:10D5800090ED6A0A02E0009890ED6B0A8DED030AB7
:10D590001AE000989DED030AD0ED6C0A20EE600AB7
:10D5A00006E000989DED030AD0ED6C0A20EE200AFB
:10D5B0008DED010A08E000989DED030AD0ED6D0A9B
:10D5C00020EE600A8DED020A069904EB8400142215
:10D5D00001EB8000641C01A901E002E008E0F3F720
:10D5E0007BF9F5EEC08AF1EE10FA19DB0A2C0DD3A7
:10D5F000002012B0BDEC028BBDE8FE8F00989DEDBF
:10D60000030AD0ED6D0A20EE200ADBE7069804EB52
:10D610008401142200EB81002946641CF3F75CF9B5
:10D620007F1CA846B0EE688AB742FFF43FAF079868
:10D630000BF1010BBBF1060F264602D2002E7FF440
:10D6400011AF169908603046D3E70000F0B50446E4
:10D6500017467C300D462DED068BF0EE409AB0EE6D
:10D6600060AAF0EE41AA83B00646F4F735FCF0EE6E
:10D67000418AB0EE408A3AEEC11AB0EE609A39EEB5
:10D68000C00A7AEE600A28468DEC030A00F0B3FC6B
:10D690009FB194F8F80080B19FED271ADFED270ABB
:10D6A00002F083FD48B1684600F0A5FC10EE100AB8
:10D6B000B0F17A5F01DC012100E00021204B002065
:10D6C00005EB800204EB800792ED000AD7ED3A0AE1
:10D6D00030EE600AB0EEC00A10EE102A9A4200DD69
:10D6E0000021401C0328EBD391B1D4F8BC00B0EE6C
:10D6F0006A1A40F00200C4F8BC00F0EE4A0AB0EE2C
:10D70000690A3046F4F718FC03B0BDEC068BF0BD97
:10D710003046F4F7E5FB0B493046F4F7F3FBB0EE87
:10D72000681AF0EE490AB0EE480A3046F4F7E6FB14
:10D730009DEC030AE8E7000092CB873FD3DE703F01
:10D740000AD7A33C982301080349044A0968B1FB9E
:10D75000F2F1B0FBF1F07047AC46002440420F00FC
:10D7600091ED002AD0ED001A90ED011AD1ED012AB9
:10D7700032EE612A70EEC10A70EE611A32EEC11A01
:10D7800022EE200A01EE610A70470000B4EE400A62
:10D79000F1EE10FA0BD110EE100A0649884206D2BB
:10D7A00010EE100A0449884201DA01207047002077
:10D7B00070470000002474C90024744910B5002487
:10D7C0002DED088BB6EE00AAB0EE41BA20EE0A8A23
:10D7D000F0EE609AB0EE480AFFF794FBF0EE408A54
:10D7E000B0EE480AFEF77EFF29EE8A8AB0EE409A34
:10D7F000B0EE480AFFF786FBF0EE409AB0EE480A1A
:10D80000FEF770FFF0EE40AA2BEE0A0AB0EE408A57
:10D81000FFF778FBB0EE40AAB0EE480AFEF762FFD1
:10D82000B0EE408AF0EE493A03EE104A02EE904A1A
:10D83000B0EE682AF0EE6A1A01EE104AF0EE690ABC
:10D8400000EE104A00F0AEFBF0EE613AB0EE413A65
:10D85000F0EE481AB0EE4A1ABDEC088BB0EE402B41
:10D8600000EE904A00EE104ABDE8104000F09ABB6E
:10D87000A0F16102192A01D82038C0B2A0F130020B
:10D88000092A07D8174A00EB80001044084410F812
:10D89000F00C7047A0F14102192A0AD8114A00EB96
:10D8A0008000323210440844A0F5805090F8BB0E3E
:10D8B00070472E2806D02D2808D03A2808D02F28C7
:10D8C0000CD007E0022905D160207047082070477E
:10D8D000022901D000207047242070470148401FD2
:10D8E000405C7047A50F010838B5012304460021AC
:10D8F0006A4600F058F800280ED00CB11E2000E057
:10D900000F209DF80010884207D00CB1022000E0E3
:10D91000032003490870002038BD012038BD0000F5
:10D92000104600242DE9F8431C4615460F46804654
:10D93000089E00F08FF8002814D0304600F018F848
:10D9400001236A463946404600F02DF8002809D0E8
:10D950009DF8000025402040A84205D0034905203D
:10D9600008700020BDE8F8830120FBE71046002482
:10D9700010B5044600F078FBA4FB000140F2E7324A
:10D98000801841F10001521C0023F2F797FDBDE819
:10D990001040401C00F03CBB0088B0F5004F01D3A4
:10D9A000A0F58030704770B586B0164600221D463F
:10D9B00000920192029208B1022400E00124C4F115
:10D9C0000A02AA4202D2002006B070BD41F08001D6
:10D9D0008DF8001029198BB2694603AA00F00AF8E5
:10D9E0000028F1D003A82A4601193046F2F7EDFECF
:10D9F0000120E9E72DE9F84304001D4616460F46CD
:10DA000001D0012100E00821DFF83C8000224046DF
:10DA1000F6F71AFC022000900C482B463246394695
:10DA2000F9F7E3FE05460CB1012100E0082140466C
:10DA30000122F6F709FC2DB10549042008700020E9
:10DA4000BDE8F8830120FBE700080258CC5B002406
:10DA5000104600241CB501F07F0102238DF8001050
:10DA600069468DF8012001AAFFF7C4FF1CBD000024
:10DA70002DE9F04115460E46044608462DED028B71
:10DA8000B0EE408A00F0B7FA9FED551ADFED550A67
:10DA900002F08BFB38B1284600F0ADFA10EE100A08
:10DAA000B0F1814F03DD204601F0D4FA66E0D4F8EE
:10DAB000F41029B34C4F00204FF07C5C06EB800241
:10DAC00004EB800392ED000AD3ED370A30EE600AD2
:10DAD000B0EEC00A10EE102ABA42E4DC05EB800278
:10DAE000D3ED310A92ED000A30EE600AB0EEC00AC2
:10DAF00010EE102A6245D6DC401C0328DED305E078
:10DB000096E80D00DC3484E80D00DC3C002094ED48
:10DB1000300A491CC4F8F41030EE080A84ED300ACB
:10DB200005EB800204EB8001D4ED3D0AD2ED001A32
:10DB300091ED310AB8EE601A401C71EEC00A03285C
:10DB4000C0EE811A31EE800A81ED310AD2ED001A61
:10DB500091ED341A31EEC00A00EE801A81ED341ACC
:10DB6000DED3D4E92F1041F00201C4F8BC10B0F1AB
:10DB7000804F03DBD4F8F400642804D20020BDEC0D
:10DB8000028BBDE8F081194B0021401E00EE100A07
:10DB900004EB8102B8EE401AD2ED340A80EE810A1D
:10DBA00010EE102A9A4209DD204601F053FAD4F80B
:10DBB000BC0020F00200C4F8BC00DFE7491C0329C8
:10DBC000E4D304F1C40090EC030A4838F4F796F962
:10DBD000D4F8BC0040F00100C4F8BC000120CEE73E
:10DBE000B71E8D3F3D0A673F0AD7A33CEC51B83CB6
:10DBF00010B5D0F8BC10002280F8F82021F0060102
:10DC000041F01001C0F8BC10CA0701D101F022FA9E
:10DC1000002010BD2DE9F74300201646884600F08D
:10DC200043F81E4F4FF48064002221463846F6F731
:10DC30000BFB1B48322301226946F9F7AFFC05466E
:10DC4000012000F031F8012221463846F6F7FCFAAF
:10DC500000240FE0002000F027F8114832230122B1
:10DC600008EB0401F9F79AFC0546012000F01CF8C6
:10DC7000641CA4B255B1012000F016F80949022035
:10DC8000C87000F07BF80020BDE8FE83B442E1D309
:10DC9000012000F009F80120F6E70000000C02580E
:10DCA000445B0024044600244FF40041024601482E
:10DCB000F6F7CABA0010025810B531B100F0A8F852
:10DCC000BDE81040401C00F0A3B9BDE81040F6F7D5
:10DCD0009BB900002DE9F041244D0646287810B18B
:10DCE0000120BDE8F0810020A8600120FFF7DCFFE3
:10DCF00001221F489102F6F7A7FA1E4F4FF4006465
:10DD0000002221463846F6F79FFA64203146FFF795
:10DD1000D3FF012221463846F6F796FA64203146B1
:10DD2000FFF7CAFF0120FBF781FE64203146FFF7B1
:10DD3000C3FF002211201146FFF76CFF0028D0D04E
:10DD400078203146FFF7B8FF0B4E002406EB041095
:10DD5000811C42780078FFF75DFF0028C1D0641C69
:10DD60000E2CF3D301202870BAE7000004460024EB
:10DD7000000C0258000402589C22010870B52320B0
:10DD8000F6F705FB0B20F6F702FB1E48F9F7C8F87B
:10DD90001C4C1D4DA06FB8B10168A9B1F4F7A0FFEC
:10DDA000A06F00680068C0070ED01848016841F0F5
:10DDB00001010160BFF34F8F036801220A2123F0A4
:10DDC00001030360AA70E9702068016821F0010175
:10DDD00001600120FFF768FF00206870A8600B2039
:10DDE000F6F7C8FA2320F6F7C5FA686810B10320E1
:10DDF00000F0FEF90B20F6F7DBFABDE870402320B7
:10DE0000F6F7D6BA445B0024044600248044025846
:10DE1000411C10B514D0044600F026F9A4FB000103
:10DE200040F2E732801841F10001521C0023F2F762
:10DE300045FB421C71F1000101D36FF0010010BDE0
:10DE40004FF0FF3010BD00002DE9F047184C0D4693
:10DE50004FF40C7180460026914605FB01F72078AF
:10DE600048B1606850B100F071FA6168884205D02D
:10DE70000721304617E00121304614E0607810B1E8
:10DE8000062130460FE0B9F1000F0AD04DB1B7F5C9
:10DE9000803F06D2B8F1F00F03D2C8F1F000A842DB
:10DEA00004D208213046E170BDE8F0870120FBE78D
:10DEB000044600241CB512A2030A01441268491E3C
:10DEC0008DF804308DF805000C0A8DF806402A20E4
:10DED000009204228DF807106946FFF79BFE68B197
:10DEE00004222B2001A9FFF795FE38B100222C2037
:10DEF0001146FFF78FFE08B101201CBD00201CBD9C
:10DF00000014012B19480168890312D4BFF34F8F05
:10DF1000BFF36F8F164A00211160BFF34F8FBFF31D
:10DF20006F8F016841F400310160BFF34F8FBFF381
:10DF30006F8FF6F79DF9FCF7E5FAFAF735F9FAF77E
:10DF4000DFF8FAF737FAFAF771F8FAF769FAFAF739
:10DF5000D9F908A20BA10FA0FBF726FB00F088F867
:10DF6000FAF7E4F800F096F8FEE7000014ED00E0A0
:10DF700050EF00E0444953504C4159204649582045
:10DF8000303400004C434420504F4C4C494E472005
:10DF90004F4B000052544F53205354415254494E5A
:10DFA0004700000021EE824A61EEA24A61EE835AE8
:10DFB00061EEA31A00EE234A40EE434A40EE225A95
:10DFC00040EE421AB0EE415A00EE834A40EEA34AB8
:10DFD00040EEC25A40EEE21A05EE624A45EE024AAF
:10DFE00045EE235A45EE431AB0EE440AF0EE640AB9
:10DFF000B0EE651A704790ED000A90ED011AD0ED71
:10E00000020A20EE000A01EE010A00EEA00A7047A3
:10E0100010B5EFF3058111B16FF0050404E04FF086
:10E02000000408B101F026FF204610BD38B50546B2
:10E03000EFF3058010B16FF005040CE0002402F04E
:10E040008DFD291A0090002903DD684601F038FF94
:10E0500001E06FF00304204638BDEFF3058008B1FE
:10E0600002F082BD02F07ABD4FF47A707047000072
:10E07000EFF3058010B16FF00500704704490868A0
:10E0800010B14FF0FF30704701220A600020704746
:10E090000447002410B5EFF3058010B16FF00500C0
:10E0A00010BD08480168012902D04FF0FF3010BDB3
:10E0B000054A002182F8141D0221016001F088FF49
:10E0C000002010BD044700240BE000E0F8B56FF01D
:10E0D00003021D466FF002064FF00004EFF30583C4
:10E0E000A3B1F0B1E9B1E5B9002200926A4602F0AD
:10E0F0004DFB012817D10098B0B10C494FF080506A
:10E100000860BFF34F8FBFF36F8F0DE048B141B18F
:10E110002A4602F09DFA012806D025B16FF00104CD
:10E1200002E0144600E034462046F8BD04ED00E06D
:10E13000F8B514464FF00005EFF3058212BB08B3A3
:10E1400001B3A4B1D4E9023263B1502A1AD32269CF
:10E15000C2B100FB01F66769B74213D3009502F024
:10E16000EAF807E072B9226962B9626952B900221D
:10E1700002F0C0F8050005D00CB1216800E00021D4
:10E1800001F042FE2846F8BDF8B56FF003021D46C7
:10E190006FF002064FF00004EFF30583ABB100B35C
:10E1A000F9B1F5B90022009213466A4602F0F0F97F
:10E1B000012818D10098B8B10C494FF08050086080
:10E1C000BFF34F8FBFF36F8F0EE050B149B1002303
:10E1D0002A4602F02DF9012806D025B16FF001047E
:10E1E00002E0144600E034462046F8BD04ED00E0AD
:10E1F000F8B50446EFF3058010B16FF005041DE09B
:10E20000002C02DA6FF0030418E002F093FC002205
:10E2100006466B46114602F09BFB01284FF0FF3586
:10E220000BD100980023032220EA04010446304663
:10E23000009102F08DFB012800D02C462046F8BD4D
:10E240003EB5040001D0002903DA6FF0030001900D
:10E250002BE04FF0FF300190EFF30580D0B10025A7
:10E26000029502A82B4601220090204602F0E0FB16
:10E270000022204601AB1146009502F0D9FB02981E
:10E2800098B10B494FF080500860BFF34F8FBFF338
:10E290006F8F0AE000232046012202F059FB002282
:10E2A000204601AB114602F053FB01983EBD000031
:10E2B00004ED00E02DE9F84F894605464FEA0206D5
:10E2C000EFF3058010B16FF005041EE0002D02DAB7
:10E2D0006FF0030419E05FEA897002D54FF000087F
:10E2E00000E0A8469246002402F038FCE71E834670
:10E2F000002053466A46414602F0A2FC012807D09E
:10E3000016B36FF001040028F2D12046BDE8F88F63
:10E3100000982C405FEAC97144EA00040BD035EA4A
:10E320000400F2D056B102F019FCA0EB0B005045EE
:10E3300006D9002006E02542E7D1F3E73C46E4E7B2
:10E34000AAEB00008246D3E73C46DCE702F0F2BBD2
:10E350002DE9FF414FEA01034FF00005EFF305817E
:10E36000039561BB58B34FF080064FF018014FF092
:10E3700000044AB3176807B13C4697691FB1394694
:10E380007F1E382F02D21779FF0703D0002004B078
:10E39000BDE8F081576907B1BE08D2F808C0BCF1EA
:10E3A000000F0DD0D5685C2D18D312693AB137B182
:10E3B0008DE806103246214602F09FFA03900DE0E8
:10E3C000D7685FB912694AB903AACDE90012B2B29F
:10E3D000214602F065FA012800D003950398D6E79C
:10E3E000D1ED020A052A00F57C4021D2DFE802F0D7
:10E3F00003080D12190090ED6A0A30EEC00A70474A
:10E4000090ED6B0A30EE600A704791ED000A90EDD6
:10E410006C1A0AE091ED000A90ED6C1A10EE810A78
:10E42000704791ED010A90ED6D1A00EE810A704778
:10E4300091ED010A90ED6D1AF0E700002DE9F04F23
:10E4400000F5704506469B4690462DED068B85B03F
:10E45000B5F8C20DDDE9149AB0F5007F0AD3D5F8FE
:10E460009C0D401CC5F89C0D002005B0BDEC068B32
:10E47000BDE8F08F00EB4002C2EB401006EB8004D9
:10E480003046224600F034F904F1140241461746A2
:10E49000304600F02DF904F12802594690463046E6
:10E4A00000F026F9D4ED0B0A94ED0A0A394620460D
:10E4B000FFF756F9B0EE409AB0EEC00A10EE100A1F
:10E4C000884988427DDBB5EEC09AF1EE10FA10D291
:10E4D000142239466846F2F7FFF9142241463846BD
:10E4E000F2F7FAF9142269464046F2F7F5F9B1EE6F
:10E4F000499A94ED000A94ED018A0120F0EE408AD9
:10E50000F0EE489A00EB800104EB8101D1ED000AA6
:10E51000F4EEC00AF1EE10FA01D2B0EE600AF4EEA9
:10E52000E80AF1EE10FA01DDF0EE608AD1ED010AA1
:10E53000F4EEC80AF1EE10FA01D2B0EE608AF4EE01
:10E54000E90AF1EE10FA01DDF0EE609A401C0328B2
:10E55000D8D3B6EE00AA30EE4A0AFEF789F8BDEE2F
:10E56000C00A10EE108A38EECA0AFEF763F9BDEE53
:10E57000C00A10EE106A38EE4A0AFEF779F8BDEECE
:10E58000C00A10EE107A39EECA0AFEF753F9BDEE52
:10E59000C00AB8F1000F10EE100A01DA4FF00008BF
:10E5A000002F00DA0027B5F8BC1DB14200DC4E1E7A
:10E5B000B5F8BE1D814200DC481EB04501DC874233
:10E5C00001DD012051E7B7EE000AA4F86A80C0EE31
:10E5D000090AA4F86C60A4F86E70A4F870002046D4
:10E5E000C4ED100A94ED0C1AD4ED070A94ED020A5A
:10E5F000FEF704FF84ED140AC4ED150A99F8000033
:10E60000F8B19FED390A84ED170A84ED160A84EDFE
:10E61000190A84ED180A00BFD9F804005146E063D6
:10E6200084F872A099F8000084F87300B9F8020029
:10E6300000F0F2FDA4F8680099F8000002281BD051
:10E6400047E094ED0D1AD4ED080A94ED030A204634
:10E65000FEF7D4FE84ED160AC4ED170A94ED0E1AE7
:10E66000D4ED090A94ED040A2046FEF7C7FE84EDB6
:10E67000180AC4ED190ACFE700269FED1C8A03276C
:10E68000701CB11CB0FBF7F2B1FBF7F307FB1200F3
:10E6900007FB131100EB800001EB810104EB80000C
:10E6A00004EB810190EC021A91EC020A30EE410A6F
:10E6B00070EEE10A20EE000A00EEA00AFEF7ECFC84
:10E6C00020EE080A04EB8600761C032E80ED110A6A
:10E6D000D6D3B5F8C20D401C80B2A5F8C20DC5F85E
:10E6E000980D6EE7ACC52737000000009A99593F96
:10E6F00010B591ED021AF7EE001A00F57C4381EE99
:10E70000810A00F57040F6EE000A82ED020AD3EDB0
:10E710006E1A91ED001AB0F8BC4D61EE211A01EEAF
:10E72000104A61EE801AB8EE411A41EE201AC2ED8D
:10E73000001AB0F8BE0D93ED6E2A01EE100AD1ED6D
:10E74000011AB8EE411A61EE821A61EE200A41EE1A
:10E75000C00AC2ED010AD1ED030A60EE800AC2EDE3
:10E76000030AD1ED040A20EE800A82ED040A10BDEE
:10E770002DE9F041134C0F460546E6682068001D60
:10E7800001F02BFA681C07D137B12168BDE8F041D0
:10E790000D48091D01F08ABA20683544B54245602C
:10E7A000216805D2A06B091DBDE8F04101F066BAF1
:10E7B000606B091D01F062FAA06A854200D2A56271
:10E7C000BDE8F081B4460024107E00242DE9F0411C
:10E7D000054601F077FA2D4C2D4FA068401CA06033
:10E7E000206810B1606930B32BE02560A068012873
:10E7F00027D1002606EB860007EB800001F030FAF7
:10E80000761C382EF6D3234801F02AFA214814301A
:10E8100001F026FA1F48283001F022FA1D483C304A
:10E8200001F01EFA1B48503001F01AFA19486063D3
:10E830001430A06305E0E86A2168C96A814200D803
:10E840002560606A401C60626864E86A21698842E9
:10E8500000D9206100EB8000291D07EB800001F04A
:10E8600025FA01F04FFA606900280CD02068E96AA7
:10E87000C06A884207D208494FF080500860BFF351
:10E880004F8FBFF36F8FBDE8F0810000B4460024C6
:10E8900060790024C07D002404ED00E038B501F06B
:10E8A00011FA104C2068C8B90F4801F0D9F90E4888
:10E8B000143001F0D5F90C490020E16014312161D8
:10E8C000A1F582730090A1F1B40210210A2001F099
:10E8D00032FD206010B105A101F096FABDE8384084
:10E8E00001F010BAF0460024147F0024546D7251D8
:10E8F0000000000030B4026C0B46002A0BD0D0E9B7
:10E9000002411144C160A14201D30168C1601846AF
:10E9100030BCF1F75ABF30BC70472DE9F041856B30
:10E920001746026C0446002682B1C7B1E068F1F7D1
:10E930004CFFE168206C2268091AE160914202D222
:10E94000A168081AE060022F16D017E02068A8B965
:10E95000A06802F0BBF906460020A0600EE06068E7
:10E96000F1F733FFD4E90101226C10446060884262
:10E9700004D32068606001E005B16D1E6D1CA563C5
:10E980003046BDE8F08110B5044690F8590058B102
:10E9900001280CD002280FD0502080F31188BFF33B
:10E9A0004F8FBFF36F8FFEE7206B01F0BFF920465A
:10E9B000BDE8104001F0BAB910BD000011484FF495
:10E9C000004110B5420706D00E49C01D20F00700D7
:10E9D000411AC1F500410C4C002301440839A4F14F
:10E9E000180221F00701C4E900030C1A11604B6002
:10E9F0000B60C0E9001494604FF000415460516115
:10EA000010BD0000F485002420470024144E4FF070
:10EA10008058144CDFF85090A6F29C4712E000BFDB
:10EA200001F050F9F068C568281D01F0D6F8A0681B
:10EA3000401EA0606068401E606001F063F92846D7
:10EA4000FFF7A1FF60680028EAD138680128F9D9EA
:10EA5000C9F80080BFF34F8FBFF36F8FF2E700005C
:10EA6000FC7D0024B446002404ED00E070B51D4692
:10EA7000049C51B1C4F80020C4E90F0101212046D3
:10EA800001F08CFC84F84C5070BD2460F4E72DE953
:10EA9000F05F88469A4691001546DDE90B940A9E80
:10EAA000A5228346206BF1F749FF206B6FF003012D
:10EAB00001EB8501084420F00707780707D05020B4
:10EAC00080F31188BFF34F8FBFF36F8FFEE7B8F16C
:10EAD000000F4FF000050ED00020221818F800108B
:10EAE00082F8341018F8001011B1401C1028F4D32B
:10EAF00084F8435001E084F83450382E00D3372690
:10EB0000E662201DC4E9136501F0B5F804F11800B0
:10EB100001F0B1F86565C6F13800A06184F858507D
:10EB20005246246159463846646200F07BFAB9F1D6
:10EB3000000F206001D0C9F80040BDE8F09F000040
:10EB400030B5114900E011460A688242FBD34B6898
:10EB50005C18844203D14468084623444B604368F0
:10EB60001D18954209D1084C183C2468A24209D0CE
:10EB700052681A4442600A6812680260814200D0FA
:10EB8000086030BD0460F9E72047002470B50D4DE2
:10EB9000914241604FF00004006106D88169D21AA9
:10EBA0008A4206D2011D286907E09A4203D299429F
:10EBB00001D3012403E0011DE86801F05FF820465D
:10EBC00070BD0000F046002410B5044601F07AF84C
:10EBD000A06B28B15FF0000401F094F8204610BD4E
:10EBE0000124F9E730B53C4D89B06BE0049800286A
:10EBF00006DA059ADDE9060190470498002861DBF2
:10EC0000069C606910B1201D00F0E7FF03A800F02A
:10EC1000D5F8024604980A2854D2DFE800F005052A
:10EC2000052D304705052D3094F8280040F00100EF
:10EC300084F82800A06905990B4601442046FFF797
:10EC4000A5FF50B3216A2046884794F82800400762
:10EC500038D50020009005980023A1694218194674
:10EC6000204602F03BF9C0B9502080F31188BFF371
:10EC70004F8FBFF36F8FFEE794F828001EE094F8E3
:10EC8000280040F0010084F828000598A06128B110
:10EC9000811813462046FFF779FF13E0502080F3D8
:10ECA0001188BFF34F8FBFF36F8FFEE794F82800F2
:10ECB000810703D4204601F039F803E020F0010079
:10ECC00084F828002868002204A901F0C1FC00286B
:10ECD0008CD109B030BD0000F04600242DE9FC4184
:10ECE0000F46054601F0B8F901A800F067F80446A0
:10ECF000019818B102F060F8BDE8FC81254EAFB173
:10ED000030690068D0B300273068291B3A4601F00B
:10ED10008FF802F051F80028EED11F494FF08050D3
:10ED20000860BFF34F8FBFF36F8FE5E7A542EBD8C5
:10ED300002F042F8F0682746C068C468201D00F061
:10ED40004CFF94F82800410719D5A0692B463A4694
:10ED500041192046FFF71AFFA8B100202A460346B2
:10ED600001460090204602F0B9F860B9502080F3C7
:10ED70001188BFF34F8FBFF36F8FFEE707E020F0DE
:10ED8000010084F82800216A20468847B4E701275B
:10ED9000BAE70000F046002404ED00E00648416BAD
:10EDA000096829B1416BC968C968496881627047BF
:10EDB0004FF0FF31FAE70000B446002470B5054675
:10EDC00001F0CCFE064E0446B068844203D200F047
:10EDD00009F8012000E0002028602046B46070BDE2
:10EDE000F0460024F8B5194D20E0C068C4680668F4
:10EDF000201D00F0F2FE216A2046884794F8280082
:10EE0000400713D5A0693044B04206D92461211DC2
:10EE10006060E86800F032FF08E0002032460346F8
:10EE200001460090204602F059F838B1E8680168C0
:10EE30000029DAD12969C5E90310F8BD502080F313
:10EE40001188BFF34F8FBFF36F8FFEE7F0460024AA
:10EE5000002101E0401C491C0278A52AFAD0C1F328
:10EE60008F00704708484068401C4FF0500080F306
:10EE7000118804D0BFF34F8FBFF36F8FFEE7BFF34E
:10EE80004F8FBFF36F8FFEE728470024074CE068E1
:10EE9000016841B1C0680021D0F80000FFF71EFFF3
:10EEA000FFF7A0FEF3E701210020F7E7F04600247A
:10EEB0002DE9F041044600F005FF94F9455004F1B6
:10EEC000240609E0606A48B1304601F03DFF08B110
:10EED00001F044F86D1E6DB2002DF3DC4FF0FF36EB
:10EEE00084F8456000F00EFF00F0ECFE94F9445009
:10EEF00004F1100709E0206948B1384601F024FF09
:10EF000008B101F02BF86D1E6DB2002DF3DC84F812
:10EF10004460BDE8F04100F0F5BE000010B50446C5
:10EF200000F0D0FE044838222146F1F7D5FCBDE8B8
:10EF3000104000F0E7BE0000405A00242DE9F041E7
:10EF40000027044601F088F8354E306808B9FFF70D
:10EF500035FD7069044216D1ACB1083460070ED09B
:10EF600004F00700C0F108000444600707D05020F7
:10EF700080F31188BFF34F8FBFF36F8FFEE714B19B
:10EF80007068844202D901F017FF39E02448183034
:10EF900001460D6801E028460D466968A14202D28B
:10EFA00029680029F7D131688D42ECD007682968BB
:10EFB000016008376868011B10290ED9281942071B
:10EFC00007D0502080F31188BFF34F8FBFF36F8FAE
:10EFD000FEE741606C60FFF7B3FD69687068401A36
:10EFE0007060B268904200D2B06000207269114334
:10EFF000C5E90001F068401CF06001F0DDFE0FB9CA
:10F0000000F01EFE780707D0502080F31188BFF370
:10F010004F8FBFF36F8FFEE73846BDE8F0810000E9
:10F020000847002470B5041F094E231F4FF0807558
:10F0300021F0010125601C1F1960A0F120010B1FA8
:10F04000266044380A606FF002051D6070BD000044
:10F0500065EE00089FED090A002180ED300AC0F836
:10F06000F41000F18002C0F8C410C0F8C810C0F855
:10F07000CC101165516591657047000000000000DB
:10F0800010B5002003EE900A2DED048BB0EE618ADE
:10F09000F1EE408AB1EE609AF1EE419AFEF782FFFE
:10F0A000F0EE483AB0EE693AF0EE492AB0EE682A3E
:10F0B000FEF778FFBDEC048B10BD0000B5EEC00A72
:10F0C0004FF07E52F1EE10FA9FED1F1AF7EE001A84
:10F0D00010B502D2B0EE410A05E010EE101A9142CE
:10F0E00001DDB0EE610AF5EEC00AF1EE10FA02D2CF
:10F0F000F0EE410A05E010EE901A914201DDF0EECB
:10F10000610A8388C48801EE103AF8EE411A01EED4
:10F11000104A21EE800AB8EE411ABCEEC00A61EE38
:10F12000200A10EE102ABCEEE00A934210EE101AEC
:10F1300000D85A1E8C4200D8611E006801FB0321D2
:10F1400030F8110010BD0000000000002DE9FF4F55
:10F1500085B092468B46DDE91306F1F717FB06EB07
:10F1600046010190ABF110004900B0FBF1F0002422
:10F17000009049E00099884204D9E01C884201D3FC
:10F180002E2001E01398005D00254FF00109039047
:10F1900003982946FEF76CFB5FF0000109FA01F2C3
:10F1A000024229D0002325E0129A1A4401FB0622CC
:10F1B00052451ED3089F574497421AD904EB44077F
:10F1C000A2EB0A020292002205EB470E0FE000BFFD
:10F1D00002F1080CDDF814800EFB06C7DDF808C04C
:10F1E000521C0CFB0B77DDF854C028F817C0B24254
:10F1F000EED35B1CB342D7D3491C0729CED36D1C79
:10F20000052DC5D30098641C844202D20198844223
:10F21000B0D309B0BDE8F08F10B5C40A00F01F03E9
:10F22000C0F345124C434A434B43FF20B4FBF0F17B
:10F23000B2FBF0F2B3FBF0F0C90241EA4211014324
:10F2400088B210BD70B504000D462DED028B73D051
:10F2500004F570460020142186F8C40DA6F8C02DD0
:10F26000A6F8C20D4FF690502044F1F76FFB002D29
:10F2700062D0B6F8BC0D00285ED0B6F8BE0D0028EE
:10F280005AD095ED000AFEF781FA002854D095ED8A
:10F29000010AFEF77BFA00284ED095ED020AFEF730
:10F2A00075FA002848D026492868884244DB254959
:10F2B000884241DC95ED010A234910EE100A88428C
:10F2C0003ADBD5ED020AF4EEC00AF1EE10FA33D9BA
:10F2D0004FF6805228682244243210EE101A10EEA5
:10F2E000903AB6EE008A82E80B0095ED000A20EE17
:10F2F000080AFDF7EFFE04F57C4484ED6D0AB6F8CC
:10F30000BC1DB6F8BE0D01EE101A00EE900A0120E9
:10F31000B8EE411AF8EE601AF8EE600A20EE012A03
:10F3200061EE881A82EE201AC1EE800A84ED6C1A12
:10F33000C4ED6E0A86F8C40DBDEC028B70BD0000F2
:10F34000CDCCCC3D000040406F12833A70B5060032
:10F3500014460D4612D04FF6C851F1F7F7FA681E61
:10F360004FF48051884209D2002C07D08C4205D836
:10F3700006F57046A6F8BC5DA6F8BE4D70BD00004F
:10F380002DE9FF4F8A462DED0C8B83B00F9888B185
:10F3900000F5704696F8C40D60B1129850B11C98F3
:10F3A00040B13AB1B6F8BE1D514503D90AEB02008F
:10F3B000884206D9002003B0BDEC0C8B04B0BDE838
:10F3C000F08F009000209FED8E0A0AE01C99B6F89D
:10F3D000C03D01EB8004129921F81030401C84EDEF
:10F3E000000AB6F8BC1D51438142EFD80020FEE070
:10F3F00000EB40010F98C1EB491100EB8104B4F818
:10F40000700050457DD3B4F86E5000998D4278D28B
:10F410005545514600D80D46009994ED060AD4EDA5
:10F420000B0A94ED011A00F1010B30EE60DA70EE78
:10F43000C1CA31EE40CA8B4500D98B46D2E000BF2D
:10F44000B4F86A00A5EB0A0201EE105A00EE100AA9
:10F45000B6F8BC1DB8EE411AB8EE400AF6EE000A46
:10F4600002FB010831EE20BA70EE20BA04F114005C
:10F4700004F128010746F0EE4B0AB0EE6B0A019149
:10F48000FEF76EF9F0EE408A01982146F0EE4B0A45
:10F49000B0EE6B0AFEF764F9B0EE409AF0EE4B0A5C
:10F4A000B0EE6B0A39462046FEF75AF9F0EE409A64
:10F4B00094ED000A94ED014A94ED028A3BEEC01AE5
:10F4C000D4ED143AD4ED03AA94ED163A94ED04AABF
:10F4D00094ED182A3BEE440A01EE238A41EE03AA7A
:10F4E00001EE02AAD4ED152AD4ED171AD4ED190AAB
:10F4F00000EE228A40EE21AA00EE20AAB4F86A703B
:10F500006BE072E0F5EEC08AF1EE10FA50DBB5EE7A
:10F51000C09AF1EE10FA4BDBF5EEC09AF1EE10FA5C
:10F5200046DB1C9800EB8800019090ED000AB4EED9
:10F53000C80AF1EE10FA3BD294F87310B4F86800E0
:10F5400011B1022912D028E0F7EE000AE06B80EE3C
:10F55000880A2AEE801A6AEE000AB0EE410AFFF726
:10F56000ADFD94F87210FFF757FE16E094ED110A06
:10F57000B4EEE80AF1EE10FA0FD294ED120AB4EEEE
:10F58000C90AF1EE10FA08D294ED130AB4EEE90AB2
:10F59000F1EE10FA01D2B6F8C00D019981ED008AA2
:10F5A000129921F81800D6F8A00D401CC6F8A00D3D
:10F5B00094ED141AD4ED160A94ED180A78EE8D8A9B
:10F5C00039EE2C9A79EE8C9A31EE088A70EEAAAA5E
:10F5D00030EE0AAA7F1C08F10108B4F86C00B842AA
:10F5E00090D26D1C5D45FFF42BAF09F10100B6F818
:10F5F000C21D814649453FF6FBAE0120DBE6000017
:10F60000000000002DE9F0471C0091460E468046A0
:10F610002DED0A8BB0EE40AADDF848A07ED094ED27
:10F62000000AFEF7B3F80028F8D094ED010AFEF7BF
:10F63000ADF80028F2D094ED020AFEF7A7F80028F2
:10F640006CD094ED030AFEF7A1F8002866D0B0EE66
:10F650004A0A53464A463146404600F04BFD0028D0
:10F660005CD094ED003AD4ED011AD4ED020A23EEF9
:10F67000031A94ED032A6749F0EE412A01EEA11A1C
:10F6800000EEA01A02EE021A11EE100A884245DBC3
:10F6900023EE215A63EE203A22EE030A21EEA14A1C
:10F6A00061EEA04A22EE213AF0EE005A62EE201AF4
:10F6B00020EEA02AC5EE810A002762EEA0AA65EE20
:10F6C000209A23EEA09A24EE20CA64EEA08A62EE6D
:10F6D00020BA20EE208A23EE20BA61EEA0CA86E08E
:10F6E00007EB8700326802EB800408EB800594ED9D
:10F6F000000A05F56845FEF749F800280ED094ED9C
:10F70000010AFEF743F848B194ED020AFEF73EF80D
:10F7100020B194ED030AFEF739F800E03EE0E8B3CB
:10F7200094ED040AFEF732F8C0B3F7EE001A94ED38
:10F73000001A31EECC2A71EEEA1A21EE0A1AD4ED43
:10F74000010A79EEAC5A32EE6B2A39EE4B5A60EE72
:10F750008A0A71EEEB6A31EECC6A22EE012A65EE7E
:10F76000811A79EEEC4A38EE884A25EE011A94EDBA
:10F77000020A04EEA02A46EEA01A20EE0A0A04EEBF
:10F78000201A79EE0B2A78EEC83A99ED003A02EE8B
:10F79000802A43EE801A06EE001A00E034E032EED2
:10F7A000030A85ED000A99ED010A31EE800A85ED24
:10F7B000010A99ED020A31EE000A85ED020A94ED84
:10F7C000030A85ED030A94ED040A85ED040A95ED1C
:10F7D000000AFDF7DBFFB8B195ED010AFDF7D6FF92
:10F7E00090B195ED020AFDF7D1FF68B17F1C308919
:10F7F000B8423FF675AFBDEC0A8B524631464046E3
:10F80000BDE8F04700F07EB8BDEC0A8B0020BDE8F3
:10F81000F0870000CCBC8C2B10B500EE100A2DED4B
:10F82000028BB1EEC08A18EE100A20F00040C0F141
:10F83000FF40C00F0AD010EE100A20F00040C0F1C7
:10F84000FF40C00F04BF0120F1F7AFF818EE100A17
:10F85000BDEC028B10BD000070B51446284A0D4661
:10F8600006462DED0A8B8CB00DF1200CF0EE65AA4A
:10F87000B0EE63BAF0EE44BA07CAB0EE64CA8CE8E0
:10F88000070060788DF82000B0EE458AF0EE619AAE
:10F89000F0EE418AB0EE609AB0EE40AAADF82230A8
:10F8A000FFF7EEFB05A8F0EE483A80EC030AB0EE55
:10F8B0004C3AF0EE6B2AB0EE4B2AF0EE691AB0EE3D
:10F8C000681AF0EE490AB0EE4A0AFEF76BFB01A98E
:10F8D00008A881EC040A01AB294605AAD4ED050A63
:10F8E0009DED070A30EE200A8DED070AB0EE6A0A98
:10F8F00000903046FFF786FE0CB0BDEC0A8B70BD61
:10F90000941001082DE9F74F00F5704A04460120D4
:10F910002DED048B86B0002603900DE10B9906EBCC
:10F920004600022202EB40020423496803EB400335
:10F9300031F81050885AC95A05EB850200EB800057
:10F9400001EB810104EB820504EB810707F56847B1
:10F9500004EB800005F5684500F56849D5ED012AFE
:10F96000D5ED021AD9ED010A97ED021A99ED022A96
:10F9700070EEE20A31EE611AD7EC023A32EE612AF9
:10F9800095ED000A20EE819A99ED003A73EEC01AC7
:10F9900074EE622A33EE400A62EE218A02EE629A27
:10F9A00020EE228A40EE418A00EEE18A29EE090A21
:10F9B00008EEA80A08EE080AFDF76EFBD5ED000A6E
:10F9C000D5ED011A95ED021A60EE890A0020029029
:10F9D00010EE100A5E4A4FF0030B48EEA10ADAF867
:10F9E000901D90424FF0000801F10101CAF8901DEE
:10F9F00048EE010A7EDB0C98007A20B1F5EEC00AD1
:10FA0000F1EE10FA76DAF5EEC00AF1EE10FA05DD45
:10FA1000B1EE499AF1EE688AB1EE488A9FED4D1A2F
:10FA2000DFED4D1ADFED4D0A29EE011A08EEA11A9D
:10FA300008EE201AC1EE000AF5EEC00AF1EE10FA47
:10FA400002D2DFED470A06E010EE900AB0F17E5FC9
:10FA500001DDF7EE000A9FED431A9FED430A1422E1
:10FA6000294600EE810ABCEEC00A10EE100AC0B2B0
:10FA7000049004F57C40F0F72FFF49464FF61449F7
:10FA8000142204EB0900F0F727FF4FF6284039460F
:10FA900014222044F0F720FF002700253A4605EB0A
:10FAA000850004EB8001204601F57C41FEF798FCBF
:10FAB000B5EEC00AF1EE10FA02D24FF0010802E0F2
:10FAC0006D1C032DEAD37F1C062F03D2B8F1000F63
:10FAD000E3D002E0B8F1000F0DD0DAF8940D02AADD
:10FAE0005946401CCAF8940D2046FDF7ADFC01258F
:10FAF00083461DE01FE0012504990C9805EB850263
:10FB0000CDE90001029800EBC00101EB001004EB0D
:10FB1000C001204601EB820202EB090301F57C41A2
:10FB200002F57C42FEF78AFC08B9002003906D1CA8
:10FB3000681C5845E0D3761C0B984089B0423FF6CC
:10FB4000EDAE039806B0BDEC048BBDE8FE8F00005F
:10FB5000BD3786355F1DA6BE0F2CF93EB7A44FBF3B
:10FB60000000000000004743000060422DE9FF5FF5
:10FB70009B4617468A460E9EDDE90F9526E0002437
:10FB800028782146FDF774FE33191AD4534518DA44
:10FB900000214FF0010E00BF09EB0102D21B0DD472
:10FBA0005A450BDA0EFA01FC1CEA000F06D002FBE4
:10FBB0000A38DDF800C0119A2CF81820491C0729D2
:10FBC000EAD3641C052CDBD36D1CB61D28780028F5
:10FBD00001D05645D3DBBDE8FF9FD0E90132016972
:10FBE0009A60D0E901235A604A68824201D1826852
:10FBF0004A60002202610868401E08600868704779
:10FC000008B902480068006BFFF722B9B446002427
:10FC100010B5044C8023046004F15C00086013609C
:10FC200010BD00003C7F002410B5044C4FF48073DD
:10FC3000046004F15C000860136010BD988100242A
:10FC400002490220C863F1F7FEBB0000C84301204F
:10FC500002490320C863F1F7F6BB0000C843012046
:10FC60004FF0FF3300F108010022C0E901130260E8
:10FC7000C1600161704700210161704730B50B68B8
:10FC80005A1C02D000F1080202E0026904E0224698
:10FC9000546825689D42FAD953684B6099608A6020
:10FCA000516008610168491C016030BD42684A60CA
:10FCB00093688B6093685960916008610168491C82
:10FCC00001607047502080F31188BFF34F8FBFF35E
:10FCD0006F8F0A494868401C486001280CD10848C9
:10FCE000006810F0FF0F07D0502080F31188BFF399
:10FCF0004F8FBFF36F8FFEE7704700002847002447
:10FD000004ED00E00849486828B1401E486001D170
:10FD100080F311887047502080F31188BFF34F8F14
:10FD2000BFF36F8FFEE700002847002470B500285E
:10FD30002AD0164DA0F1080461686869014207D114
:10FD4000502080F31188BFF34F8FBFF36F8FFEE712
:10FD500022683AB1502080F31188BFF34F8FBFF370
:10FD60006F8FFEE78143616000F076F96068696833
:10FD7000084468602046FEF7E3FE2869401C2861BD
:10FD8000BDE8704001F018B870BD000008470024BD
:10FD90004FF0E020002101614FF47A728161072366
:10FDA00003490968B1FBF2F1491E416103617047E3
:10FDB000AC46002410B5F0F75DFB114910280ED3B6
:10FDC00000F1E0200A7890F8F003904207D250202A
:10FDD00080F31188BFF34F8FBFF36F8FFEE70948A1
:10FDE0008968006800F4E060884207D9502080F3F9
:10FDF0001188BFF34F8FBFF36F8FFEE710BD000078
:10FE0000284700240CED00E0084B5FF0000210B51D
:10FE100053F832401CB1521C082AF9D310BD03EB31
:10FE2000C20443F83210606010BD00002079002445
:10FE300070B515460E460446FFF744FF94F944108A
:10FE40000020491C01D184F8440094F94510491C54
:10FE500001D184F84500FFF755FFA06B28B904F1E4
:10FE600024002A46314600F097F82046BDE870404D
:10FE7000FFF71EB8020010B514D00F48006B38B160
:10FE8000502080F31188BFF34F8FBFF36F8FFEE7D1
:10FE900000F0E2F800211046FEF76AFC00F08CFF4B
:10FEA000002807D105494FF080500860BFF34F8FFD
:10FEB000BFF36F8F10BD0000B446002404ED00E0D6
:10FEC00070B504000D460BD095B11E4A106BB8B149
:10FED000502080F31188BFF34F8FBFF36F8FFEE781
:10FEE000502080F31188BFF34F8FBFF36F8FFEE771
:10FEF000502080F31188BFF34F8FBFF36F8FFEE761
:10FF000000F0AAF82368D2685919934204D98B42A9
:10FF10000AD9914202D807E08B42FAD9881A2160A7
:10FF20000021FEF725FC00E0216000F045FF0028DD
:10FF300007D105494FF080500860BFF34F8FBFF3E2
:10FF40006F8F70BDB446002404ED00E002490A6AD8
:10FF50000260C96841607047B4460024014901202D
:10FF6000C8617047B446002410B50C4650B1094929
:10FF700009681831FFF782FE2046BDE810400121D4
:10FF8000FEF7F6BB502080F31188BFF34F8FBFF30D
:10FF90006F8FFEE7B446002470B514460D4668B175
:10FFA0000A4909681831FFF781FE0CB14FF0FF359F
:10FFB00021462846BDE87040FEF7DABB502080F3AA
:10FFC0001188BFF34F8FBFF36F8FFEE7B446002455
:10FFD00030B587B0002405AA04A9039403A80494AB
:10FFE000FFF716FEDDE9030100940023CDE90110BF
:10FFF000174815A1059A00F080FC164D0028E8620C
:020000040801F1
:100000001FD000F03BFF012809D0401C19D150201F
:1000100080F31188BFF34F8FBFF36F8FFEE750203F
:1000200080F31188BFF34F8FBFF36F8F01214FF023
:10003000FF30A8626961EC6007B0BDE8304000F0B5
:10004000C9B807B030BD000049444C45000000006D
:100050000DEA0008B44600240248016B491C016304
:1000600070470000B446002410B5204C206B10B13E
:100070000120E06110BD0020E06120684FF0A53153
:10008000006B02688A4208D142688A4205D18268C0
:100090008A4202D1C068884204D021682068343185
:1000A000FFF7D6FD1249206901E0B8B1401E00EB10
:1000B000800251F82220002AF7D000EB800201EBE9
:1000C000820101F108034A6852684A609A4201D1EC
:1000D00052684A60D1682160206110BD502080F3D1
:1000E0001188BFF34F8FBFF36F8FFEE7B446002434
:1000F0006079002470B51E4615460C462DED028B26
:10010000B0EE408AF0B300F5704090F8C40DC8B36B
:10011000C4B3BDB3B6B32068A0B3606890B3208900
:1001200080B3B0F5807F37D8B0EE480AFDF72EFBDC
:1001300040B3B5EEC08AF1EE10FA2DD995ED000A64
:10014000FDF724FBF0B195ED010AFDF71FFBC8B1E7
:1001500095ED020AFDF71AFBA0B1307802281BD8F2
:1001600068B9706870B1016861B1818851B1C088A7
:1001700040B14FF4806291420ED890420CD8618910
:10018000002000E008E001EB41010AE062682389F9
:1001900032F810209A4203D30020BDEC028B70BDD0
:1001A000401C8142F2D80120F7E7B4EEE00AF1EEFC
:1001B00010FA06DBB4EEC10AF1EE10FA01D8012004
:1001C00070470020704700000148406870470000F9
:1001D0000847002437481CB5374902688A4207D1CE
:1001E000502080F31188BFF34F8FBFF36F8FFEE76E
:1001F00031490068491E884207D1502080F3118898
:10020000BFF34F8FBFF36F8FFEE72C49FF200A78B3
:100210000192087008788DF800009DF800209DF884
:10022000000002F0F002824207D0502080F31188D3
:10023000BFF34F8FBFF36F8FFEE79DF800200720BD
:100240001F4C02F050022270A06005E09DF80020D3
:1002500052008DF80020401E9DF800201206F5D4B3
:100260000328A06007D0502080F31188BFF34F8F80
:10027000BFF36F8FFEE74FF44070A06001980870E5
:100280000C482030016841F470010160016841F0C0
:1002900070410160FFF77CFD00206060F0F7B2F86C
:1002A0000848016841F040410160F0F797F80020EC
:1002B0001CBD000000ED00E071C20F4100E400E051
:1002C0002847002434EF00E0502010B580F3118857
:1002D000BFF34F8FBFF36F8F00F04EFC18B104498E
:1002E0004FF080500860002080F3118810BD00009E
:1002F00004ED00E0F8B5050017460E4613D005FBE7
:1003000006F05030FEF71AFE04000AD0002084F8F0
:10031000460004F150023B46314628460094FEF761
:10032000A5FB2046F8BD502080F31188BFF34F8F06
:10033000BFF36F8FFEE7F8B5069D18B153B1CAB190
:1003400081B120E0502080F31188BFF34F8FBFF3BD
:100350006F8FFEE7502080F31188BFF34F8FBFF3FC
:100360006F8FFEE7502080F31188BFF34F8FBFF3EC
:100370006F8FFEE739B1502080F31188BFF34F8FA4
:10038000BFF36F8FFEE750241C46012683F84660BA
:1003900000932B46FEF76AFB2046F8BD2DE9F04797
:1003A00004008A4629D0FFF78DFC21680025D4E996
:1003B0000F23D4F840C004F1100810460E46401E2A
:1003C0004FF0FF3902FB031200FB0C10BAF1000FD3
:1003D000A563666084F8449084F84590C4E90220DF
:1003E00013D04046FFF73CFC04F12400FFF738FC33
:1003F000FFF788FC0120BDE8F087502080F31188CA
:10040000BFF34F8FBFF36F8FFEE720690028EFD057
:10041000404600F099FC0028EAD004494FF0805093
:100420000860BFF34F8FBFF36F8FE1E704ED00E08B
:100430002DE9FF4704001D4682B08A464FF00008B0
:1004400003D0BAF1000F08D011E0502080F31188DA
:10045000BFF34F8FBFF36F8FFEE7206C38B1502092
:1004600080F31188BFF34F8FBFF36F8FFEE7022D2C
:100470000AD1E06B012807D0502080F31188BFF328
:100480004F8FBFF36F8FFEE700F05AFB3F4F4FF0E7
:1004900080564FF0000948B9049838B1502080F3D5
:1004A0001188BFF34F8FBFF36F8FFEE7FFF70AFC92
:1004B000A06BE16B884207D3022D05D00498D0B120
:1004C000B8F1000F1AD01EE02A4651462046FEF72A
:1004D00024FA616A19B104F1240000F035FC20B15E
:1004E0003E60BFF34F8FBFF36F8FFFF70BFC012010
:1004F00006B0BDE8F087FFF705FC22E06846FFF78D
:1005000025FD4FF00108FFF7FDFBFFF7A5FDFFF705
:10051000D9FB94F94400401C01D184F8449094F92B
:100520004500401C01D184F84590FFF7EBFB04A97E
:10053000684600F079F930B12046FEF7B9FC00F0CA
:100540003BFC0020D4E7FFF7BDFBA06BE16B8842CA
:1005500013D1FFF7D7FB049904F11000FFF704FD56
:100560002046FEF7A5FC00F027FC00289ED13E6047
:10057000BFF34F8FBFF36F8F98E7FFF7C3FB2046A2
:10058000FEF796FC00F018FC90E7000004ED00E098
:100590002DE9F04704001F469046894603D0B9F183
:1005A000000F08D011E0502080F31188BFF34F8F67
:1005B000BFF36F8FFEE7206C38B1502080F31188B5
:1005C000BFF34F8FBFF36F8FFEE7022F0AD1E06BAF
:1005D000012807D0502080F31188BFF34F8FBFF35D
:1005E0006F8FFEE7FFF7E6FB5020EFF3118680F3F5
:1005F0001188BFF34F8FBFF36F8FA06BE16B884201
:1006000006D3022F04D0002086F31188BDE8F087BE
:1006100094F94550A06B3A4649462046FEF77DF9CD
:10062000681C04D06D1C84F845500120ECE7606A1A
:100630000028FAD004F1240000F086FB0028F4D052
:10064000B8F1000FF1D00121C8F80010EDE700006B
:100650002DE9F74704008A4683B04FF0000603D027
:10066000BAF1000F08D011E0502080F31188BFF3D9
:100670004F8FBFF36F8FFEE7206C38B1502080F3AF
:100680001188BFF34F8FBFF36F8FFEE700F058FA6A
:10069000DFF8F4804FF080574FF0000948B9059813
:1006A00038B1502080F31188BFF34F8FBFF36F8FA5
:1006B000FEE7FFF707FBA56BC5B151462046FEF7E5
:1006C00019F96D1EA563206950B104F1100000F006
:1006D0003BFB28B1C8F80070BFF34F8FBFF36F8F9B
:1006E000FFF710FB012006B0BDE8F087059808B1C0
:1006F0001EB106E0FFF706FB27E06846FFF726FC81
:100700000126FFF7FFFAFFF7A7FCFFF7DBFA94F9E2
:100710004400401C01D184F8449094F94500401CE9
:1007200001D184F84590FFF7EDFA05A9684600F07D
:100730007BF8002820460AD0FEF7BAFB00F03CFB0D
:100740002046FEF741FA0028B3D00020CBE7FEF7A1
:100750003BFA90B1059904F12400FFF705FC20460F
:10076000FEF7A6FB00F028FB0028A2D1C8F8007015
:10077000BFF34F8FBFF36F8F9BE72046FEF798FBC9
:1007800000F01AFB95E7000004ED00E02DE9F047CA
:1007900004009046894603D0B9F1000F08D011E05B
:1007A000502080F31188BFF34F8FBFF36F8FFEE7A8
:1007B000206C38B1502080F31188BFF34F8FBFF306
:1007C0006F8FFEE7FFF7F6FA5020EFF3118680F304
:1007D0001188BFF34F8FBFF36F8FA76BFFB194F9F1
:1007E000445049462046FEF785F8681CA7F10107EA
:1007F000A76304D06D1C84F84450012010E02069E8
:100800000028FAD004F1100000F09EFA0028F4D07D
:10081000B8F1000FF1D00121C8F80010EDE7002079
:1008200086F31188BDE8F0872DE9F04105000C46FC
:1008300012D0CCB1FFF746FA184E2068F268471C78
:100840006B68A2EB030117D02F68366AB74215D048
:10085000934213D801251CE0502080F31188BFF388
:100860004F8FBFF36F8FFEE7502080F31188BFF3E7
:100870004F8FBFF36F8FFEE700250AE0884205D94E
:10088000401A20602846FFF761FBF5E70020206052
:100890000125FFF737FA2846BDE8F081B446002469
:1008A0002DE9FF5F994616468A4683469000DDE9AA
:1008B0000E87FEF743FB05001CD05C20FEF73EFBD5
:1008C000040014D00020256384F859004B46CDE97C
:1008D0000087CDE90240324651465846FEF7D7F828
:1008E0002046FDF773FF012004B0BDE8F09F2846C5
:1008F000FFF71CFA4FF0FF30F6E7F0B585B0DDE901
:100900000B740A9DA7B1DCB15C262763022684F82C
:100910005960002703970DF1100C0095CDE901C433
:10092000FEF7B5F82046FDF751FF049805B0F0BD7D
:10093000502080F31188BFF34F8FBFF36F8FFEE716
:10094000502080F31188BFF34F8FBFF36F8FFEE706
:100950002DE9F0411F4690460D464FF0010690B13B
:100960000446FFF7AFF90FB1606D3860022294F8CA
:10097000580084F85820B8F1050F19D2DFE808F0C4
:10098000230B0E141200502080F31188BFF34F8FF9
:10099000BFF36F8FFEE7616D294301E0616D491C74
:1009A000616510E0022801D065650CE0002634E0A6
:1009B000616D491C07D0502080F31188BFF34F8F21
:1009C000BFF36F8FFEE7012827D1201DFFF705F940
:1009D000144DE06A2969884200D9286100EB800043
:1009E000114901EB8000211DFFF760F9A06A38B1C1
:1009F000502080F31188BFF34F8FBFF36F8FFEE756
:100A00002868E16AC06A814207D908494FF08050DE
:100A10000860BFF34F8FBFF36F8FFFF773F9304656
:100A2000BDE8F081B44600246079002404ED00E0C4
:100A30002DE9F04704001F4692460D46DDF8209050
:100A40004FF001081AD0FFF7B5F95020EFF31186E7
:100A500080F31188BFF34F8FBFF36F8F0FB1606DBD
:100A60003860022294F8580084F85820BAF1050F33
:100A70001AD2DFE80AF0240B0E141200502080F383
:100A80001188BFF34F8FBFF36F8FFEE7616D29436E
:100A900001E0616D491C616511E0022801D06565C6
:100AA0000DE04FF000083AE0616D491C07D050207E
:100AB00080F31188BFF34F8FBFF36F8FFEE70128DC
:100AC0002DD1A06A38B1502080F31188BFF34F8F29
:100AD000BFF36F8FFEE7144D286B18B1134804F174
:100AE00018010DE0201DFFF778F8E06A29698842B7
:100AF00000D9286100EB80000D4901EB8000211D29
:100B0000FFF7D4F8E06A2968C96A884207D9B9F1C1
:100B1000000F4FF0010001D0C9F80000E86186F332
:100B200011884046BDE8F087B4460024E87D0024E3
:100B3000607900240148006870470000B446002432
:100B40000548416919B1006B18B1002070470120B8
:100B50007047022070470000B44600240148C06876
:100B600070470000B446002410B5FFF723F9014890
:100B7000C06810BDB44600242DE9F0412E4C206B16
:100B8000002728B1A069401CA0613846BDE8F0816B
:100B9000E668761CE66013D1606B006838B15020BF
:100BA00080F31188BFF34F8FBFF36F8FFEE7606B49
:100BB000A16B6163A063206A401C2062FEF7EEF81F
:100BC000DFF87880A06A864209D3606B0068A0B124
:100BD000606BC068C5686868864211D2A0622068F0
:100BE000C06A00EB800158F82100012800D90127D4
:100BF000E0690028C9D00127C7E74FF0FF30EDE7D3
:100C0000281DFEF7EAFFA86A18B105F11800FEF7E3
:100C1000E4FFE86A2169884200D9206100EB800185
:100C200008EB8100291DFFF741F82068E96AC06AD6
:100C30008142CAD30127C8E7B44600246079002462
:100C40002DE9F0411E46154688460746FFF73AF85B
:100C50001C4C206890F85800022814D02068416D80
:100C6000B94341652168012081F858005EB1012136
:100C70003046FDF77DFD14494FF080500860BFF30A
:100C80004F8FBFF36F8FFFF73DF8FFF71BF815B1DC
:100C90002068406D2860206890F85800022801D034
:100CA000002505E02068416D21EA08014165012524
:100CB0002168002081F85800FFF724F82846BDE895
:100CC000F0810000B446002404ED00E070B5044655
:100CD0004FF0000190B31A4D2868844207D050208D
:100CE00080F31188BFF34F8FBFF36F8FFEE7206D46
:100CF00038B1E36C401EE26A20659A421ED040B1D2
:100D00001CE0502080F31188BFF34F8FBFF36F8F2B
:100D1000FEE7201DFEF761FFE06CC0F13801A16124
:100D2000E0622969884200D9286100EB800005490A
:100D300001EB8000211DFEF7B9FF0121084670BDBF
:100D4000B44600246079002470B5C068C46854B10A
:100D500004F118000646FEF740FF144D286B50B111
:100D60001348314615E0502080F31188BFF34F8FB0
:100D7000BFF36F8FFEE7201DFEF72FFFE06A2969A2
:100D8000884200D9286100EB80000A4901EB80000D
:100D9000211DFEF78BFFE06A2968C96A884203D9E2
:100DA0000121E961084670BD002070BDB4460024F1
:100DB000E87D0024607900242DE9F0472C4D286B54
:100DC0000024274638B1FEF77DFF286B401E2863BC
:100DD000286B40B147E0502080F31188BFF34F8F5C
:100DE000BFF36F8FFEE7234E0120A968D9B3A6F5A4
:100DF000916980463068E0B1F068C46804F1180079
:100E0000FEF7EBFE201DFEF7E8FEE06A2969884246
:100E100000D9286100EB800109EB8100211DFEF75C
:100E200045FFE06A2968C96A8842E3D3C5F81C8097
:100E3000E0E70CB1FDF7B2FFAC694CB14FEA080630
:100E4000FFF79AFE00B1EE61641EF9D10020A8619F
:100E5000E86940B1084901274FF080500860BFF3AE
:100E60004F8FBFF36F8FFEF74DFF3846BDE8F08719
:100E7000B4460024E87D002404ED00E010B586B0FF
:100E8000FDF70CFD114C2068B8B10020039005AAB5
:100E9000049004A903A8FEF7C7FEDDE903210220A0
:100EA00000238DE807000C4809A1059AFFF725FDEE
:100EB000606010B106B0012010BD502080F3118891
:100EC000BFF34F8FBFF36F8FFEE70000F0460024A3
:100ED000546D7220537663008DEE00082DE9FF41BA
:100EE0001E46134602004FF000000A9D16D0144C17
:100EF0002768002F0FD006290292CDE9001317DAD8
:100F0000FFF71EFE02284FF000030FD000222068DA
:100F10006946FFF78DFA04B0BDE8F081502080F3F8
:100F20001188BFF34F8FBFF36F8FFEE72A46EEE7BE
:100F30000023324669463846FFF72AFBEBE70000FC
:100F4000F04600244FF04070E1EE100A70470000B8
:100F5000102701081827010808270108666666405F
:100F6000666626409A999940920A863F3333B33E8B
:100F70000000A04100000000000000000000000090
:100F8000000000000000803F666666400000000030
:100F90000000000000000000000000000000803F92
:100FA00060180601003E5149453E00427F40004224
:100FB000615149462141454B311814127F10274594
:100FC0004545393C4A4949300171090503364949CB
:100FD0004936064949291E7E1111117E7F4949492A
:100FE000363E414141227F4141221C7F49494941CE
:100FF0007F090909013E4149497A7F0808087F00B5
:10100000417F41002040413F017F081422417F4041
:101010004040407F020C027F7F0408107F3E414128
:10102000413E7F090909063E4151215E7F09192988
:1010300046464949493101017F01013F4040403F57
:101040001F2040201F3F4038403F631408146307AF
:101050000870080761514945430000002027010836
:101060003027010844270108582701088027010874
:101070006C2701083200C832F465BC98E8CB000048
:101080001FF8DF07E0A720FD98270108A027010827
:10109000A8270108000000009422010801000000B8
:1010A0000000000000000000000000000000803F81
:1010B000000040BF000040BF000040BF0000000033
:1010C0000000803F000040BF0000403F000040BFE4
:1010D00000000000000000000000403F0000403F12
:1010E000000040BF0000803F000000000000403FC3
:1010F000000040BF000040BF0000803F0000803F74
:101100000000403F000040BF0000403F00000000E2
:101110000000803F0000403F0000403F0000403F93
:101120000000000000000000000040BF0000403F41
:101130000000403F0000803F00000000000040BF72
:10114000000040BF0000403F0000803F0000803FA3
:10115000000040BF000040BF0000403F0000000012
:101160000000803F000040BF0000403F0000403FC3
:101170000000000000000000000040BF0000403FF1
:10118000000040BF0000803F00000000000040BFA2
:10119000000040BF000040BF0000803F0000803FD3
:1011A0000000403F000040BF000040BF00000000C2
:1011B0000000803F0000403F0000403F000040BF73
:1011C00000000000000000000000403F0000403F21
:1011D0000000403F0000803F000000000000403F52
:1011E000000040BF0000403F0000803F0000803F03
:1011F000000040BF0000403F000040BF0000000072
:101200000000803F000040BF0000403F0000403F22
:1012100000000000000000000000403F0000403FD0
:101220000000403F0000803F000000000000403F01
:101230000000403F000040BF0000803F0000803FB2
:10124000000040BF000040BF0000403F0000000021
:101250000000803F000040BF000040BF000040BFD2
:1012600000000000000000000000403F000040BF00
:10127000000040BF0000803F000000000000403F31
:10128000000040BF0000403F0000803F0000803F62
:10129000000001000200000002000300040005003D
:1012A0000600040006000700080009000A00080004
:1012B0000A000B000C000D000E000C000E000F00C9
:1012C000100011001200100012001300140015008D
:1012D0001600140016001700B01001089012010843
:1012E00018000C00EC51983F0000000000000000C6
:1012F0000000000000000000C0928B3F00000000D2
:101300009D2F763E000000000000003E9A99593F54
:10131000000000007B14AE3E000000000000803E94
:10132000B20D1C3F000000009D2F763E0000000023
:101330000000C03E5C8F023F000000000000000083
:10134000000000000000003FB20D1C3F0000000044
:101350009D2F76BE000000000000203F9A99593F63
:10136000000000007B14AEBE000000000000403F03
:10137000C0928B3F000000009D2F76BE0000000051
:101380000000603FEC51983F0000000000000000AA
:10139000000000000000803FB8E9833FEC51183F97
:1013A000000000007EAAAA3D000000007BBF713F44
:1013B000C0920B3F9D2F763E7EAAAA3D0000003EC4
:1013C0007E723C3F9A99D93E7B14AE3E7EAAAA3DDE
:1013D0000000803E7025073FB20D9C3E9D2F763E5B
:1013E0007EAAAA3D0000C03EF722E23E5C8F823E0C
:1013F000000000007EAAAA3D0000003F7025073FC4
:10140000B20D9C3E9D2F76BE7EAAAA3D0000203FD5
:101410007E723C3F9A99D93E7B14AEBE7EAAAA3D0D
:101420000000403F7BBF713FC0920B3F9D2F76BEB7
:101430007EAAAA3D0000603FB8E9833FEC51183F07
:10144000000000007EAAAA3D0000803FEC51183F3A
:10145000B8E9833F00000000C1AA2A3E0000000056
:10146000C0920B3F7BBF713F9D2F763EC1AA2A3EA3
:101470000000003E9A99D93E7E723C3F7B14AE3EFE
:10148000C1AA2A3E0000803EB20D9C3E7025073F57
:101490009D2F763EC1AA2A3E0000C03E5C8F823E50
:1014A000F722E23E00000000C1AA2A3E0000003FF1
:1014B000B20D9C3E7025073F9D2F76BEC1AA2A3EE5
:1014C0000000203F9A99D93E7E723C3F7B14AEBE0D
:1014D000C1AA2A3E0000403FC0920B3F7BBF713F34
:1014E0009D2F76BEC1AA2A3E0000603FEC51183FF6
:1014F000B8E9833F00000000C1AA2A3E0000803FF7
:1015000000000000EC51983F000000000000803E09
:101510000000000000000000C0928B3F9D2F763E2F
:101520000000803E0000003E000000009A99593FF4
:101530007B14AE3E0000803E0000803E00000000B4
:10154000B20D1C3F9D2F763E0000803E0000C03E45
:10155000000000005C8F023F000000000000803EA1
:101560000000003F00000000B20D1C3F9D2F76BE22
:101570000000803E0000203F000000009A99593F83
:101580007B14AEBE0000803E0000403F0000000023
:10159000C0928B3F9D2F76BE0000803E0000603FD2
:1015A00000000000EC51983F000000000000803E69
:1015B0000000803FEC5118BFB8E9833F00000000F5
:1015C0009FAAAA3E00000000C0920BBF7BBF713FE4
:1015D0009D2F763E9FAAAA3E0000003E9A99D9BE52
:1015E0007E723C3F7B14AE3E9FAAAA3E0000803E26
:1015F000B20D9CBE7025073F9D2F763E9FAAAA3E46
:101600000000C03E5C8F82BEF722E23E0000000078
:101610009FAAAA3E0000003FB20D9CBE7025073F66
:101620009D2F76BE9FAAAA3E0000203F9A99D9BE60
:101630007E723C3F7B14AEBE9FAAAA3E0000403F94
:10164000C0920BBF7BBF713F9D2F76BE9FAAAA3E63
:101650000000603FEC5118BFB8E9833F0000000074
:101660009FAAAA3E0000803FB8E983BFEC51183F13
:10167000000000006155D53E000000007BBF71BF37
:10168000C0920B3F9D2F763E6155D53E0000003E37
:101690007E723CBF9A99D93E7B14AE3E6155D53ED1
:1016A0000000803E702507BFB20D9C3E9D2F763E08
:1016B0006155D53E0000C03EF722E2BE5C8F823EFF
:1016C000000000006155D53E0000003F702507BFB7
:1016D000B20D9C3E9D2F76BE6155D53E0000203F49
:1016E0007E723CBF9A99D93E7B14AEBE6155D53E01
:1016F0000000403F7BBF71BFC0920B3F9D2F76BE65
:101700006155D53E0000603FB8E983BFEC51183FFA
:10171000000000006155D53E0000803FEC5198BFAD
:1017200000000000000000000000003F000000007A
:10173000C0928BBF000000009D2F763E0000003F4E
:101740000000003E9A9959BF000000007B14AE3E95
:101750000000003F0000803EB20D1CBF00000000F2
:101760009D2F763E0000003F0000C03E5C8F02BF10
:1017700000000000000000000000003F0000003FEB
:10178000B20D1CBF000000009D2F76BE0000003F80
:101790000000203F9A9959BF000000007B14AEBEA4
:1017A0000000003F0000403FC0928BBF00000000DF
:1017B0009D2F76BE0000003F0000603FEC5198BFB7
:1017C00000000000000000000000003F0000803F1B
:1017D000B8E983BFEC5118BF000000005055153F19
:1017E000000000007BBF71BFC0920BBF9D2F763EF3
:1017F0005055153F0000003E7E723CBF9A99D9BEFD
:101800007B14AE3E5055153F0000803E702507BF4B
:10181000B20D9CBE9D2F763E5055153F0000C03E38
:10182000F722E2BE5C8F82BE000000005055153FDB
:101830000000003F702507BFB20D9CBE9D2F76BEF5
:101840005055153F0000203F7E723CBF9A99D9BE8B
:101850007B14AEBE5055153F0000403F7BBF71BFAB
:10186000C0920BBF9D2F76BE5055153F0000603FC4
:10187000B8E983BFEC5118BF000000005055153F78
:101880000000803FEC5118BFB8E983BF00000000A2
:10189000B0AA2A3F00000000C0920BBF7BBF71BFFF
:1018A0009D2F763EB0AA2A3F0000003E9A99D9BEED
:1018B0007E723CBF7B14AE3EB0AA2A3F0000803E41
:1018C000B20D9CBE702507BF9D2F763EB0AA2A3F61
:1018D0000000C03E5C8F82BEF722E2BE0000000026
:1018E000B0AA2A3F0000003FB20D9CBE702507BF82
:1018F0009D2F76BEB0AA2A3F0000203F9A99D9BEFC
:101900007E723CBF7B14AEBEB0AA2A3F0000403FAF
:10191000C0920BBF7BBF71BF9D2F76BEB0AA2A3F7E
:101920000000603FEC5118BFB8E983BF0000000021
:10193000B0AA2A3F0000803F00000000EC5198BF91
:10194000000000000000403F000000000000000018
:10195000C0928BBF9D2F763E0000403F0000003EAE
:10196000000000009A9959BF7B14AE3E0000403F32
:101970000000803E00000000B20D1CBF9D2F763E8F
:101980000000403F0000C03E000000005C8F02BF2E
:10199000000000000000403F0000003F0000000089
:1019A000B20D1CBF9D2F76BE0000403F0000203FBF
:1019B000000000009A9959BF7B14AEBE0000403F62
:1019C0000000403F00000000C0928BBF9D2F76BEFC
:1019D0000000403F0000603F00000000EC5198BF55
:1019E000000000000000403F0000803FEC51183F25
:1019F000B8E983BF000000005055553F00000000CB
:101A0000C0920B3F7BBF71BF9D2F763E5055553F17
:101A10000000003E9A99D93E7E723CBF7B14AE3ED8
:101A20005055553F0000803EB20D9C3E702507BFCB
:101A30009D2F763E5055553F0000C03E5C8F823E44
:101A4000F722E2BE000000005055553F0000003F65
:101A5000B20D9C3E702507BF9D2F76BE5055553F59
:101A60000000203F9A99D93E7E723CBF7B14AEBEE7
:101A70005055553F0000403FC0920B3F7BBF71BFA8
:101A80009D2F76BE5055553F0000603FEC51183FEA
:101A9000B8E983BF000000005055553F0000803F6B
:101AA000B8E9833FEC5118BF00000000B0AA6A3FBC
:101AB000000000007BBF713FC0920BBF9D2F763EA0
:101AC000B0AA6A3F0000003E7E723C3F9A99D9BEA0
:101AD0007B14AE3EB0AA6A3F0000803E7025073FEF
:101AE000B20D9CBE9D2F763EB0AA6A3F0000C03E5C
:101AF000F722E23E5C8F82BE00000000B0AA6A3F7F
:101B00000000003F7025073FB20D9CBE9D2F76BEA2
:101B1000B0AA6A3F0000203F7E723C3F9A99D9BE2E
:101B20007B14AEBEB0AA6A3F0000403F7BBF713F4E
:101B3000C0920BBF9D2F76BEB0AA6A3F0000603FE7
:101B4000B8E9833FEC5118BF00000000B0AA6A3F1B
:101B50000000803FEC51983F0000000000000000B2
:101B60000000803F00000000C0928B3F000000009A
:101B70009D2F763E0000803F0000003E9A99593F1D
:101B8000000000007B14AE3E0000803F0000803E5D
:101B9000B20D1C3F000000009D2F763E0000803FEC
:101BA0000000C03E5C8F023F00000000000000000B
:101BB0000000803F0000003FB20D1C3F000000000D
:101BC0009D2F76BE0000803F0000203F9A99593F2C
:101BD000000000007B14AEBE0000803F0000403FCC
:101BE000C0928B3F000000009D2F76BE0000803F1A
:101BF0000000603FEC51983F000000000000000032
:101C00000000803F0000803F00000900010001004B
:101C100009000A0001000A00020002000A000B008D
:101C200002000B00030003000B000C0003000C007B
:101C3000040004000C000D0004000D000500050068
:101C40000D000E0005000E00060006000E000F003D
:101C500006000F00070007000F001000070010002B
:101C60000800080010001100090012000A000A0014
:101C7000120013000A0013000B000B0013001400E5
:101C80000B0014000C000C00140015000C001500D3
:101C90000D000D00150016000D0016000E000E00C0
:101CA000160017000E0017000F000F001700180095
:101CB0000F00180010001000180019001000190083
:101CC0001100110019001A0012001B00130013006C
:101CD0001B001C0013001C00140014001C001D003D
:101CE00014001D00150015001D001E0015001E002B
:101CF000160016001E001F0016001F001700170018
:101D00001F002000170020001800180020002100EC
:101D100018002100190019002100220019002200DA
:101D20001A001A00220023001B0024001C001C00C3
:101D3000240025001C0025001D001D002500260094
:101D40001D0026001E001E00260027001E00270082
:101D50001F001F00270028001F002800200020006F
:101D600028002900200029002100210029002A0044
:101D700021002A00220022002A002B0022002B0032
:101D8000230023002B002C0024002D00250025001B
:101D90002D002E0025002E00260026002E002F00EC
:101DA00026002F00270027002F00300027003000DA
:101DB00028002800300031002800310029002900C7
:101DC00031003200290032002A002A00320033009C
:101DD0002A0033002B002B00330034002B0034008A
:101DE0002C002C00340035002D0036002E002E0073
:101DF000360037002E0037002F002F003700380044
:101E00002F00380030003000380039003000390031
:101E10003100310039003A0031003A00320032001E
:101E20003A003B0032003B00330033003B003C00F3
:101E300033003C00340034003C003D0034003D00E1
:101E4000350035003D003E0036003F0037003700CA
:101E50003F0040003700400038003800400041009B
:101E60003800410039003900410042003900420089
:101E70003A003A00420043003A0043003B003B0076
:101E8000430044003B0044003C003C00440045004B
:101E90003C0045003D003D00450046003D00460039
:101EA0003E003E00460047003F0048004000400022
:101EB00048004900400049004100410049004A00F3
:101EC00041004A00420042004A004B0042004B00E1
:101ED000430043004B004C0043004C0044004400CE
:101EE0004C004D0044004D00450045004D004E00A3
:101EF00045004E00460046004E004F0046004F0091
:101F0000470047004F005000480051004900490079
:101F100051005200490052004A004A00520053004A
:101F20004A0053004B004B00530054004B00540038
:101F30004C004C00540055004C0055004D004D0025
:101F4000550056004D0056004E004E0056005700FA
:101F50004E0057004F004F00570058004F005800E8
:101F6000500050005800590051005A0052005200D1
:101F70005A005B0052005B00530053005B005C00A2
:101F800053005C00540054005C005D0054005D0090
:101F9000550055005D005E0055005E00560056007D
:101FA0005E005F0056005F00570057005F00600052
:101FB0005700600058005800600061005800610040
:101FC00059005900610062005A0063005B005B0029
:101FD000630064005B0064005C005C0064006500FA
:101FE0005C0065005D005D00650066005D006600E8
:101FF0005E005E00660067005E0067005F005F00D5
:10200000670068005F0068006000600068006900A9
:10201000600069006100610069006A0061006A0097
:10202000620062006A006B0063006C006400640080
:102030006C006D0064006D00650065006D006E0051
:1020400065006E00660066006E006F0066006F003F
:10205000670067006F00700067007000680068002C
:102060007000710068007100690069007100720001
:10207000690072006A006A00720073006A007300EF
:102080006B006B0073007400E4120108081C010867
:102090007500C0007DEF7DEF7DEF7DEF7DEF7DEF83
:1020A0007DEF7DEF7DEF7DEF7DEF7DEF7DEF7DEFD0
:1020B0007DEF7DEF7DEFA8FBA8FBA8FB3906390675
:1020C000390639067DEFA8FBA8FBA8FB39063906BF
:1020D000390639067DEFA8FBA8FBA8FB39063906AF
:1020E000390639067DEFA8FBA8FBA8FB390639069F
:1020F000390639067DEFA8FBA8FBA8FB390639068F
:10210000390639067DEFA8FBA8FBA8FB390639067E
:10211000390639067DEF390639063906A8FBA8FBD2
:10212000A8FBA8FB7DEF390639063906A8FBA8FBFA
:10213000A8FBA8FB7DEF390639063906A8FBA8FBEA
:10214000A8FBA8FB7DEF390639063906A8FBA8FBDA
:10215000A8FBA8FB7DEF390639063906A8FBA8FBCA
:10216000A8FBA8FB7DEF390639063906A8FBA8FBBA
:10217000A8FBA8FB7DEF390639063906A8FBA8FBAA
:10218000A8FBA8FB7DEF390639063906A8FBA8FB9A
:10219000A8FBA8FB7DEF7DEF7DEF7DEF7DEF7DEF71
:1021A0007DEF7DEF7DEF7DEF7DEF7DEF7DEF7DEFCF
:1021B0007DEF7DEF7DEFA8FBA8FBA8FB3906390674
:1021C000390639067DEFA8FBA8FBA8FB39063906BE
:1021D000390639067DEFA8FBA8FBA8FB39063906AE
:1021E000390639067DEFA8FBA8FBA8FB390639069E
:1021F000390639067DEFA8FBA8FBA8FB390639068E
:10220000390639067DEFA8FBA8FBA8FB390639067D
:10221000390639067DEF390639063906A8FBA8FBD1
:10222000A8FBA8FB7DEF390639063906A8FBA8FBF9
:10223000A8FBA8FB7DEF390639063906A8FBA8FBE9
:10224000A8FBA8FB7DEF390639063906A8FBA8FBD9
:10225000A8FBA8FB7DEF390639063906A8FBA8FBC9
:10226000A8FBA8FB7DEF390639063906A8FBA8FBB9
:10227000A8FBA8FB7DEF390639063906A8FBA8FBA9
:10228000A8FBA8FB7DEF390639063906A8FBA8FB99
:10229000A8FBA8FB94200108100010003601700074
:1022A0000000000000000000000000003A010500EE
:1022B000000000000000000000000000B2050C0C4F
:1022C000003333000000000000000000B7013500BB
:1022D000000000000000000000000000BB01320010
:1022E000000000000000000000000000C20101002A
:1022F000000000000000000000000000C301150005
:10230000000000000000000000000000C4012000E8
:10231000000000000000000000000000C6010F00E7
:10232000000000000000000000000000D002A4A196
:10233000000000000000000000000000E00ED008D7
:102340000E0909053133481714153134E10ED00850
:102350000E090915313348171415313421000000D6
:102360000000000000000000000000002900000044
:102370000000000000000000000000000000C84253
:10238000000000000000003F0000FA44000020416F
:10239000000000000000A0400000C8420000003F14
:1023A000000040400000C842000000000000003F64
:1023B000000000000000000000000000000000001D
:1023C0000000803F0000000000000000000000004E
:1023D0000000C8420000404000004040B027010813
:1023E00000000000000000000000000000000000ED
:1023F000002000002100000000000000000000009C
:10240000C8270108000000000000000000000000D4
:1024100000000000000800001000000000000000A4
:1024200000000000BC2701080000000000000000C0
:102430000000000000000000002000001800000064
:102440000000000000000000D42701080000000088
:102450000000000000000000000000000008000074
:102460002000000000000000000000000006101620
:10247000000610160000000001020304010203041C
:102480000607080900000000000000000000B33F3C
:10249000B2BE7D3A00002E40DFCF513800007E40B2
:1024A000BF51FABA00E0A44019DAC3BA00E0C8404C
:1024B000C2ED8AB90040EB40CD1F2CBA0010064196
:1024C0002AFFFABA00C01541DFCFD13700D024412E
:1024D0009A97703A0050334189478E360040414107
:1024E000E75B9D3800B04E41C00A98B900A05B413F
:1024F000558F943A00306841DA92C0BA0040744176
:1025000062B3C63A0000803F00A0853F00908B3F39
:1025100000C0913F0030983F00F09E3F00F0A53F83
:102520000050AD3F0000B53F0000BD3F0060C53F1B
:102530000020CE3F0040D73F00C0E03F00C0EA3F50
:102540000020F53F000000007D36AC397D3C383975
:10255000EBDCF438320A7E39124C26399B6AED39AD
:10256000A4EE83397F661E39F6398A392B426539E4
:10257000A48211395B991F39C3EECD39DDE7C63727
:10258000A5A22F390000803FC3AA853FC2958B3F8B
:10259000D3C3913FF037983F32F59E3FD7FEA53F1A
:1025A0003F58AD3FF304B53FA408BD3F2A67C53F80
:1025B0008C24CE3FFD44D73FDFCCE03FC7C0EA3F8D
:1025C0007D25F53F000000006E83F9A22915444ED9
:1025D000D15727FCC0DD34F5999562DB4190433C2F
:1025E000AB6351FE736F66743364206672616D6510
:1025F000733D256C752066707331303D256C7520F8
:102600006672616D655F75733D256C752072656ED0
:102610006465725F75733D256C75207472693D2524
:102620006C75206C63645F6572723D256C7520610A
:1026300064633D256C75206164635F6572723D253E
:102640006C752067656F6D5F6572723D256C7520D6
:1026500073746167653D256C752067656F6D5F7587
:10266000733D256C7520776169745F75733D256CCA
:10267000752074785F62797465733D256C75206987
:102680006D753D256C7520696D755F666C6167734E
:102690003D256C7520696D755F6572723D256C75A1
:1026A00020696D755F72656A6563743D256C752080
:1026B000686561703D256C752072656E6465725F3A
:1026C000737461636B3D256C75206D6F74696F6EFB
:1026D0005F737461636B3D256C7520646973706C06
:1026E00061793D256C7520646973706C61795F65F3
:1026F00072723D256C752072656E6465725F6572DD
:10270000723D256C750D0A005749524500000000C6
:1027100054455854555245004C4947485400000010
:1027200043454E54455220535441525420334400A3
:102730004C4546542F5249474854204D4F44454C30
:10274000000000005550204D4F44452020444F5775
:102750004E205A4F4F4D000043454E544552205095
:1027600041555345202F205A45524F00484F4C4465
:1027700020444F574E2053544154555300000000FD
:10278000484F4C442043454E544552204155544FE8
:102790002F494D5500000000435542450000000000
:1027A000544F5255530000004F524249540000000C
:1027B0004D6F74696F6E5461736B000052656E6487
:1027C00065725461736B000064656661756C745466
:1027D00061736B00496E7075745461736B00000017
:1027E0001028010800460024C40100000803000866
:1027F00010280108000000201844010064030008AC
:10280000E0280108C447002494D2000064030008B3
:10281000012413C9AE1B08F9041305AF1B082D04CE
:102820001A59041AA9101AD50441170403090412ED
:1028300001140202021640830440572602010203DB
:102840000114050F0C1C010710172103191A031A94
:10285000C22B394913450F1B08410413FD0E1B08F9
:1028600071081A9504291C82103C90D0030401774A
:102870001AAA018114810182130A0629DB2A40A4C5
:102880001C090243F71125C03209041B01020B1376
:102890000524161001052401100901042402020573
:1028A00024061701070582030815100904013302E5
:1028B0000A2E0705010240072A810711138DA9146A
:1028C00008F9A714082FAB42081389A81B08451064
:1028D0001ABB04C11A0D281ACD1C1A4D081AC108BA
:04000005080002CD20
:00000001FF
