:020000040800F2
:10000000E81B01247D040008AD8700084F8000082C
:100010008D8600086D100008E9D10008000000007E
:10002000000000000000000000000000BD03000808
:10003000B915000800000000190400083DB40008CC
:100040009704000897040008970400089704000824
:100050009704000897040008970400089704000814
:100060009704000897040008970400087511000819
:1000700097040008970400089704000897040008F4
:1000800097040008970400089704000897040008E4
:1000900097040008970400089704000897040008D4
:1000A00097040008970400089704000897040008C4
:1000B00097040008970400089704000897040008B4
:1000C0009704000897040008970400084599000861
:1000D0009704000897040008970400089704000894
:1000E0009704000897040008000000009704000827
:1000F0009704000897040008970400089704000874
:100100009704000897040008970400089704000863
:100110009704000897040008970400089704000853
:100120009704000897040008970400089704000843
:100130009704000897040008970400089704000833
:1001400000000000000000000000000000000000AF
:100150009704000897040008970400089704000813
:100160009704000897040008970400089704000803
:1001700097040008D58800089704000800000000D4
:1001800097040008970400089704000897040008E3
:1001900097040008970400089704000897040008D3
:1001A0009704000897040008970400080000000066
:1001B00097040008970400089704000897040008B3
:1001C00097040008970400080000000000000000E9
:1001D000000000000000000097040008000000007C
:1001E000000000000000000000000000000000000F
:1001F00000000000000000009704000897040008B9
:100200009704000897040008000000009704000805
:100210009704000897040008970400089704000852
:100220009704000800000000970400080000000088
:1002300097040008970400080000000097040008D5
:100240009704000897040008970400089704000822
:100250009704000897040008970400089704000812
:100260009704000897040008970400089704000802
:100270009704000897040008970400080000000095
:1002800097040008970400089704000897040008E2
:100290000000000097040008970400080000000018
:1002A0000000000097040008970400089704000865
:1002B00097040008970400089704000897040008B2
:1002C00097040008B5B500089704000800F002F88C
:1002D00000F064F80AA090E8000C82448344AAF17C
:1002E0000107DA4501D100F059F8AFF2090EBAE87A
:1002F0000F0013F0010F18BFFB1A43F0010318475A
:100300007C4E0100AC4E01000A444FF0000C10F886
:10031000013B13F0070408BF10F8014B1D1108BF83
:1003200010F8015B641E05D010F8016B641E01F823
:10033000016BF9D113F0080F1EBF10F8014BAD1C73
:100340000C1B09D16D1E58BF01F801CBFAD505E091
:1003500014F8016B01F8016B6D1EF9D59142D6D3EB
:10036000704700000023002400250026103A28BF13
:1003700078C1FBD8520728BF30C148BF0B60704717
:10038000752900F07F81732900F081840020704777
:100390001FB512F01EFF1FBD10B510BD00F0C0FC50
:1003A0001146FFF7F5FF0EF079FF00F0DEFC03B415
:1003B000FFF7F2FF03BC00F0E1FC00002C4B1968D2
:1003C0000868B0E8F04F80F30988BFF36F8F4FF0F3
:1003D000000080F3118870470000000008480068A2
:1003E000006880F308884FF0000080F3148862B63C
:1003F00061B6BFF34F8FBFF36F8F00DF00BF00BF49
:1004000008ED00E0DFF80C00016841F470010160C4
:10041000704700BF88ED00E0EFF30980BFF36F8FF6
:10042000134B1A681EF0100F08BF20ED108A20E948
:10043000F04F106009B44FF0500080F31188BFF303
:100440004F8FBFF36F8F11F0C1FE4FF0000080F3AC
:10045000118809BC19680868B0E8F04F1EF0100F49
:1004600008BFB0EC108A80F30988BFF36F8F704724
:10047000C4460024EFF30580704700000948804718
:1004800009480047FEE7FEE7FEE7FEE7FEE7FEE776
:10049000FEE7FEE7FEE7FEE704480549054A064B8E
:1004A00070470000F5B40008CD020008E8070124F9
:1004B000E81B0124E80B0124E80B012453EA020C99
:1004C00000F069802DE9F04B4FF00006002B1FBFB4
:1004D000B3FA83F503FA05F424FA05F65E4012BF79
:1004E0001643B2FA82F502FA05F4C5F120051EBFE3
:1004F00022FA05FC44EA0C04203556EA044C4FEA83
:10050000144418BF641C4FF000084FF000099042DB
:1005100071EB030C39D3002919BFB1FA81F701FA45
:1005200007F6B0FA80F700FA07F6C7F120071EBFFA
:1005300020FA07FC46EA0C062037B6FBF4FCA7EBD2
:100540000507103F07F01F0BCBF120060CFA0BFB41
:100550002CFA06F644BFB3460026202FA4BF5E4601
:100560004FF0000B5BEA060C08BF4FF0010B19EBD4
:100570000B09ABFB027C48EB0608C01B06FB02CC58
:100580000BFB03CC71EB0C01C1E70B460246414665
:100590004846BDE8F08B13B54FF000004FF0000166
:1005A000AFF30080BDE81C40704700000FB47CB57D
:1005B0000C0009AA009001D02044401E084B7B4447
:1005C00069460190089800F030FB05461CB10020F8
:1005D000694600F03DFB28467CBC5DF814FB00003A
:1005E0009906000070B5044685690068C10601D50A
:1005F000302600E02026C00707D070BDD4E90121D5
:1006000030469047206A401C20626D1EF6D570BDB2
:1006100070B5044685690078C00707D170BDD4E97C
:10062000012120209047206A401C20626D1EF6D5D3
:1006300070BD70B50C460546012A05D028788006A5
:1006400000D5EA69002302E0012305E05B1C934228
:1006500002D2E05C0028F9D1A869E618C01AA861A6
:10066000286A184428622846FFF7BCFF04E0D5E951
:10067000012114F8010B9047B442F8D32846FFF744
:10068000C7FF70BD2DE9F0410646002410687529AA
:10069000314616A510D0AFF30080002802DA4042A0
:1006A00013A507E031688A0701D512A502E04907C2
:1006B00004D511A5012401E0AFF3008000210A2236
:1006C00006F1240709E0B0FBF2FCB0FBF2F302FBF9
:1006D0001C00303078541846491C0028F3D12346BA
:1006E0002A463046BDE8F04100F041BA0000000063
:1006F0002D0000002B000000200000002DE9F05F1D
:10070000894604464FF0000ADFF874B1FB44C0F894
:1007100020A02046E1688847002874D0252806D00C
:10072000D4E901219047206A401C2062F1E70026AD
:100730005F462046E16888472028054607DB312DC3
:1007400005D2781910F8200C08B10643F1E7B0077C
:1007500001D526F00406C4F81CA00027C4F818A090
:100760002A2D09D028460DF017FE38B304EB870870
:10077000303DC8F8185019E059F8041B204604EB26
:1007800087029161E1688847012F054618D1E06929
:10079000002820DA26F020061DE0D8F8180000EB2B
:1007A000800005EB40003038C8F818002046E168AA
:1007B000884705460DF0F0FD0028EED1012F0AD044
:1007C0002E2D08D12046E16888477F1C0546022F60
:1007D00046F02006C4DBA069002803DA404246F058
:1007E0000106A061F00701D026F010066C2D0BD099
:1007F000682D09D04C2D39D06A2D35D0742D35D0C7
:100800007A2D33D016E038E0E1682F46204688473D
:10081000B842054609D16C2F26D04FF48060E168BC
:10082000064320468847054604E06C2F1AD04FF453
:10083000807006430DB3A5F14100192802D8203578
:1008400046F400664A462946204626604E46FFF793
:1008500097FD80B101280BD0F61D26F0070000F1AE
:10086000080956E74020E4E78020D8E70020D6E7D3
:1008700006F104094DE7284652E7206ABDE8F09FDB
:100880005C46010030B505460B462A4613F8014B7D
:1008900012F8010B08B1A042F8D01CB1002802D018
:1008A0006D1CF1E7284630BD40EA010310B59B07F7
:1008B0000FD1042A0DD310C808C9121F9C42F8D0CA
:1008C00020BA19BA884201D9012010BD4FF0FF307B
:1008D00010BD1AB1D30703D0521C07E0002010BD91
:1008E00010F8013B11F8014B1B1B07D110F8013B1D
:1008F00011F8014B1B1B01D1921EF1D1184610BDFE
:1009000010B5431C02E010F8011B71B18107FAD148
:100910004FF0013202C88C1A8C4314EAC211F9D08C
:10092000C01A0A0603D0C01E10BDC01A10BD0A04AA
:1009300001D0801E10BD0902FCD0401E10BD032A4C
:1009400040F2308010F0030C00F0158011F8013BEC
:10095000BCF1020F624498BF11F801CB00F8013BD3
:1009600038BF11F8013BA2F1040298BF00F801CB97
:1009700038BF00F8013B11F0030300F06780083A2C
:10098000C0F0088051F8043B083A51F804CBA0E8C5
:100990000810F5E7121D5CBF51F8043B40F8043B1A
:1009A000AFF30080D20724BF11F8013B11F801CB4F
:1009B00048BF11F8012B24BF00F8013B00F801CB20
:1009C00048BF00F8012B7047431A28BF9A427FF6B0
:1009D000B6AF032A1044114440F2268010F0030FF2
:1009E0001EBF11F8013D521E00F8013D10F0030F2B
:1009F0007FF4F6AF11F0030300F06081083AC0F015
:100A00000B8051F8043D083A51F804CD40F8043DFC
:100A100040F804CDFFF7F3BF121D5CBF51F8043D51
:100A200040F8043DAFF30080D20724BF11F8013D28
:100A300011F801CD48BF11F8012C24BF00F8013D89
:100A400000F801CD48BF00F8012C704710B5203ADE
:100A5000C0F00B80B1E81850203AA0E81850B1E877
:100A60001850A0E81850BFF4F5AF5FEA027C24BF2D
:100A7000B1E81850A0E8185044BF18C918C0BDE824
:100A800010405FEA827C24BF51F8043B40F8043BED
:100A900008BF7047D20728BF31F8023B48BF11F8A2
:100AA000012B28BF20F8023B48BF00F8012B7047FC
:100AB00002F0FF0343EA032242EA024200F002B8D6
:100AC0004FF000020429C0F0128010F0030C00F077
:100AD0001B80CCF1040CBCF1020F18BF00F8012BF5
:100AE000A8BF20F8022BA1EB0C0100F00DB85FEAC3
:100AF000C17C24BF00F8012B00F8012B48BF00F88F
:100B0000012B70474FF0000200B5134694469646FD
:100B1000203922BFA0E80C50A0E80C50B1F1200110
:100B2000BFF4F7AF090728BFA0E80C5048BF0CC0BE
:100B30005DF804EB890028BF40F8042B08BF70471C
:100B400048BF20F8022B11F0804F18BF00F8012B8E
:100B5000704770477047704710B500F0D9F80068CB
:100B600010BD10B5044600F0D3F8046010BD2DE9A7
:100B7000F0470D4699469246044600F12408016864
:100B8000880604D5E06921F01001216000E0012011
:100B9000A84201DD471B00E00027A1697A1902EB9A
:100BA0000900081AA0612078C00602D42046FFF789
:100BB00019FD002608E0D4E901211AF80600904743
:100BC000206A401C761C20624E45F4DB2078C0066B
:100BD0000AD52046FFF706FD06E0D4E901213020C2
:100BE0009047206A401C2062381EA7F10107F4DC00
:100BF00007E0D4E9012118F805009047206A401C5D
:100C00002062281EA5F10105F3DC2046FFF700FD58
:100C10002078000602D50220BDE8F0870120FBE71E
:100C200001694A1C02610878704700B58FB0CDE9B0
:100C300001310021059105497944CDE903101146A0
:100C40006846FFF75BFD0FB000BD0000E5FFFFFF4A
:100C50000A6802F8010B0A607047D1E900239A4242
:100C600002D2531C0B601070704710B5436913B16A
:100C7000AFF3008001E0FFF7DCFC012010BD12782B
:100C800000F124010A7000224A700122EDE7116888
:100C90004FF0FF32E9E7431A28BF9A427FF6D6AEFB
:100CA000104410F0030F11441EBF11F8013D521EF5
:100CB00000F8013D10F0030F7FF4F6AF103AC0F0DA
:100CC0000A8010B531E91850103A20E91850BFF4E5
:100CD000F9AFBDE81040530724BF31E9081020E9FF
:100CE000081044BF51F8043D40F8043D12F0030FD2
:100CF00008BF7047D20728BF31F8023D48BF11F83E
:100D0000012C28BF20F8023D48BF00F8012C704795
:100D10000048704784070124004870478407012475
:100D20007546FFF7F9FFAE4605006946534620F0C9
:100D30000700854618B020B5FFF7AEFBBDE82040A0
:100D40004FF000064FF000074FF000084FF0000B87
:100D500021F00701AC46ACE8C009ACE8C009ACE83A
:100D6000C009ACE8C0098D46704710B50446AFF322
:100D700000802046BDE81040FFF719BB014918204C
:100D8000ABBEFEE7260002007047000010B53249F6
:100D900004460068884202D0304A904202D1D1F81D
:100DA000080302E02E48D0F8080310F4403F10D0AA
:100DB00005F0FAFD6168B1F5803F06D0B1F5003F5E
:100DC00003D0B1F5403F26D101E0090C17E08008BF
:100DD00021E000214FF4002004F09EFE61688A03A8
:100DE000920B18D18A140C2A15D2DFE802F01406EF
:100DF00006060606060B0D0F1113890C4900B0FB01
:100E0000F1F008E0000906E0400904E0800902E092
:100E1000C00900E0000A13494008884204D820684D
:100E2000816821F4407108E00F49884207D82068A2
:100E3000816821F4407141F48071816010BD0B49DB
:100E400088422068816804D821F4407141F400711F
:100E5000F3E741F44071F0E7002002400021024036
:100E600000600258105E5F0020BCBE0040787D012B
:100E70002DE9F0410027044600680D4607F064F9AB
:100E80000646206807F05CF930435DD020682F4E9D
:100E9000C168890105D5617E012902D1217E012920
:100EA0000BD0022D1DD0206807F04EF9B8B1206894
:100EB0008168C1F3400169B111E02549012502E0D3
:100EC0008F4232D27F1C0268D2435206F8D44021AE
:100ED0000160E8E78168314041F010018160012D37
:100EE00011D0206807F02CF948B120688168C1F35F
:100EF000400121B98168314041F020018160022D1B
:100F000008D0032D04D0042503F05EFA064617E04E
:100F10000C25F9E70825F7E703F056FA801B0528AA
:100F20000ED92068806828420AD0206E40F0100058
:100F30002066606E40F0010060660120BDE8F0812F
:100F4000206880682842E7D10020F7E7C0FFFF7FD4
:100F500000DC0C0070B50446006881688268C1F34B
:100F6000400112F0010F28D039BB816801F00D015A
:100F7000012914D18168124A1140891C81602168BD
:100F80000320086003F020FA054612E003F01CFA83
:100F9000401B02280DD920688068C00709D0206E48
:100FA00040F010002066606E40F001006066012095
:100FB00070BD20688068C007E8D1002070BD0000C7
:100FC000C0FFFF7F70B504460068816811F0010F13
:100FD00040D18168204A11422DD18168D5432940F2
:100FE000491C816003F0F0F91C49064620681C4B3F
:100FF000884201D0984201D11A4A00E01A4A926808
:10100000984202F01F0200D0014681421DD0E2B199
:1010100020E0816811F0010F03D181682940491C4B
:10102000816003F0D1F9801B02280ED92068006886
:10103000C043C00709D0206E40F010002066606EEB
:1010400040F001006066012070BD20680168C9435E
:10105000C907DED1002070BD3F00008000200240A3
:10106000002102400023024000630258FEE7000016
:1010700004280B4610B517DD202802D0212813D1F3
:101080000AE09BB1072A11D10948196801609988C3
:1010900081809979817107E043B1072A00D907223D
:1010A00003491846FFF74BFC002010BD032010BD7C
:1010B000924600240020704707490022074810B5D7
:1010C0000AF0D0FC08B1032010BD054903480AF01E
:1010D000BCFC40B210BD0000846B0024A85E00245C
:1010E000846300240649074810B50AF0AEFC08B135
:1010F000032010BD03480AF081FC40B210BD00007F
:1011000084630024A85E00240020704770B50D465B
:1011100010B1B5F5006F01D9032070BDEFF3108455
:1011200072B6124991F89C32D1F8D422032B01EB0C
:101130008201D1F8C01205D121B1D1F8141219B130
:10114000012010E003200EE025B12A4601460848A0
:10115000FFF73AFC06492A4604480AF083FC10B916
:1011600002480AF0F5FC84F3108870BDA85E0024E4
:10117000846B0024014802F061B90000E45D0024A2
:10118000294A016891423AD0274A1832914236D012
:10119000254A3032914232D0234A483291422ED0F1
:1011A000214A603291422AD01F4A7832914226D099
:1011B0001D4A9032914222D01B4AA83291421ED041
:1011C0001A4A91421BD0194A1832914217D0174A35
:1011D0003032914213D0154A483291420FD0134A0F
:1011E000603291420BD0114A7832914207D00F4AB7
:1011F0009032914203D00D4AA832914211D1CAB225
:101200001823103AB2FBF3F26FF30901032A02F03C
:101210000703074AD25CC26500D9091D81650846EB
:10122000704721F0FF01F9E710000240100402406E
:10123000544D010830B5224A012301689142CAB2D7
:101240001BD01F4C1434A14217D01D4C2834A1428E
:1012500013D01B4C3C34A1420FD0194C5034A14246
:101260000BD0174C6434A14207D0154C7834A142FE
:1012700003D0134C8C34A1420CD11421114C083AE8
:10128000B2FBF1F10F4A803201F01F0504EB81013E
:10129000AB4010E00C4D1824103A0D44B2FBF4F1B1
:1012A000A82D00D80831094A01F01F0402EB810182
:1012B000064AA3408032603080E80E0030BD000056
:1012C0000854025800580258F0FBFDBF00080240C5
:1012D00010B50279531E072B2DD8174C0168A14277
:1012E0001BD0154C1434A14217D0134C2834A14202
:1012F00013D0114C3C34A1420FD00F4C5034A142BA
:101300000BD00D4C6434A14207D00B4C7834A14271
:1013100003D0094C8C34A14203D10849074C443115
:1013200002E00749064C443104EB8202C0E91B216C
:1013300001219940416710BD08540258FC580258D9
:10134000FC08024010B583694FF0C074826A014600
:10135000002053B1B3F5005F15D072B1012A0CD053
:10136000022A0AD0032A09D104E01AB1012A06D0C0
:10137000022A03D1C96AC90100D5012010BDC96A7A
:10138000A142FAD010BD002AF7D0012AF2D0022AD9
:10139000F3D0032AF3D010BD2DE9F04F804E804FDB
:1013A000DFF8FC911836DFF8F8A148370468856D3E
:1013B0000AF1300ADFF8ECB14C45DFF8ECC1DFF898
:1013C000ECE16DD0B4426BD0544569D0BC4267D0DB
:1013D000DFF8D081A8F11808444561D05C455FD0A2
:1013E00064455DD074455BD0DFF8C481444557D077
:1013F000DFF8BC8108F11808444551D0DFF8B0810E
:1014000008F1300844454BD0DFF8A48108F14808C2
:10141000444545D0DFF8988108F1600844453FD045
:10142000DFF88C8108F17808444539D0DFF88081F5
:1014300008F19008444533D0DFF8748108F1A8081A
:1014400044452DD0DFF86C81444529D0DFF8648114
:1014500008F11408444523D0DFF8588108F1280822
:1014600044451DD0DFF84C8108F13C08444517D0B5
:10147000DFF8408108F15008444511D0DFF834818D
:1014800008F1640844450BD0DFF8288108F178089A
:10149000444505D0DFF81C8108F18C08444509D18A
:1014A000D0E91948C4F80480C46E1CB1D0E91C48C6
:1014B000C4F8048004684C452ED0B4422CD0544566
:1014C0002AD0BC4228D0374E183EB44224D05C45C6
:1014D00022D0644520D074451ED0354EB4421BD076
:1014E000334E1836B44217D0314E3036B44213D092
:1014F0002F4E4836B4420FD02D4E6036B4420BD03A
:101500002B4E7836B44207D0294E9036B44203D0E1
:10151000274EA836B44215D190F85C603F2406F0FF
:101520001F06B440AC600468256825F4802525605A
:101530002EE09A600068C160BDE8F08F9960006895
:10154000C260F9E71B4EB4421BD01A4E1436B442A7
:1015500017D0184E2836B44213D0164E3C36B4423B
:101560000FD0144E5036B4420BD0124E6436B442F3
:1015700007D0104E7836B44203D00E4E8C36B442AB
:10158000DAD190F85C60012406F01F06B4406C606C
:10159000046863608368402B0368CFD1C9E700000B
:1015A0001000024088000240A0000240B800024043
:1015B0001004024008540258704772B6FEE730B576
:1015C000014690F8405090F84840D1E9162365F361
:1015D00007009A4264F30F2001DD012200E000229F
:1015E000D1E91C3162F317408B4201DD012100E09B
:1015F000002161F31F6030BDF0B50C4607462DEDAC
:10160000068B87B091ED131AD1ED140A91ED150AEE
:1016100021EE011A60EEA00A20EE000A71EE200A07
:1016200030EE800A0CF006FDB0EE009A3B4D4FF014
:101630007E5620EE090A9FED3A8ADFED3A8A10EED7
:10164000100AA84202D3B0EE480A08E010EE100AD1
:10165000B04202DBB0EE680A01E00BF0EBFDDFED1B
:10166000329A9FED32AA20EE290A8DED000A94F8F5
:1016700060008DF80400206A48B3D4ED160A00EE2D
:10168000100AF8EEE00AB8EEC01A80EE810A00BF38
:101690008DED020A04F16400D0EC030A20EEA00AEA
:1016A00061EE010A21EEA11A30EE200A30EE010AA5
:1016B0000CF0C0FC20EE090A10EE100AA8420DD270
:1016C00010EE100AB04205DBB0EE688A06E0B0EE1C
:1016D0004A0ADDE70BF0AEFDB0EE408A28EE290A9B
:1016E0008DED030A94F878008DF81000206A48B157
:1016F000D4ED1C0A00EE100AF8EEE00AB8EEC00ABB
:1017000080EE80AA1822694638468DED05AAFFF7BB
:101710009DF907B0BDEC068BF0BD0000000080BF56
:10172000DB0FC9BFDB0FC93FE02E654200000000A0
:10173000243090EC040A704710B50449044600F0C8
:101740009BF82046BDE8104000F002B88C4C010820
:1017500070B5124C00210126B2EE040A3CCCC0E95F
:101760000C5100F124058163C16385E81C0080F8F9
:10177000406080ED110A80F84810C1640165416540
:101780008165026AC26580F8601041668166C16643
:10179000C0E91C1280F8781070BD0000A84C010848
:1017A00070B505462DED028BF6EE008A90ED0B1A12
:1017B000B0EE408AF0EE680A90ED090AD0ED0C1AFE
:1017C00041EE410A90ED0A2A20EE210A41EEE10A9B
:1017D00002EE010A0BF0CAFDDFED240A002468EED8
:1017E000200A30EE600A60EE288AB0EE680A0BF03C
:1017F00023FFB0EE408AB0EE680A0CF051FBB1EE68
:10180000401AB0EE480A95ED092AD5ED0A1AD5ED31
:101810000B2A95ED0C3A60EE023A20EE214A60EE7A
:10182000224A20EE030A00EE904A00EEA20A40EEA1
:10183000C34A40EEE13A00EE824A00EEE10A40EE91
:10184000824A40EEE23A00EE834A01EE020A41EE9D
:10185000214A41EE433A01EE624A85ED0C0A2435F5
:10186000C5EC033ABDEC028B70BD000035FA8E3C2E
:1018700080ED000A7047000070B5B7EE002A0446FC
:101880000D462DED048BB2EE041AF0EE081AD1EDE0
:10189000000A82EE200A80ED000A08792071D1ED5D
:1018A000020AC4ED020A31EE601AC1EE210A20EEEE
:1018B000800A84ED030A91ED030AB5EEC00AF1EE49
:1018C00010FA01DD012000E000202074DFED2E0A77
:1018D00095ED030A9FED2D9A9FED2D8A20EE200AAB
:1018E000F6EE008A84ED050A95ED040AB5EEC00A0D
:1018F000F1EE10FA02D1B0EE480A09E020EE090A32
:101900000CF0CEFA20EE280AF0EE000A0BF09CFF55
:1019100084ED060A95ED050AB5EEC00AF1EE10FA5F
:1019200002D1B0EE480A09E020EE090A0CF0B8FA3C
:1019300020EE280AF0EE000A0BF086FF84ED070A7D
:1019400095ED000AD5ED060A20EE200ABDEEC00A8C
:1019500084ED080A84ED170A84ED1D0A95ED020A4C
:10196000B5EEC00AF1EE10FA06D095ED060AB5EE16
:10197000C00AF1EE10FA03D184ED068A84ED078ADD
:10198000BDEC048B70BD000048E17A3F35FA8E3C17
:10199000FFFF7F7F2DE9F04704464FF0010A343006
:1019A0002DED108BB0EE43EBB0EE44FAB0EE403AC2
:1019B000C0EC031A207C90B3B0EE430AD4ED053A94
:1019C000B0EEC00A2046B4EEE30AF1EE10FA11D8E8
:1019D000B0EE600AB0EEC00AB4EEE30AF1EE10FA1F
:1019E00008D8B0EE410AB0EEC00AB4EEE30AF1EE58
:1019F00010FA14D90546466AF0EE613AB0EE424B51
:101A0000D5E90A70D5F8309080462046FFF7A0FE51
:101A10002435A5E8C003C5EC033A84F848A00020AB
:101A200094F84010E9B3D4ED113A94ED034A94EDE3
:101A3000020A73EEC4BAC4ED11BAF4EEC0BAF1EE04
:101A400010FA05DC84F84000F0EE40BA84F8480053
:101A50009FEDFE0A2179B6EE008A63EE00CA20EE01
:101A600080DA61EE00DAE1B3012968D002297ED084
:101A700008EE900A09EE100A09EE900AF5EEC01A77
:101A8000B7EE00CAF1EE10FA8046D146464605464A
:101A9000374684F860A00FD1B0EE420AB5EEC00A16
:101AA00000E049E0F1EE10FA06D1B0EE620AB5EEC0
:101AB000C00AF1EE10FA73D021EEA10A62EE020A1A
:101AC000B0EE62BAB0EE61AA2BEE0B1A30EE200A2D
:101AD000F0EE42AA30EE010A0CF0ACFA8CEE001ADD
:101AE00000E02CE0F0EE4A1AB0EE6A2A21EE810AFC
:101AF00062EE010AF0EE681AB0EE492B2BEE011AE5
:101B000060EE213A20EE824A21EE223A73EE843AC8
:101B100033EE833AB5EEC03AF1EE10FA41DD20EE35
:101B2000A23A61EE213A20EE024A01EE423A40EE3C
:101B3000623A00EEE14A6FE0D4ED02BA88E7D4EDF4
:101B4000090A94ED0C0AF0EE489A94ED0A1A94ED05
:101B50000B3A50EEA09A61EE008A23EE009A40EE16
:101B6000C38A00EE819A40EE009A87E7FFE794ED82
:101B70000B3AD4ED0C0A94ED090AF0EE489A63EEA4
:101B8000203A94ED0A1A40EE409A60EE038A40EE45
:101B9000013A41EE608A40EEE09AB1EE639A6DE759
:101BA00078E020EEA2AA61EE21AA20EE02BA01EEB0
:101BB00042AA40EE62AA00EEE1BAB5EEC0AAF1EE8A
:101BC00010FA15D1B0EE6A0AB5EEC00AF1EE10FABD
:101BD0000ED1B0EE4B0AB5EEC00AF1EE10FA07D105
:101BE000404603EE100A03EE908A04EE108A13E0DA
:101BF0006AEE0A0A2AEEAA0A2BEE0B1A30EE800AC7
:101C000030EE010A0CF016FACCEE000A2AEE203A69
:101C10006AEEA03A2BEE204A04F14C0080EC033A25
:101C200094F8400080B923EE031A63EEA30A24EE71
:101C3000040A71EE200A30EE800AD4ED060AB4EEF2
:101C4000E00AF1EE10FA04D8A06D84F8608009383B
:101C500001E0A06D401CA065E16D884204DDC4F880
:101C60005C8084F8608001E0216AE1650028216AD7
:101C70004FF0000201DA104602E0884200DD08461B
:101C800094F86010A06529B913EE105A13EE906A0B
:101C900014EE107A0BEE105A0AEE906A0AEE107AE1
:101CA000B5EEC0EAB0EE681AF1EE10FA46464546C7
:101CB000374684F878900DD1B0EE6E0AB5EEC00AC2
:101CC000F1EE10FA06D1B0EE4F0AB5EEC00AF1EE11
:101CD00010FA72D02079A846E8B3012870D0022803
:101CE0006DD028460FEE900A00EE105A00EE908A52
:101CF00069EE8E1AB0EE408B69EE0F0A21EE2E0AC5
:101D000041EE4F1A49EEEE0A09EE4E0A21EEA11AF3
:101D1000F0EE619AB0EE609A60EEA00AB0EE40EA92
:101D200020EE000A70EE810A30EE800A0CF082F993
:101D30008CEE002AF0EE490AF0EE691AB0EE4E0A77
:101D400020EE821A61EE821A20EE022AF0EE680A74
:101D500021EE2F0A00E019E061EE882A22EE203AF7
:101D600030EE220A30EE030AB5EEC00AF1EE10FAA8
:101D700058DD21EEA00A62EE2F2A21EE083A02EE8B
:101D8000480A41EE602A01EEEF3A89E094ED092A13
:101D9000B0EE480AD4ED0B1AD4ED0A2A94ED0C3AB1
:101DA00012EE020A62EEA1FA61EE830A42EE03FA33
:101DB00042EE620A01EEA10A9AE7B2E000E018E002
:101DC000D4ED091AD4ED0A0A94ED0C0A01EEE18A69
:101DD00094ED0B2A60EE802A21EE800A41EE822AE1
:101DE00000EEE08A00EEC20AF1EE620AF0EE48FA76
:101DF0007EE7D4ED0A0AD4ED0B1A94ED092AB0EE71
:101E0000480A20EEA13AD4ED0C2A02EE420A62EE14
:101E1000200A02EE223A41EEE20A01EEE10AF1EE78
:101E200043FA65E721EEA09A62EE2F9A21EE08EAC6
:101E300002EE489A41EE609A01EEEFEAB5EEC09AE2
:101E4000F1EE10FA18D1B0EE690A01E035FA0E3C55
:101E5000B5EEC00AF1EE10FA0ED1B0EE4E0AB5EEB4
:101E6000C00AF1EE10FA07D1404600EE100A02EE69
:101E7000908A03EE108A13E069EE090A29EEA90A96
:101E80002EEE0E1A30EE800A30EE010A0CF0D2F877
:101E9000CCEE000A29EE200A69EEA02A2EEE203AA6
:101EA00084ED190AC4ED1A2A84ED1B3A94F8400017
:101EB00080B960EE001A62EEA20A23EE030A71EE08
:101EC000A00A30EE800AD4ED070AB4EEE00AF1EE83
:101ED00010FA06D8216F84F87880093921670846FE
:101EE00002E0206F401C2067616F884204DDC4F867
:101EF000748084F8788001E0216A61670028216A93
:101F00004FF0000201DA104602E0884200DD084688
:101F100094F87810206721B912EE906A13EE107AC7
:101F2000656E04F1240000EE906A00EE105A01EE96
:101F3000107A7AEEA00A3BEE000A3AEE011A94ED0E
:101F4000004A60EEAB0A20EE2B0A61EE2B1A94EDEC
:101F50000B2A7DEE203A3CEE801AD4ED0A0A7DEE83
:101F6000A12A94ED090A21EE043A23EE841A62EEC6
:101F7000842AD4ED0C1A60EEC33A20EE034A60EED8
:101F8000014A42EE413A02EE224A40EEE24A41EE76
:101F9000E23A60EE222A01EEC14A41EE834A40EE67
:101FA000812A30EE230A70EE840A32EE241AF0EE13
:101FB000409A42EE432AB0EE608AF0EE418A71EE1A
:101FC000A21A80EC040A29EEA91A28EE080A68EE83
:101FD000A80AB0EE619A31EE000A69EE091A30EEF5
:101FE000200A30EE210A0CF025F8CCEE000A29EE8A
:101FF000A00A28EE201A68EEA01A69EE200A84EDE5
:10200000090A84ED0A1AC4ED0B1AC4ED0C0ABDECE2
:10201000108BBDE8F0870000002110B504EE101A07
:1020200003EE901A03EE101A0446FFF7B3FC94F87F
:102030004000002806D02046BDE810409FED020A6F
:10204000FFF7AEBB10BD000000000000183090ECA0
:10205000030A704710B50549044600F00DF8002149
:102060006161A161E161216210BD0000B84C01080D
:10207000183080EC030A70470EC9F7EE000A00EE34
:10208000101ADFED091A80E80E0080EE801A61EE6A
:10209000210AC0ED030A00EE903A20EE800ABCEE61
:1020A000C00A80ED040A7047FDAD003ED0ED062A5F
:1020B00090ED072AD0ED081A30EE620A90ED013A51
:1020C00070EEC20A31EE611AF0EEC03AF4EEC33A95
:1020D000F1EE10FA11DCF0EE603AF0EEE33AF4EED5
:1020E000C33AF1EE10FA08DCF0EE413AF0EEE33AD2
:1020F000F4EEC33AF1EE10FA01DD002104E0D0E97C
:102100000421914202D2491C41617047D0ED033A4B
:10211000B0EE403AB0EE605AF0EE414A23EE234A68
:1021200025EE233A64EEA33A72EE842A32EE032AB5
:1021300071EEA31AC0ED062A80ED072AC0ED081A39
:1021400070470000F8B50027044615460E46009774
:1021500090F85C0001280BD0012084F85C00204638
:10216000FEF7F8FE0100206E04D040F010002DE0D4
:102170000220F8BD20F4885040F00200206620685C
:1021800006F4803205F08043134D1A4383682B40D8
:102190001A4342F000428260104A20680EE0009B21
:1021A0005B1C0093934209D3206E84F85C7020F08E
:1021B000020040F0100020660120F8BD8368DB0FAC
:1021C000EDD1206E20F0020040F0010020660846AC
:1021D00084F85C70F8BD0000C0FFFE3F00F8C32526
:1021E0002DE9F0470F4690F85C109CB00446012999
:1021F0004FF0000915D00026DFF8F880012084F8A0
:102200005C0018961996216841450ED13A4D00950B
:10221000284605F09DFF8246206805F099FF60B1D1
:102220000EE002201CB0BDE8F087206E84F85C60F0
:1022300040F0200020660120F4E7BAF1000F09D039
:10224000216E4FF0010941F020002066484684F8D5
:102250005C60E7E720684146884201D0A84201D18E
:10226000264800E0264840F61F72D7F800C0254BEC
:10227000BCF1000F23D0D0F808C0D7F804802CF4AC
:10228000404C4CEA080CC0F808C0D4F800C08C459B
:1022900001D0AC4507D18968AB6801F0010103F0BA
:1022A0000103194302E0996801F001010029CDD131
:1022B000BD683968836829439343194317E08768E9
:1022C00027F44047876027688F4201D0AF4207D18B
:1022D0008968AB6801F0010103F00103194302E0D2
:1022E000996801F001010029B0D1816891438160B2
:1022F000ACE7000000200240002102400023024021
:1023000000630258006002582DE9F84F4FF0000BAF
:102310000446FD4E0D46CDF800B0DA4690F85C005C
:10232000FA4F012808D04FF0010984F85C9020682A
:1023300005F00AFF18B152E20220BDE8F88F2068CC
:10234000B0420DD02968C2690B0327D091FAA1F1E0
:10235000B1FA81F101F01F0309FA03F10A43C261E6
:10236000D5E900124FF00C0C20681F23C1F38461E3
:102370000CEA921C02F01F02604493409140026BF1
:102380009A430A430263206805F0DEFE8046206817
:1023900005F0D6FE58EA000003D048E1C1F384619D
:1023A000D8E7AA682968206805F0DEFE2068B042F8
:1023B00004D1C2686969C2F3C1020BE0D44A126851
:1023C000B9EB127F02D0C168C90605D4C268696939
:1023D000C2F38202520004E0C268696902F010028E
:1023E000520891402A69042A5AD02B6800EB8202D5
:1023F000B04202F1600207D103F0F84013680843CD
:1024000040F00040106008E0D2F800C003F0F8404F
:1024100008430CF00041014311602068B0421CD118
:102420002A69E96900EB8200026E22F080720A4399
:10243000026695F8201020682A6901290AD0002137
:10244000B042AAD100EB8200026E22F000720A4371
:102450000266ECE04FF00071F2E795F821102A696E
:10246000012917D05FF0000100EB8200026E22F01C
:1024700000420A430266287E21682A6901280CD09E
:1024800000200B6902F01F02904023F4F042024347
:102490000A61CCE04FF00041E6E74FF40060F0E75E
:1024A000B04273D1002105F045FE000320684FF0D3
:1024B00000016DD005F03EFE90FAA0F0B0FA80F178
:1024C0002868020369D090FAA0F0B0FA80F0814247
:1024D00004D100222068114605F056FE2068012133
:1024E00005F028FE000320684FF0010158D005F0E8
:1024F00021FE90FAA0F0B0FA80F12868020354D0CF
:1025000090FAA0F0B0FA80F0814204D12068002255
:10251000012105F039FE2068022105F00BFE0003C1
:1025200020684FF0020143D005F004FE90FAA0F0BD
:10253000B0FA80F1286802033FD090FAA0F0B0FA18
:1025400080F0814204D120680022022105F01CFEA7
:102550002068032105F0EEFD000320684FF0030121
:102560002ED005F0E7FD90FAA0F0B0FA80F12868CF
:1025700002032AD090FAA0F0B0FA80F0814256D13E
:1025800020680022032105F0FFFD50E020E0FFE776
:1025900005F0D0FDC0F3846192E7C0F3846096E754
:1025A00005F0C8FDC0F38461A7E7C0F38460ABE722
:1025B00005F0C0FDC0F38461BCE7C0F38460C0E7F0
:1025C00005F0B8FDC0F38461D1E7C0F38460D5E7BE
:1025D000016E2A7801F0F841B1EB826F03D1016EF0
:1025E00021F00041016620682978426E02F0F8422D
:1025F000B2EB816F03D1416E21F00041416620684A
:102600002978826E02F0F842B2EB816F03D1816EBD
:1026100021F00041816620682978C26E02F0F842FC
:10262000B2EB816F03D1C16E21F00041C166206819
:10263000816811F0010F71D1364AB042EB68296808
:102640000FD1D0F8B0C003F01808C1F3130322FA79
:1026500008F20A402CEA030C4CEA020CC0F8B0C0A5
:102660000EE0D0F8C0C003F01808C1F3130322FA3B
:1026700008F20A402CEA030C4CEA020CC0F8C0C075
:102680002548E96881427DD1286801031BD090FA72
:10269000A0F1B1FA81F1491C01F01F0109294FEAAB
:1026A00000313CD8002911D090FAA0F1B1FA81F1A3
:1026B00001F1010101F01F0109FA01F209D100BF86
:1026C000C0F3846109E0C0F38461E4E7C0F384618E
:1026D000EEE790FAA0F1B1FA81F101F1010101F008
:1026E0001F0142EA816102D1C0F3846003E090FAE5
:1026F000A0F0B0FA80F000F1010000F01F0000EB44
:10270000400041EA005140E00060025800210240D0
:102710000010005CFFFF0F000000FF4765E000298C
:102720000FD000BF90FAA0F1B1FA81F101F10101DF
:1027300001F01F0109FA01F206D100BFC0F3846164
:1027400006E0C0F38461F1E790FAA0F1B1FA81F1FB
:1027500001F1010101F01F0142EA816102D1C0F3E0
:10276000846003E090FAA0F0B0FA80F0434A00F1F0
:10277000010000F01F0000EB400002EB005041EAB6
:10278000000100E005E041F00071AA68206805F052
:10279000EBFCD5F800C0BCF1000F26DA384B2068FE
:1027A0003849DFF8E490984201D0B84201D10A4696
:1027B00000E04A469268984202F0E07201D0B842C6
:1027C00009D19D68D7F8088005F0010508F00108D7
:1027D00045EA080502E0B56805F001054DB1216E36
:1027E0004FF0010A41F020002066504684F85CB0AA
:1027F000A3E5264DAC451CD115021AD4B042F4D144
:10280000984202D0B84200D049468B6842F400009A
:1028100023F0E07202438A601E491D480968B1FB3B
:10282000F0F04000801C00E0401E00900028FBD12A
:10283000DBE7194DAC450CD1D5010AD4B042D4D157
:10284000984202D0B84200D049468B6842F080706E
:102850000EE0124DAC45C8D15502C6D4B042C4D129
:10286000984202D0B84200D049468B6842F48000BA
:1028700023F0E07202438A60B7E70000000020FE08
:10288000002002400023024000630258000052C7AB
:10289000400D0300BC460024000021C3000084CB8F
:1028A0000068006C704700002DE9F8434FF0000508
:1028B00004002E46009502D0206E18B108E00120D9
:1028C000BDE8F883204600F043F9656684F85C5063
:1028D00020688168C1F3407119B181688E4A114046
:1028E000816020688168C1F3007181B981688B4A79
:1028F000114041F0805181608A4989480968B1FBE3
:10290000F0F0401C00E0401E00900028FBD1206841
:102910008168C1F3007141B9216E012641F01001B7
:102920002166616E41F00101616605F00DFC216ECA
:10293000C90600D420B1206E012640F01000E0E06E
:10294000206E20F4807040F00200206620688168CC
:10295000754D11F0010F1ED1744B754A984201D08C
:10296000904207D19968976801F0010107F00107CB
:10297000394302E0A96801F0010161B9984201D030
:10298000904201D16B4800E06B488268616822F494
:102990007C120A4382602168A9421FD1637ED4E978
:1029A0000207E26B5B033A43082805D00C280FD0DE
:1029B0001C280FD018280FD05FF0000000F00C0783
:1029C00094F8200043EA47031A4342EA00400FE02C
:1029D0000420F3E70820F1E71C20EFE7627E94F87B
:1029E0002030A768E06B520342EA034238431043A9
:1029F00094F82020012A04D1A28C504B03EB4242D0
:102A00001043A26A2AB1E36A02F47872024343EAED
:102A10000200CA68A9420BD1494B1A400243CA605E
:102A20002068626B016921F040611143016103E09C
:102A3000444B1A400243CA60206805F085FB0746F4
:102A4000206805F07DFB07434ED12068A946484524
:102A500006D1217E94F83820890341EA420103E03F
:102A6000227E216B41EA8231C26844F203039A4319
:102A70000A43C26094F844000128206803D0016929
:102A800021F0010122E048450ED1D4E9121CD4E91D
:102A9000143502692C4F41EA0C012B433A4019438B
:102AA000114341F0010111E0D4E91317B4F848C013
:102AB000DFF89880636D026908EB0C4C224D3943B6
:102AC00043EA0C036D1E2A4019431143016120683B
:102AD000236C026922F070421A4302612068484563
:102AE00002D02046FEF752F92069012820680BD059
:102AF000016B21F00F010163206E20F0020040F015
:102B0000010020663046DBE6E269016B521E21F0CF
:102B10000F011143EFE70000C0FFFF5FC0FFFF7F21
:102B2000400D0300BC460024006002580020024013
:102B30000021024000230240006302580000FEFF13
:102B40000740F0FF03C0F0FF1FF800FC0100FFFF8B
:102B500030B5B5B0044614212EA8FDF7D3FFB82137
:102B60006846FDF7CFFF1D492068884233D1022017
:102B700000224FF40021009110231446CDE90120DA
:102B8000CDE90330C025059006906846CDE907528F
:102B90000992289203F00EF908B1FEF70EFD1048D5
:102BA000016841F020010160006800F020003390CE
:102BB0000B480830016841F00101016000682EAA4D
:102BC000032100F001003390202082E81300054823
:102BD0002EA901F0E5FA35B030BD0000002002401A
:102BE000D8440258000002582DE9F047434D0446EE
:102BF000006888464249434BA842DFF80C9101D057
:102C0000484501D10A4600E01A46926802F01F06C4
:102C10006269082A14D0AEB1052E13D0092E11D046
:102C2000A84202D0484500D01946886800F44040C8
:102C300058B1206E40F0200020660120BDE8F087EA
:102C4000082703E0C068C007F2E7042701F0BCFBD7
:102C5000824618E0B8F1FF3F15D001F0B5FBA0EBBC
:102C60000A01414502D8B8F1000F0CD12068006874
:102C7000384208D1206E002184F85C1040F0040036
:102C800020660320DAE7206800683842E2D0206E30
:102C900040F400702066206805F05EFA80B1607E26
:102CA00070B92068006800070AD5206E20F4807093
:102CB0002066206EC00403D4206E40F00100206620
:102CC0002068484501D12A4600E00246824210D0E1
:102CD0007EB1052E0DD0092E0BD0484500D00546FB
:102CE000E968082F07D0490401D40C2101600020B5
:102CF000A4E7C168F5E70821F8E7000000200240DA
:102D00000023024000630258002102402DE9F041F7
:102D10003B4D044600683B4FA84201D0B84201D168
:102D2000394900E03949896801F01F0605F00CFABD
:102D300018B102210846BDE8F08194F85C00012832
:102D40000CD0012084F85C002046FEF73BF901001E
:102D50004FF0000204D084F85C20EBE70220EAE7A1
:102D6000236E40F6016C206823EA0C03B84243F45A
:102D70008073236601D12B4600E00346834200D0D6
:102D80001EB9236E23F480132366236EDB0404D55F
:102D9000636E23F00603636600E062661C23036033
:102DA00084F85C202068B84201D12A4600E002463F
:102DB000824215D0A6B1052E12D0092E10D0226E57
:102DC000B84242F48012226600D00546E8688001CD
:102DD000B0D5206E20F4005040F480502066A9E762
:102DE000C268920105D5226E22F4005242F480524C
:102DF00022668268064B1A40121D82609AE7000024
:102E000000200240002102400023024000630258DB
:102E1000C0FFFF7F10B5044690F85C00012808D081
:102E2000012084F85C0003212046FEF721F810B150
:102E30000BE0022010BD2046FEF78CF828B9216E69
:102E400021F4885141F001012166002184F85C10D1
:102E500010BD00002DE9F84F044601F0B5FA0090CE
:102E60003CB194F83500022806D08021616500202D
:102E7000E4E00120BDE8F88FC74DC74EC6491835BC
:102E800020683036DFF81483DFF814938842DFF8C7
:102E900014A3DFF814B32ED0A8422CD0B0422AD00D
:102EA000404528D0484526D0504524D0584522D00A
:102EB000BD4A183290421ED0BC4A90421BD0BB4A39
:102EC0001832904217D0B94A3032904213D0B74AE4
:102ED000483290420FD0B54A603290420BD0B34A8C
:102EE0007832904207D0B14A9032904203D0AF4A34
:102EF000A832904209D1026822F01E0202602068C6
:102F0000426922F08002426103E0026822F00E0270
:102F1000026027688F4238464DD0A8424BD0B0425D
:102F200049D0404547D0484545D0504543D0584505
:102F300041D09D4A183290423DD09C4A90423AD0AE
:102F40009A4A1832904236D0984A3032904232D063
:102F5000964A483290422ED0944A603290422AD00B
:102F6000924A7832904226D0904A9032904222D0B3
:102F70008E4AA83290421ED08D4A90421BD08C4A75
:102F80001432904217D08A4A2832904213D0884A8D
:102F90003C3290420FD0864A503290420BD0844A45
:102FA0006432904207D0824A7832904203D0804AFD
:102FB0008C32974204D1206E026822F48072026043
:102FC00075492068884228D0A84226D0B04224D033
:102FD000404522D0484520D050451ED058451CD0F1
:102FE00071491831884218D07049884215D06F490C
:102FF0001831884211D06D49303188420DD06B496B
:103000004831884209D069496031884205D0674912
:103010007831884201D065499031016821F0010181
:1030200001600EE001F0D0F90099401A052808D996
:10303000202262650321002084F8351084F83400D2
:1030400017E73868C007EDD1534A01212068904244
:103050002ED0A8422CD0B0422AD0404528D0484596
:1030600026D0504524D0584522D04F4B1833984293
:103070001ED04E4B98421BD04C4B1833984217D061
:103080004A4B3033984213D0484B483398420FD0C4
:10309000464B603398420BD0444B7833984207D06C
:1030A000424B9033984203D0404BA833984208D10A
:1030B00094F85C703F23A06D07F01F07BB4083604E
:1030C00007E094F85C30A06D03F01F0301FA03F3EE
:1030D0004360206890424DD0A8424BD0B04249D0C6
:1030E000404547D0484545D0504543D0584541D04C
:1030F0002D4A183290423DD02C4A90423AD02B4A69
:103100001832904236D0294A3032904232D0274A83
:10311000483290422ED0254A603290422AD0234A2B
:103120007832904226D0214A9032904222D01F4AD3
:10313000A83290421ED01E4A90421BD01C4A143224
:10314000904217D01A4A2832904213D0184A3C3283
:1031500090420FD0164A503290420BD0144A64323B
:10316000904207D0124A7832904203D0104A8C32F3
:1031700090420BD1D4E919024260E06E30B102688E
:1031800022F480720260D4E91C024260002084F8BC
:10319000351084F834006DE61000024058000240FB
:1031A0007000024088000240A0000240100402406B
:1031B000085402582DE9F05F28B190F83510022923
:1031C00004D0802141650120BDE8F09F904C904BD8
:1031D0000168183C18338E4ADFF83C92A1428D4CAE
:1031E000DFF838E28E4FDFF83CB2DFF83CA28F4DBB
:1031F0008F4E31D091422FD099422DD0A1422BD069
:10320000494529D0714527D0B94225D0DFF810C2F1
:103210000CF1180C61451FD0DFF808C2ACF1600C4E
:10322000614519D0DFF8FCC1ACF1480C614513D001
:10323000DFF8F0C1ACF1300C61450DD0DFF8E4C12E
:10324000ACF1180C614507D0594505D0514503D064
:10325000A94201D0B1422CD1DFF8B4C14FF004082B
:1032600080F83580ACF1180C61451DD091421BD01F
:10327000994219D0A14217D0494515D0714513D0B4
:10328000B94211D06648183081420DD06548603887
:10329000814209D063484838814205D061483038BE
:1032A000814201D05F481838086820F001000860AA
:1032B000ABE0D1F800C02CF00E08DFF854C1C1F823
:1032C0000080ACF1180C0168614527D0914225D0EF
:1032D000994223D0A14221D049451FD071451DD02C
:1032E000B9421BD0DFF838C10CF1180C614515D07C
:1032F000DFF830C1ACF1600C61450FD0DFF824C1BC
:10330000ACF1480C614509D0DFF818C1ACF1300CC4
:10331000614503D0DFF80CC1ACF1180CD1F800C046
:103320002CF0010CC1F800C0DFF8E4804FF0010C74
:103330000168A8F11808414546D0914244D099420D
:1033400042D0A14240D049453ED071453CD0B9421F
:103350003AD0334A1832914236D0324A603A9142DA
:1033600032D0304A483A91422ED02E4A303A9142D9
:103370002AD02C4A183A914226D0594524D051459A
:1033800022D0A94220D0B1421ED02A4A91421BD05D
:10339000284A1432914217D0264A2832914213D03B
:1033A000244A3C3291420FD0224A503291420BD0F3
:1033B000204A6432914207D01E4A7832914203D0AB
:1033C0001C4A8C32914218D1016E0A6822F4807234
:1033D0000A6090F85C20816D02F01F020CFA02F284
:1033E0004A60D0E919124A60C16E31B10A6822F40C
:1033F00080720A60D0E91C124A600022016D80F8D8
:1034000035C080F8342001B188470020DCE6000098
:10341000280002405800024070000240880002402C
:10342000A00002407004024088040240A004024050
:10343000B804024008540258406D70472DE9FC5F03
:103440000446F74E0020DFF8D88300904FF4165260
:10345000F44808F11808A56DDFF8C493DFF8C0A39D
:10346000016809F1300920680AF1480AB1FBF2F15C
:10347000B04201912F68D5F800C0DFF8ACB335D069
:103480004146884232D0484530D050452ED058452C
:103490002CD0E5491831884228D0E34930318842A0
:1034A00024D0E1494831884220D0E04988421DD0EB
:1034B000DE491831884219D0DC493031884215D0B4
:1034C000DA494831884211D0DFF860E30EF1600E2E
:1034D00070450BD0D54A7832904207D0D34B903309
:1034E000984203D0D149A83188427DD194F85C201C
:1034F000082102F01F0201FA02F23A424AD0B04219
:1035000032D0404530D048452ED050452CD058457B
:103510002AD0C54A1832904226D0C34A303290424F
:1035200022D0C14A483290421ED0C04A90421BD09D
:10353000BE4A1832904217D0BC4A3032904213D063
:10354000BA4A483290420FD0B84A603290420BD00B
:10355000B64A7832904207D0B44A9032904203D0B3
:10356000B24AA832904203D1026802F0040202E09B
:10357000026802F008026AB1026822F004020260E6
:1035800094F85C0000F01F008140A960606D40F07D
:103590000100606594F85C00012100F01F0081408B
:1035A000394240D02068B04234D0404532D04845FE
:1035B00030D050452ED058452CD09B4A18329042DE
:1035C00028D0994A3032904224D0974A48329042CB
:1035D00020D0964A90421DD0944A1832904219D079
:1035E000924A3032904200E0AFE113D08F4A483225
:1035F00090420FD08D4A603290420BD08B4A783285
:10360000904207D0894A9032904203D0874AA8322C
:1036100090427DD1406910F0800F04D0A960606DA8
:1036200040F00200606594F85C00042100F01F0087
:10363000814039423ED02068B04232D0404530D03F
:1036400048452ED050452CD058452AD0764A1832BD
:10365000904226D0744A3032904222D0724A483288
:1036600090421ED0714A90421BD0704A183290424C
:1036700017D06E4A3032904213D06C4A4832904292
:103680000FD06A4A603290420BD0684A783290423A
:1036900007D0664A9032904203D0644AA8329042E2
:1036A0004ED1006810F0020F04D0A960606D40F0A8
:1036B0000400606594F85C00102100F01F00814058
:1036C000394258D02068B04234D0404532D04845C5
:1036D00030D050452ED058452CD0534A1832904205
:1036E00028D0514A3032904224D04F4A483290423A
:1036F00020D04E4A90421DD04C4A1832904219D0E8
:103700004A4A3032904215D0484A4832904200E04E
:1037100014E00FD0454A603290420BD0434A7832D1
:10372000904207D0414A9032904203D03F4AA8329B
:10373000904207D1006800F0080006E0006872E7D8
:103740000068B7E7006800F00400A0B1A960206835
:103750000168490304D50068000308D5A16C07E09F
:103760000168C90503D4016821F008010160216CDA
:1037700009B12046884794F85C00202100F01F0022
:103780008140394279D02068B04232D0404530D0B3
:1037900048452ED050452CD058452AD0224A1832C0
:1037A000904226D0204A3032904222D01E4A4832DF
:1037B00090421ED01D4A90421BD01C4A18329042A3
:1037C00017D01A4A3032904213D0184A48329042E9
:1037D0000FD0164A603290420BD0144A7832904291
:1037E00007D0124A9032904203D0104AA832904239
:1037F00003D1006800F0100002E0006800F0020051
:10380000B0B3A96094F835000428206801680FD08F
:1038100049037ED5006800032BD4616C2AE00000C8
:1038200010000240BC460024700002401004024018
:1038300021F0160101602068416921F08001416199
:10384000206C08B9A06C20B12068016821F0080143
:10385000016094F85C303F21012003F01F03002237
:103860009940A96084F8350084F83420216D65E022
:1038700003E0E16B09B120468847606D00287DD0E8
:10388000606DC00759D02068042184F83510B0421B
:103890002BD0404529D0484527D0504525D0584504
:1038A00023D09D49884220D09B49183188421CD0A2
:1038B00099493031884218D09849884215D09749A3
:1038C0001831884211D09549303188420DD0934942
:1038D0004831884209D091496031884205D08F49EA
:1038E0007831884201D08D499031016821F0010181
:1038F000016020680099019A491C0091914202D808
:103900000168C907F6D10068C00710D003200FE096
:10391000FFE70168C905ACD403680121002223F048
:103920001003036084F8351084F83420A1E70120E7
:1039300084F83500002084F83400E16C00291DD0A3
:1039400002B02046BDE8F05F0847754988421DD0A7
:1039500073491431884219D071492831884215D0F1
:103960006F493C31884211D06D49503188420DD0A9
:103970006B496431884209D0694900E084E07831BC
:10398000884203D066498C3188427DD194F85C80AE
:103990000427016808F01F0807FA08F717EA0C0F58
:1039A000009746D04F0744D500980F04686003D5B0
:1039B000C8033CD4A16CC1E7880638D42068B04263
:1039C0002DD055496039884229D0484527D05045E7
:1039D00025D0584523D05049884220D04E4918312F
:1039E00088421CD04C493031884218D04B4988421B
:1039F00015D04A491831884211D04849303188429F
:103A00000DD046494831884209D0704507D09042D0
:103A100005D0984203D04149A831884203D10168BA
:103A200021F0080102E0016821F004010160216C2D
:103A300084E7022707FA08F717EA0C0F00974ED021
:103A40008F074CD500980F04686003D5C80344D491
:103A5000616C73E7880640D42068B0422FD02E49AD
:103A6000603988422BD0484529D0504527D0584549
:103A700025D02949884222D02749183188421ED0B2
:103A800025493031884200E044E018D0234988427B
:103A900015D022491831884211D02049303188424E
:103AA0000DD01E494831884209D0704507D0904258
:103AB00005D0984203D01949A831884203D1016842
:103AC00021F0140102E0016821F00A0101600121E6
:103AD00084F83510002084F83400E16B2EE70822CA
:103AE00002FA08F212EA0C0F14D0090712D5016885
:103AF00021F00E01016094F85C100120002201F019
:103B00001F0100FA01F16960606584F8350084F8EE
:103B1000342012E7BDE8FC9F8800024010040240F8
:103B2000085402582DE9F05F044600F04DFC002CCB
:103B300007467DD0E24E022120684FF00308DFF8EF
:103B400084934FF00005DFF880A3B042DFF87CB328
:103B500034D0DB4A1832904230D048452ED0504500
:103B60002CD058452AD0D94A1832904226D0D74A6C
:103B70003032904222D0D54A483290421ED0D44AA8
:103B800090421BD0D24A1832904217D0D04A3032DD
:103B9000904213D0CE4A483290420FD0CC4A603285
:103BA00090420BD0CA4A7832904207D0C84A90322D
:103BB000904203D0C64AA83290427DD184F8351095
:103BC000B04284F834502ED0BD49183188422AD0F2
:103BD000484528D0504526D0584524D0BB491831F7
:103BE000884220D0B949303188421CD0B749483189
:103BF000884218D0B649884215D0B5491831884254
:103C000011D0B349303188420DD0B1494831884292
:103C100009D0AF496031884205D0AD49783188423A
:103C200001D0AB499031016821F00101016008E049
:103C300025E100BF00F0C8FBC01B052801D92021E9
:103C40001AE120680068C007F4D1D4E902032168B2
:103C5000103418438E4694E88410D4E90338096878
:103C60003A4310439B4A40EA0C00676918431140ED
:103C7000103C40EA0800042F40EA010003D1D4E9D7
:103C80000B12114308436168A1F12902052A0BD9DF
:103C9000163A032A08D9083A012A05D9083A032A0C
:103CA00002D97439032901D840F48010CEF80000FD
:103CB0002068676A406900E020E0042F20F00700D8
:103CC00047EA00070DD1D4E90A01074349B120466C
:103CD000FDF738FB28B140206065012184F83510DC
:103CE000CDE0206847612046FDF74AFA94F85C2051
:103CF0003F2102F01F029140816055E0764A9042D8
:103D00001BD0754B1433984217D0734B283398420D
:103D100013D0714B3C3398420FD06F4B50339842C5
:103D20000BD06D4B6433984207D06B4B783398427D
:103D300003D0694B8C3398427ED184F8351084F8D7
:103D40003450664B0168A26801EA030E402A74D021
:103D5000802A73D05FF00002D4E90378D4E90531FA
:103D600042EAD70242EAD8085B4AD4E9077C48EA2B
:103D7000D30848EAD10141EAD701524241EA1C1175
:103D8000142341EA0E01016020681044B0FBF3F0F7
:103D90008000E0652046FDF7F3F994F85C200121EE
:103DA00002F01F02914041602068B04257D0444960
:103DB0001831884253D0484551D050454FD05845CE
:103DC0004DD042491831884249D04049303188426B
:103DD00045D03E494831884241D03D4988423ED095
:103DE0003B49183188423AD039493031884236D07F
:103DF00037494831884232D03549603188422ED027
:103E00003349783188422AD031499031884226D0CE
:103E10002F49A831884222D02F4988421FD02E49ED
:103E2000143188421BD02C492831884217D02A49A6
:103E30003C31884213D002E01DE017E018E026492B
:103E4000503188420BD024496431884207D022493E
:103E50007831884203D020498C31884229D12046CC
:103E6000FDF7E8F9A06880280CD00CE0102273E779
:103E70004FF4804270E74021616584F8358001206D
:103E8000BDE8F09F6560216E20790860D4E91901D2
:103E900041606068401E072808D82046FDF718FAE0
:103EA000E06E0560D4E91C01416002E0E56625672B
:103EB00065670120656584F835000020E0E70000B3
:103EC00010000240400002405800024070000240D2
:103ED000100402403F8010FE085402580F00FEFFFD
:103EE0002DE9F84F04008C464FF00000009014D0EC
:103EF00094F83400012812D094F8355001200021A4
:103F000084F83400012D0CD0C002606501200090BF
:103F100084F834100098BDE8F88F0120FBE70220F8
:103F2000F9E78C4D0226206884F83560A8428A4D56
:103F300061658A4E8A4FDFF82C82DFF82C92DFF819
:103F40002CA2DFF82CB226D0A84224D0B04222D036
:103F5000B84220D040451ED048451CD050451AD00C
:103F6000584518D08349884215D082491831884273
:103F700011D08049303188420DD07E494831884285
:103F800009D07C496031884205D07A49783188422D
:103F900001D078499031016821F00101016061464A
:103FA0002046FDF7F9F96B49206888422CD0A842D9
:103FB0002AD0B04228D0B84226D0404524D0484527
:103FC00022D0504520D058451ED06A4A90421BD07E
:103FD000684A1832904217D0664A3032904213D065
:103FE000644A483290420FD0624A603290420BD00D
:103FF000604A7832904207D05E4A9032904203D0B5
:104000005C4AA83290420CD1026822F01E0242F0B3
:1040100016020260206C88B12068026842F0080233
:104020000BE0026822F00E0242F00A020260206CED
:1040300020B12068026842F00402026020688842D1
:104040004BD0A84249D0B04247D0B84245D04045B5
:1040500043D0484541D050453FD058453DD0454AD2
:1040600090423AD0434A1832904236D0414A3032D8
:10407000904232D03F4A483290422ED03D4A603280
:1040800090422AD03B4A7832904226D0394A903228
:10409000904222D0374AA83290421ED0364A9042EF
:1040A0001BD0354A1432904217D0334A28329042FE
:1040B00013D0314A3C3290420FD02F4A50329042B6
:1040C0000BD02D4A6432904207D02B4A783290426E
:1040D00003D0294A8C3290420DD1206E0268D2035F
:1040E00003D5026842F480720260E06E18B1026883
:1040F00042F4807202602068884226D0A84224D010
:10410000B04222D0B84220D040451ED048451CD0F5
:1041100050451AD0584518D01649884215D015492F
:104120001831884211D01349303188420DD01149DD
:104130004831884209D00F496031884205D00D4985
:104140007831884201D00B499031016841F001017A
:104150000160DFE6100002402800024040000240FB
:10416000580002407000024088000240A000024057
:10417000B8000240100402400854025870B50446CA
:1041800000F022F90546601C02D00448007804447F
:1041900000F01AF9401BA042FAD370BDB0460024CB
:1041A0002DE9F84F03247A4D00234FF001094FF019
:1041B000B04B4FF00F0AE4E009FA03F6324078D032
:1041C0000F7907F00307012F01D0022F1AD187685A
:1041D0004FEA430ED1F80CC004FA0EF827EA08079C
:1041E0000CFA0EFC4CEA070CC0F808C0476891F8BE
:1041F00004C0B743CCF3001C0CFA03FC4CEA070CD8
:10420000C0F804C00E79F643B6070BD0C6684FEA73
:1042100043088F6804FA08FC26EA0C0607FA08F738
:104220003743C7600E7906F00306022E12D1DE086E
:104230000F694FEA437C00EB8606B646366A4FEAC2
:10424000DC6C0AFA0CF807FA0CF726EA0806374382
:10425000CEF820700F7906684FEA430807F003078D
:1042600004FA08FC07FA08F726EA0C063743076049
:104270004E6816F4403F1CD0464E376847F00207A0
:10428000376036689F0706F00206009623F00306A3
:1042900006F1B046B6463F0FD6F80864DFF8F8805E
:1042A0000AFA07FC404526EA0C0603D14FF0000C41
:1042B0003AE065E0DFF8E4C0604502D14FF0010C60
:1042C00032E0DFF8DCC0604502D14FF0020C2BE099
:1042D000DFF8D0C0604502D14FF0030C24E0DFF8D6
:1042E000C8C0604502D14FF0040C1DE0DFF8BCC02F
:1042F000604502D14FF0050C16E0DFF8B4C0604510
:1043000002D14FF0060C0FE0DFF8A8C0604502D1E3
:104310004FF0070C08E0DFF8A0C0604502D14FF075
:10432000090C01E04FF00A0C0CFA07FC4CEA060CF1
:10433000CEF808C44F68DBF80060FF0226EA0206E8
:1043400000D516435F46CBF80060D1F804C0DBF817
:1043500004605FEA8C2C26EA020600D516437E60D4
:104360006E684F6826EA0206BF0300D516436E60EA
:104370002E684F6826EA0206FF0300D516432E601A
:104380005B1C0A6832FA03F67FF416AFBDE8F88FBB
:1043900080000058F44402580000025800040258FB
:1043A00000080258000C025800100258001402586D
:1043B00000180258001C0258002402580AB18161FA
:1043C00070470904FBE7000001488068704700005F
:1043D000B046002402488168027811448160704729
:1043E000B0460024032010B500F0CAF802F022FB0A
:1043F0000F4A104914681368C4F3032203F00F0333
:104400008A5CC95C02F01F0201F01F01D0400A4A19
:1044100020FA01F11160094908600F2000F010F83E
:1044200008B1012010BD00F04DF8002010BD0000C3
:10443000184402585C4D0108C0460024BC460024C4
:1044400010B5102804468AB02AD200220146A120C5
:1044500000F076F8A12000F065F8154804601548D2
:10446000016841F080710160006808A900F0807067
:104470000990684602F06AFA02F0CAFA0E49400052
:1044800000220E4CB0FBF1F10D4840F2E73304601E
:10449000C0E90332491EC0E9011203F086FC10B1E5
:1044A00001200AB010BD064803F0B2FCF9E7000095
:1044B000B4460024EC44025840420F0000E00040A3
:1044C0005C5E0024074882B0016841F0020101608F
:1044D000006800220F2100F002000090901E02B040
:1044E00000F02EB8F4440258002809DB410900F01E
:1044F0001F028900012001F1E0219040C1F88002F3
:10450000704700280DDB410900F01F0289000120DF
:1045100001F1E0219040C1F88001BFF34F8FBFF35C
:104520006F8F7047002809DB410900F01F028900E6
:10453000012001F1E0219040C1F800017047000026
:104540000E4BF0B41B680D46C3F30223C3F10706FC
:10455000042E00D90426191D072901D2002300E0EA
:10456000DB1E012404FA06F19C40491E2940641E0A
:10457000994014402143F0BC08F04ABE0CED00E025
:10458000064900F0070210B54FF6FF040868044B17
:10459000204040EA02201843086010BD0CED00E006
:1045A0000000FA052DE9F04F02688346FE484FF0FF
:1045B000000A8DB00C468242564602D100250120E9
:1045C00001E001250020E8460027814607EB47016E
:1045D0007F1C08EBC101F8B204F0EAF820B1082012
:1045E0004FF0010ACBF85400FFB2022FEED3BAF11C
:1045F000000F7CD1DFF8B0E3DEF80000C00707D081
:10460000DEF8001046F0010621F00101CEF800109E
:10461000E6480068C00706D0E44846F00206016894
:1046200021F00101016005EB45030C93E04842468F
:1046300008EBC303DFF87CB30121DC469F6800EB85
:104640008707D7F8008428F48078C7F80084DBF85F
:104650000070FF0732D0DCF80070B9F1010F27F0CD
:104660000107CCF800705CD1069B00EB8303D3F804
:10467000007447F00207C3F80074079B3BB100EBDE
:104680008303D3F8007447F02007C3F80074099B34
:104690004BB121EA030300EB8303D3F8047447F41E
:1046A0008027C3F804740A9BDBB321EA030700EBFD
:1046B0008703D3F8047447F0806730E00C9F52F80A
:1046C000377077B300EB8707D7F800C42CF0010CE4
:1046D000C7F800C45F683FB100EB8707D7F800C494
:1046E0002CF0100CC7F800C4D3F80CC000E057E160
:1046F000BCF1000F09D021EA0C0700EB8707D7F8BF
:1047000004C42CF4803CC7F804C41B694BB121EAF3
:10471000030700EB8703D3F8047427F08077C3F80E
:10472000047409EB4903D4F800C0CDF830C09146B9
:1047300052F83370BC4518D009EBC302D4F804C05A
:10474000D2F80480C44510D0D4F808C0D2F808804C
:10475000C4450AD0D4F80CC0D2F80C80C44504D0AB
:10476000D4F810C01269944551D10C9ABA4219D1AB
:1047700009EBC302D4F804C0D2F80480C44511D1B7
:10478000D4F80CC0D2F80C80C4450BD1D4F810C0BA
:104790001269944506D1DBF8003043F00103CBF8F1
:1047A000003034E000EB870709EBC302D7F8003490
:1047B00023F00103C7F8003453683BB100EB8303D7
:1047C000D3F8007427F01007C3F80074936800EB67
:1047D0008303D3F8007427F48077C3F80074D36898
:1047E0004BB121EA030700EB8703D3F8047427F4E5
:1047F0008037C3F8047412694AB121EA020300EB5E
:104800008302D2F8043423F08073C2F80434A3681E
:104810005A4600EB8303D3F8007427F4407747EA45
:10482000452747F48077C3F80074DBF800C063695C
:104830005F1ECCF3074C674508D95F4FD2F800C024
:1048400007EB03472CF47F033B4313601268D20746
:10485000226800EB8202D2F800343FD023F0030339
:104860005B1CC2F8003462684AB100EB8202D2F8E5
:10487000003423F0300343F01003C2F80034E26840
:10488000D3030AD521EA020300EB8302D2F80434F1
:1048900023F4E02343F480330AE05AB121EA02030F
:1048A00000EB8302D2F8043423F0E06343F080731A
:1048B000C2F804342269D30307D5914300EB810089
:1048C000D0F8041421F4E0214AE0EAB3914300EB6C
:1048D0008100D0F8041421F0E0614EE001EB4507BF
:1048E00023F003033B43C2F8003462685AB100EB83
:1048F0008202D2F8003423F0300343EA451343F038
:104900001003C2F80034E268D3030CD521EA020395
:1049100000EB8302D2F8043423F4E02343EA854316
:1049200043F480330CE06AB121EA020300EB830216
:10493000D2F8043423F0E06343EA856343F08073E4
:10494000C2F80434226900E01BE0D3030BD5914385
:1049500000EB8100D0F8041421F4E02141EA854104
:1049600041F440310BE062B1914300EB8100D0F89B
:10497000041421F0E06141EA856141F04071C0F822
:104980000414F00705D0DEF8001041F00101CEF864
:104990000010B00704D50548016841F0010101602D
:1049A0000DB05046BDE8F08F0050005200A00052FC
:1049B00000B0005200B400520000FFFFF8B500251F
:1049C0000446FFF701FD064624B100206065206D16
:1049D00010B170E001256EE0204600F073F841F25E
:1049E0008830A065258A6FF0FF012268D4F814C0D2
:1049F0000F02636B07EB0545E06801EB0C27D4F869
:104A00001CC0184393683D432D4F28433B4040EA68
:104A10000C00184390602068236AC26822F4E022E8
:104A20001A43C2602368228EA06B40EA02401861DC
:104A30002268E06B5061D4E90003026801EB0323B4
:104A400022F4F85119430160A06D00222021334661
:104A50000090204603F01AFF05002CD12068626AFE
:104A6000C168521E21F0FF011143C1602068A26895
:104A7000016821F04001114301602068D4E90A1265
:104A8000D0F80831114323F0A0421143C0F80811B7
:104A90002068016841F001010160A069022804D189
:104AA0002068816841F002018160E068B0F1806FA8
:104AB00003D0022020652846F8BD0120FAE7000057
:104AC000F4F8E0F82DE9F043B5B004461421684647
:104AD000FCF718F8B82106A8FCF714F84749206835
:104AE00088427DD1002019904FF000710446CDE935
:104AF000061006A801F05EF908B1FCF75EFD40481B
:104B0000016841F400110160016801F40011059190
:104B1000016841F400210160006800F40020059064
:104B200037480C30016841F001010160016801F073
:104B300001010591016841F002010160016801F085
:104B400002010591016841F010010160016801F066
:104B500010010591016841F008010160006802251B
:104B60000927009500F00800DFF8988003260396D7
:104B70006946CDE90470CDE901544046FFF710FBCA
:104B8000062102940820CDE90361CDE900056946BC
:104B90004046FFF705FB0121DFF86C9002AA4FF0B9
:104BA0000408CDE900156946484682E85001FFF740
:104BB000F7FA02AA6946484682E8D000CDE90085A6
:104BC000FFF7EEFA0B2111484FF40068CDF8008092
:104BD000CDE90361CDE901546946FFF7E1FA00E050
:104BE00008E002AA0A48694682E8D000CDE90085BB
:104BF000FFF7D6FA35B0BDE8F083000000A0005200
:104C0000D444025800000258000402580010025810
:104C1000000C025801680123C0F80035002280F81A
:104C2000F4248869044A40F000608861486D1043AC
:104C300048650020704700000300001070470068BE
:104C4000416200207047F0B503685D6A39B19F6A20
:104C50004C1E00204FF4827605EB17450BE045EA29
:104C60000240986210E0471C06EB800053F800C039
:104C7000F8B205EB1C45A042F5D34FF4807000EB71
:104C8000810045EA02421A500020F0BDD0F8080524
:104C900007F0F3B901EBC10200EB8202D0F808057E
:104CA000926C07F046B901EBC10200EB8202D0F82A
:104CB0000805D2F8882207F098B9D0F8080507F05F
:104CC000DEB90A0601F00F0101EBC10100EB810121
:104CD00001D53C3101E001F51F71006808F0CAB848
:104CE00001F00F020B0670B502EBC20104464FF053
:104CF00001004FF0000504EB810103D581F83D0070
:104D00003C3103E081F87D5201F51F710A7094F87F
:104D1000BC24012A08D084F8BC04206807F0C6FD32
:104D2000002084F8BC5470BD022070BD70B542688C
:104D3000044601F00F00904201D9012070BD01F03E
:104D40000F024FF000050B0602EBC2014FF001020B
:104D500004EB810103D581F83D203C3103E081F86B
:104D60007D5201F51F718D70087094F8BC04012804
:104D700008D084F8BC24206807F008FF002084F8DD
:104D8000BC5470BD022070BD01F00F0101EBC101E8
:104D900000EB8100D0F8900270472DE9F04101F05E
:104DA0000F0604460D064FF0010006EBC6014FF05A
:104DB000000504EB810103D581F83D003C3103E09F
:104DC00081F87D5201F51F714F788A600B710E706A
:104DD00007B14E83022B00D14D7194F8BC24012AF7
:104DE00009D084F8BC04206807F0AEFC284684F89B
:104DF000BC54BDE8F0810220FBE770B501F00F055F
:104E0000002405EBC50100EB810101F5227181E869
:104E10001C0001F80B4C01F80C5DC368012B00D19C
:104E2000CA61027B006807F009FF002070BD70B501
:104E30000D464168044605F00F00884201D9012063
:104E400070BD29064FF000064FF0010207D500EBB8
:104E5000C00104EB810181F83D203C3107E005EB06
:104E6000C50104EB810181F87D6201F51F718A7033
:104E7000087094F8BC04012807D084F8BC2420688A
:104E800007F0B0FE280702D007E0022070BD217BAA
:104E900004F2C442206807F04DFE002084F8BC6490
:104EA00070BD70B501F00F04002504EBC4010126AC
:104EB00000EB8101483181E82C0001F80B6C01F80E
:104EC0000C4DC368012B00D1CA61027B006807F05A
:104ED000B5FE002070BD00002DE9FC5F05680446AA
:104EE000284608F068F800287ED1206808F08FF87E
:104EF000002879D0D5F80808C0F30D20C4F8FC04C8
:104F0000206808F084F8800704D52068416901F022
:104F100002014161206808F07AF8C10604F2C44039
:104F2000009034D52068816921F0100181612F6AD9
:104F300007F00F01C7F3434001EBC101022804EB66
:104F4000810606F51F7602D0062811D01AE047F632
:104F5000F070074216D0C7F30A12F16817462846C8
:104F600008F059F8F16870693944F160384408E094
:104F700000990822284608F04EF87069C7F30A1114
:104F8000084470612068816941F0100181612068E6
:104F900008F03DF800034FF0000A4FF0020B4FF00D
:104FA00001097CD52068002608F010F8074674E057
:104FB000F80770D02068F1B208F021F88046C007E9
:104FC00007D005EB4611C1F8089B3146204603F097
:104FD00087FC5FEA087025D505EB46110820C1F86B
:104FE000080BFC49206800E042E2026C00EB46102E
:104FF00001928A42D0F8081B05D9090403D54FF461
:105000000041C0F8081B204600F01AFBF149019846
:10501000884207D9E068012804D120680121009A5C
:1050200007F088FD5FEAC86004D505EB4611102043
:10503000C1F8080B5FEA88701CD56869000605D5C1
:10504000D5F8040840F48061C5F8041806EBC600E2
:1050500004EB800090F87F1200F51F70012905D144
:1050600080F803A02046F1B200F008FA05EB4611E3
:10507000C1F808BB5FEA886004D505EB4611202023
:10508000C1F8080B5FEA884005D505EB46114FF4DF
:105090000050C1F8080B7F08761C002F88D12068CB
:1050A00007F0B5FF40036FD5206807F088FF0026A2
:1050B000074667E0F80763D02068F1B207F08DFF7C
:1050C0008046C00723D0D5F8342806F00F0C05EB36
:1050D000461309FA0CF08243C5F83428C3F808993E
:1050E000E06801280FD106EBC60004EB8000D0E990
:1050F00011121144816436B9E06C20B92068012195
:10510000009A07F017FD2046F1B2FFF7C3FD5FEAF2
:10511000087004D505EB46110820C1F808095FEABC
:10512000C86004D505EB46111020C1F808095FEAF4
:10513000486004D505EB46114020C1F808095FEA34
:10514000887016D53146284607F008FF06EBC600E2
:1051500004EB800090F83F103C30012905D180F825
:1051600003A02046F1B200F085F905EB4611C1F825
:1051700008B95FEA086003D53146204603F016FC03
:105180007F08761C002F95D1206807F040FF00288B
:1051900011DAD5F8040820F00101C5F8041894F8D4
:1051A000F40401283BD0204600F02EFA2068416923
:1051B00001F000414161206807F029FF00050BD58F
:1051C000D5F80808C00702D0204600F061FA206830
:1051D000416901F400614161206807F018FF000196
:1051E0000AD52068416901F00061416194F8F40436
:1051F000E0B1204600F04CFA206807F008FFC00438
:1052000072D5D5F8040820F00101C5F8041820680B
:10521000102107F0A3FE00214FF67F322DE0002180
:10522000204684F8F4A4FFF709FDBFE784F8F4945E
:105230002068406D0121C0F38300C4F8F8042046C3
:10524000FFF7FCFCD8E700BF05EB4110C0F80829C8
:10525000D0F8003923F40013C0F80039C0F8082B47
:10526000D0F8003B23F40013C0F8003BD0F8003B1B
:1052700043F00063C0F8003B491C60688842E3D8F3
:10528000D5F81C0840F00111C5F81C18206B68B156
:10529000D5F8840840F00B01C5F88418D5F8440807
:1052A00040F00B012846C5F844180DE0D5F8140865
:1052B00042F22B010843C5F81408D5F8100840F055
:1052C0000B012846C5F81018D0F8000820F4FE613C
:1052D000C5F80018217B2068009A07F02BFC206895
:1052E000416901F480514161206807F090FE80041B
:1052F00017D5206807F068FA206807F04FFE206194
:1053000001F052FB217C2368CAB20146184607F01F
:10531000E3FE204600F062F92068416901F4005183
:105320004161206807F073FE000707D5204600F0B2
:105330006FF92068416901F008014161206807F0B8
:1053400066FE000616D5A869012620F08001A96135
:105350000DE000BF06EBC60004EB800090F87F0272
:10536000012803D12046F1B2FFF7ABFC761C606840
:10537000B042EFD8206807F04AFEC00221D50126CE
:105380004F4616E006EBC60105EB461004EB810123
:10539000D0F8000991F84020012A09D1002807DA45
:1053A000F0B281F83F7040F080012046FFF789FCA1
:1053B000761C6068B042E5D82068416901F480112C
:1053C0004161206807F023FE800234D501204B465E
:1053D00029E000000A30544F00EBC00205EB4011F9
:1053E00004EB8202D1F8001B92F88062012E19D1E1
:1053F000002917DA94F8FC6401F4803106F0010604
:10540000B1420FD182F87F32A96941F08002AA61CE
:105410006969090606D4D5F8040840F40070C5F897
:10542000040803E0401C61688142D5D820684169C6
:1054300001F400114161206807F0E9FD400007D543
:105440002046FFF723FC2068416901F0804141615B
:10545000206807F0DCFD40070AD52068456868072A
:1054600002D52046FFF729FC2068416829434160A6
:10547000BDE8FC9FD0F8080506F05ABED0F8080534
:1054800006F06ABE2DE9F04104008AB005D094F818
:10549000BD040025266820B108E001200AB0BDE85F
:1054A000F081204684F8BC5400F066F8032084F8AC
:1054B000BD04F06BC00500D4E560206807F034FB44
:1054C00004F11001684628228846FBF7BFFA94E8E9
:1054D0000F0007F087F90227D8BB2068002107F0EA
:1054E000BAFD0020012610E000EBC001421C04EBD5
:1054F000810181F83D6081F840504D648D64CD6438
:1055000081F83C00A1F85600D0B261688142EBD826
:10551000002011E000EBC001421C04EB810181F886
:105520007D5281F88052C1F88452C1F88852C1F886
:105530008C5281F87C02D0B261688142EAD828227C
:1055400041466846FBF782FA94E80F0007F030FA0C
:1055500010B184F8BD74A0E7606A84F8385084F80C
:10556000BD64012802D12046FFF754FB206807F0F4
:1055700011FA002092E7000010B5B0B00446B8213F
:105580006846FBF7BFFA13492068884220D1002003
:105590004FF480214FF440122192CDE9001068466B
:1055A00000F008FC08B1FCF708F800F0B3F80A486E
:1055B000016841F00071016000680022052100F0DF
:1055C00000702E904D20FEF7BBFF4D20FEF7AAFF86
:1055D00030B010BD00000440D844025870B50446F5
:1055E0000069012570B1022801D0FBF7E6FFD4F86D
:1055F0000805294606F01FFED4F80805BDE87040EE
:1056000006F0D3BD0025F2E7D0F8080506F0FCBD92
:10561000D0F8080506F002BE10B5044690F8BC04A8
:1056200001280BD0012084F8381084F8BC042068CD
:1056300007F040FD002084F8BC0410BD022010BD1E
:10564000D0F8082500F2C441104606F000BE10B59F
:1056500090F8BC1404460068012909D0012184F89F
:10566000BC14C16BC90509D4A16A012902D005E0A7
:10567000022010BD816B41F480318163206807F006
:1056800048FC206807F078F9002084F8BC0410BDBD
:1056900010B50446D0F8080506F01BFE2068D0F8C7
:1056A000001E41F00101C0F8001E206A002804D04D
:1056B0000248016841F00601016010BD10ED00E0F4
:1056C000134970B50A68D243520705D5096801F03D
:1056D0000701814213D118E00A6822F00702024351
:1056E0000A60FEF771FE0A4D4FF47A760446083DD3
:1056F00007E000BFFEF768FE001BB04201D90120A1
:1057000070BD2868C0438004F4D4002070BD000040
:105710000C4802580248016841F0807101607047EE
:105720000C48025810B501F03FF905490968054ACF
:10573000C1F30211515C01F01F01C84010BD00000F
:10574000204402585C4D01084A4930B5494C0B1DB4
:105750000A680C3409681D68246802F0030305F028
:105760000102C1F30511C4F3CC04002914FB02F2B9
:1057700000EE102AF8EE400A76D0414A9FED3E1A1C
:10578000DFED3E1AB7EE000A23B1012B5AD0022BEF
:1057900018D15CE0374C283C23689B0612D5394B66
:1057A000246801EE901A1168C4F3C104F8EE612A6E
:1057B000E34001EE903AC1F30801F8EE611A81EE80
:1057C000A22A07E002EE101A1168F8EE422A81EED2
:1057D000A22A45E001EE901A1168F8EE611A40EE37
:1057E000811A71EE800A62EE200AC1F3462101EEB1
:1057F000101AB8EE411A31EE001AC0EE811ABCEE52
:10580000E11A80ED001A1168C1F3064101EE101A89
:10581000B8EE411A31EE001AC0EE811ABCEEE11A60
:1058200080ED011A1168C1F3066101EE101AB8EE9D
:10583000411A31EE000A80EE801ABCEEC10A80EDFA
:10584000020A30BD01EE901ADFED0F2A03E001EEEF
:10585000901ADFED0E2A1168F8EE611A82EEA12A85
:10586000C1F30801B6E7FFE70021016041608160F4
:1058700030BD000028440258000000390024744C58
:10588000304402580090D0030024744A001BB74BE8
:10589000494930B5484C0B1D0A68143409681D6825
:1058A000246802F00303C5F30012C1F30531C4F309
:1058B000CC04002914FB02F200EE102AF8EE400A94
:1058C00075D03F4A9FED3D1AB7EE000A6BB1DFED90
:1058D0003D1A012B01D0022B64D002EE101A116880
:1058E000F8EE422A81EEA22A21E0334C283C2368BC
:1058F0009B0612D5344B246801EE901A1168C4F34C
:10590000C104F8EE612AE34001EE903AC1F30801C8
:10591000F8EE611A81EEA22A0BE001EE901ADFED9B
:105920002B2A00BFF8EE611A116882EEA12AC1F39A
:10593000080101EE901A1168F8EE611A40EE811A22
:1059400071EE800A62EE200AC1F3462101EE101AC0
:10595000B8EE411A31EE001AC0EE811ABCEEE11A1F
:1059600080ED001A1168C1F3064101EE101AB8EE7D
:10597000411A31EE001AC0EE811ABCEEE11A80ED38
:10598000011A1168C1F3066101EE101AB8EE411A4E
:1059900031EE000A80EE801ABCEEC10A80ED020AE8
:1059A00030BD04E001EE901ADFED092ABAE70021CC
:1059B000016041608160F3E728440258000000392B
:1059C000384402580024744A0090D0030024744CD8
:1059D000001BB74B494930B5484C0B1D0A681C34B5
:1059E00009681D68246802F00303C5F30022C1F3AF
:1059F0000551C4F3CC04002914FB02F200EE102A76
:105A0000F8EE400A75D03F4A9FED3D1AB7EE000A06
:105A10006BB1DFED3D1A012B01D0022B64D002EEF9
:105A2000101A1168F8EE422A81EEA22A21E0334CC6
:105A3000283C23689B0612D5344B246801EE901A4B
:105A40001168C4F3C104F8EE612AE34001EE903A14
:105A5000C1F30801F8EE611A81EEA22A0BE001EE13
:105A6000901ADFED2B2A00BFF8EE611A116882EE62
:105A7000A12AC1F3080101EE901A1168F8EE611A2B
:105A800040EE811A71EE800A62EE200AC1F34621CF
:105A900001EE101AB8EE411A31EE001AC0EE811A6A
:105AA000BCEEE11A80ED001A1168C1F3064101EE67
:105AB000101AB8EE411A31EE001AC0EE811ABCEE8F
:105AC000E11A80ED011A1168C1F3066101EE101AA6
:105AD000B8EE411A31EE000A80EE801ABCEEC10A1F
:105AE00080ED020A30BD04E001EE901ADFED092AD4
:105AF000BAE70021016041608160F3E72844025861
:105B000000000039404402580024744A0090D00339
:105B10000024744C001BB74B2DE9F04FA14A0546F9
:105B2000DFF87CA280F48070DFF8809289B01311D6
:105B30009F4C08439C48AAF104064FF0805C4FF04C
:105B4000005828D0DFF858B285F480670F430BF176
:105B5000080B4FD085F400670F4360D085F4805761
:105B60000F4372D085F400570F434FF480394FF440
:105B7000003E69D085F400270F4373D085F4803749
:105B80000F4370D085F480460E436DD085F40042FB
:105B90000A436AD02AE0DAF8001001F0070105296B
:105BA00024D2DFE801F0F9AA6A259F0006A8FFF7D2
:105BB000CBFD079809B0BDE8F08F6846FFF768FE97
:105BC0000098F7E703A8FFF705FF0398F2E72068BE
:105BD000C0F3C10022FA00F0ECE72268D2056ED5CE
:105BE00061456CD11846E5E74145E3D00020E1E787
:105BF0004846DFE7DBF8001001F46001B1F5800FE3
:105C00003BD005DC00294AD0B1F5001FEED174E08D
:105C1000B1F5C00FECD0B1F5000FE7D162E0DBF8D1
:105C2000001001F0E061B1F1007F26D004DCB1B3D7
:105C3000B1F1807FDAD160E0B1F1407FD8D0B1F12D
:105C4000806FD3D14EE000E01BE0DAF8001001F4E1
:105C5000E041B1F5005F10D008DC01B3B1F5805F21
:105C6000C4D14AE035E058E065E088E0B1F5405F36
:105C7000BED0B1F5804FB9D134E020688000B5D5F1
:105C8000A0E7DAF8001001F4E021B1F5403F6DD053
:105C900006DC61B149457BD07145A7D158E07BE076
:105CA000B1F5802F66D0B1F5A02F9FD10DE000F0A7
:105CB0009DFE7FE76846FFF7EBFD01987AE728E055
:105CC00003A8FFF787FE049874E7216889038AD444
:105CD0008CE7DBF8001011F440310ED0494510D0AC
:105CE000714583D13168256801F040516D077FF51A
:105CF00074AF00297FF471AF69E720680001E7D530
:105D00005BE720688000E3D503A8FFF763FE0598F2
:105D100050E722689203DBD566E7306810F48030E4
:105D20003AD04845D4D120680001D1D56846FFF764
:105D3000AFFD02983EE7DBF8001001F0E041B1F161
:105D4000405F13D008DC71B1614521D04145BFD11E
:105D500020688000B4D449E7B1F1804F0AD0B1F196
:105D6000A04FB2D042E7FFF7DDFC23E720684007F1
:105D7000AED52CE72068C005AAD533E708E0DAF8ED
:105D8000001011F04051A0D0614505D041459FD190
:105D9000206800018ED429E72068800198D505E7A6
:105DA000504402580090D00300366E010080BB00C2
:105DB000004402582DE9FE4F0546DFF800A450F8D4
:105DC000081B0024FD4FC943019005F12800264619
:105DD0000AF1240A009008011DD4686E50B1B0F594
:105DE000801F0CD0B0F5001F0ED0B0F5401F1ED0A4
:105DF00001240FE0386840F40030386017E0019863
:105E0000022102F025FE03E00098022102F0B0FE1C
:105E100004000CD026462888C043C00523D4A86DB2
:105E200005281ED2DFE800F00C11161B1B006A6E5D
:105E3000DAF8001021F440111143CAF80010EAE723
:105E4000386840F40030386009E00198002102F021
:105E5000FFFD03E00098002102F08AFE0446C4B171
:105E600000E0012426462888DFF85083C04308F16B
:105E70002C0840052FD4D5F8A400B0F5C00F28D0C9
:105E800010DCB8B1B0F5001F19D0B0F5800F0FD1FC
:105E90001AE0AA6DDAF8001021F007011143CAF8E0
:105EA0000010E0E7B0F5000F13D0B0F5200F10D0D0
:105EB00001240FE0386840F40030386009E00198B0
:105EC000002102F0C5FD03E00098002102F050FE21
:105ED000044694B126462888C043000530D4D5F83E
:105EE000A800B0F1407F29D011DCC0B1B0F1807FB3
:105EF0001AD0B0F1007F10D11BE0D5F8A420D8F85B
:105F0000001021F460011143C8F80010E3E7B0F17C
:105F1000806F13D0B0F1A06F10D001240FE038686B
:105F200040F40030386009E00198002102F090FD53
:105F300003E00098002102F01BFE044694B12646BF
:105F40002868DFF878B2C0430BF1200B80011FD422
:105F5000E86CD8B110280FD0202812D0302815D0E6
:105F6000012414E0D5F8A820D8F8001021F0E06151
:105F70001143C8F80010E3E7386840F40030386097
:105F800004E00198022102F063FD044674B1264644
:105F90002888C043C0042BD4E86DB0F5005F20D042
:105FA0000DDCA0B1B0F5805F0FD115E0EA6CDBF835
:105FB000001021F030011143CBF80010E8E7B0F5F4
:105FC000405F13D0B0F5804F10D001240FE0386847
:105FD00040F40030386009E00198002102F038FDFB
:105FE00003E00098002102F0C3FD04468CB1264670
:105FF0002888C043800429D4286EB0F5403F23D0C0
:1060000010DC08B3B0F5803F14D0B0F5003F0FD1DD
:1060100015E0EA6DDAF8001021F4E0411143CAF806
:106020000010E5E7B0F5802F0ED0B0F5A02F0BD013
:1060300001240AE00198012102F00AFD03E0009822
:10604000012102F095FD044694B126462888C043FC
:1060500040042AD4D5F8AC00B0F1405F23D010DC66
:1060600008B3B0F1805F14D0B0F1005F0FD115E03C
:106070002A6EDAF8001021F4E0211143CAF800106A
:10608000E4E7B0F1804F0ED0B0F1A04F0BD0012467
:106090000AE00198012102F0DBFC03E000980121F5
:1060A00002F066FD044674B126462888C043000409
:1060B0001FD4E86ED8B1B0F1805F0ED0B0F1005FB0
:1060C00010D0012414E0D5F8AC20D8F8001021F04D
:1060D000E0411143C8F80010E7E7386840F40030A9
:1060E000386004E00198012102F0B2FC044674B16A
:1060F00026462868C043C0011ED4A86CD0B1012830
:106100000ED0022811D0032814D0012413E0EA6E27
:10611000DAF8001021F040511143CAF80010E8E706
:10612000386840F40030386004E00198022102F041
:106130008FFC04466CB126462868C043400255D403
:106140001F48016841F480710160FEF73DF9814606
:106150000EE0AA6CDBF8001021F003011143CBF82C
:106160000010E9E7FEF730F9A0EB090064283BD8FE
:1061700013480068C005F5D5BCBBDFF84090B5F802
:10618000B01009F14409D9F8000001F4407100F49D
:106190004070884211D0D9F80010D9F8002021F4BD
:1061A000407142F48032C9F80020D9F8002022F46E
:1061B0008032C9F80020C9F8001003E02C440258CE
:1061C00000480258D5F8B000B0F5807F19D1FEF72D
:1061D000FBF8029011E000BFFEF7F6F80299411AB1
:1061E00041F28830814208D9032426462878DFF816
:1061F0001494C043C00721D03CE0D9F800008007C8
:10620000EAD5D5F8B010C1F301200328FE480DD01F
:10621000016821F47C510160B5F8B020D9F8001074
:10622000C2F30B021143C9F80010DFE7F74A036815
:1062300002EA111223F47C511143ECE7A86F1828ED
:1062400016D005DCA0B1082808D0102804D10AE037
:1062500020280DD028280BD001240AE00198012124
:1062600002F0F6FB03E00098012102F081FC0446F5
:1062700064B126462878C04380071ED4686F06287C
:1062800019D2DFE800F0160C11161616AA6FD9F80D
:10629000001021F038011143C9F80010EAE7019815
:1062A000012102F0D5FB03E00098012102F060FC1F
:1062B00004467CB100E0012426462878C04340070C
:1062C0001FD4D5F89000062819D2DFE800F0160C8C
:1062D000111616166A6FD9F8001021F00701114344
:1062E000C9F80010E9E70198012102F0B1FB03E0D1
:1062F0000098012102F03CFC0446A4B100E0012416
:1063000026462878C04380062BD4D5F88C00B0F1FF
:10631000405F24D011DC10B3B0F1805F15D0B0F134
:10632000005F10D116E0D5F89020D8F8001021F0C9
:1063300007011143C8F80010E3E7B0F1804F0ED019
:10634000B0F1A04F0BD001240AE00198002102F027
:106350007FFB03E00098022102F00AFC044694B19E
:1063600026462878C04340062BD4D5F89800B0F5CF
:10637000406F24D011DC10B3B0F5806F15D0B0F5AC
:10638000006F10D116E0D5F88C20D9F8001021F05C
:10639000E0411143C9F80010E3E7B0F5805F0ED08B
:1063A000B0F5A05F0BD001240AE00198002102F0B3
:1063B0004FFB03E00098022102F0DAFB044694B19F
:1063C00026462878C04300062BD4D5F89C00B0F5AB
:1063D000C04F24D011DC10B3B0F5005F15D0B0F57C
:1063E000804F10D116E0D5F89820D8F8001021F48D
:1063F000E0511143C8F80010E3E7B0F5004F0ED0AC
:10640000B0F5204F0BD001240AE00198002102F0E2
:106410001FFB03E00098022102F0AAFB044654B1DE
:1064200026462878C04300071ED4D5F88000B0F572
:10643000805F0AD00FE0D5F89C20D8F8001021F436
:1064400060411143C8F80010EBE70098022102F008
:106450008FFB00B10126D5F88020D9F8001021F477
:1064600040511143C9F800102878C043C00613D426
:10647000D5F89400B0F5807F05D10098022102F094
:1064800077FB00B10126D5F89420D8F8001021F44C
:1064900040711143C8F800102868C043000316D4A7
:1064A000D5F8A00038B1B0F5803F09D0B0F5003F75
:1064B0000BD001240AE00198002102F0C9FA03E0A0
:1064C0000098022102F054FB04468CB1264628684D
:1064D000C043400322D4D5F88400B0F5801F11D00A
:1064E000B0F5001F13D0B0F5401F15D0012414E003
:1064F000D5F8A020D8F8001021F440311143C8F895
:106500000010E4E7386840F40030386004E0009898
:10651000012102F02DFB04465CB126462868C043E9
:10652000C0031CD4286D70B1B0F5803F10D0012499
:1065300014E0D5F88420D9F8001021F4401111435B
:10654000C9F80010EAE7386840F40030386004E029
:106550000198022102F07CFA0446DCB12646286844
:10656000C043800005D40098022102F001FB00B175
:1065700001262868C04380031BD4E86FB8B1B0F58A
:10658000807F10D0B0F5007F11D0B0F5407F0ED0E5
:1065900001240DE02A6DDBF8001021F48031114355
:1065A000CBF80010DBE7386840F4003038607CB38B
:1065B00026462868C043C00207D42A6FDAF80010C4
:1065C00021F000411143CAF800102868C04380023E
:1065D00007D4AA6EDAF8001021F080711143CAF8CE
:1065E00000102868C043400009D40748016821F41E
:1065F000004101600168D5F8B420114301602868AA
:10660000C04306E05444025810440258CFFFFF0034
:106610001DE007D46A6DDBF8001021F040511143F2
:10662000CBF800102868C043000208D4D5F88820B1
:10663000D9F8001021F440011143C9F8001028795D
:106640000024C04300F00100204309D00EE0EA6FAF
:10665000D9F8001021F440711143C9F80010A8E7DF
:106660000198002102F0F4F900B106462879C043F0
:1066700000F00200204305D10198012102F0E8F961
:1066800000B106462879C04300F00400204305D13C
:106690000198022102F0DCF900B106462879C043D6
:1066A00000F00800204305D10098002102F060FAB4
:1066B00000B106462879C04300F01000204305D100
:1066C0000098012102F054FA00B106462879C0432F
:1066D00000F02000044304D10098022102F048FA9F
:1066E00000B916B10120BDE8FE8F0020FBE70000D5
:1066F0002DE9F05F04000F467ED0DFF83882D8F82D
:10670000000000F00F00B8420CD2D8F8001021F0C1
:106710000F013943C8F80010D8F8000000F00F004E
:10672000B84269D12078844D40070AD5206929688C
:1067300001F07001884204D9296821F070010143F9
:10674000296020787C4E361D00070AD560693168C3
:1067500001F07001884204D9316821F070010143D1
:1067600031602078C0060AD5A069316801F4E06183
:10677000884204D9316821F4E06101433160207816
:10678000DFF8B4B180060BF1080B0CD5E16958466F
:10679000DBF8002002F07002914204D9026822F076
:1067A00070020A430260207880070AD5E0682968F1
:1067B00001F00F01884204D9296821F00F0101433B
:1067C00029602078C0073ED05B49A2682868183944
:1067D00020F47060104328606068022818D00328F5
:1067E00019D00968012819D0490700294ADADFF8C9
:1067F00048A1AAF1080A00E044E0DAF8002022F0FB
:1068000007020243CAF80020FDF7DEFD814612E0D0
:1068100009688903E9E709688901E6E7C905E4E74A
:10682000FDF7D2FDA0EB090141F28830814202D987
:106830000320BDE8F09F6168DAF8000000F038003E
:10684000B0EBC10FECD1207880070AD5E068296849
:1068500001F00F01884204D2296821F00F010143A1
:106860002960D8F80010404601F00F01B9420BD959
:10687000016821F00F0139430160006800F00F004A
:10688000B84201D00120D4E7207840070AD520691A
:10689000296801F07001884204D2296821F0700152
:1068A00001432960207800070AD56069316801F04A
:1068B0007001884204D2316821F0700101433160D7
:1068C0002078C0060AD5A069316801F4E0618842E9
:1068D00004D2316821F4E061014331602078800600
:1068E0000CD5E1695846DBF8002002F070029142B5
:1068F00004D2026822F070020A43026000F09AF8A3
:106900000E492A682B68C2F3032203F00F038A5C46
:10691000C95C02F01F0201F01F01D040084A20FAB2
:1069200001F111600749086007480068BDE8F05FA1
:10693000FDF786BD00200052184402585C4D010846
:10694000C0460024BC460024B446002470B5144C54
:106950003F220260124A24680832131D114D04F0D0
:106960000704446016681C1D06F47066866016688D
:1069700006F00F06C660126802F0700202611A6823
:1069800002F0700242611A6802F4E06282612268D9
:1069900002F07002C261286800F00F00086070BD4C
:1069A000104402580020005230B500F043F80B4A62
:1069B0000B490C4B15681468C5F3032204F00F044F
:1069C0008A5C095D02F01F0201F01F01D040064AF7
:1069D00020FA01F119601060084630BD18440258D1
:1069E0005C4D0108C0460024BC46002400B5FFF7FA
:1069F000DBFF05490968054AC1F30211515C01F04A
:106A00001F01C84000BD00001C4402585C4D010835
:106A100000B5FFF7C9FF05490968054AC1F302211E
:106A2000515C01F01F01C84000BD00001C44025829
:106A30005C4D0108454970B545480968434B103B1A
:106A400011F0380208D00111082A03D0102A0BD007
:106A5000182A0BD0084670BD19688906FBD519683D
:106A6000C1F3C101C84070BD3A4870BD3749374DC8
:106A700018310C1D24350A68096826682D6802F053
:106A8000030406F00102C1F30511C5F3CC0515FBA3
:106A900002F200EE102AB8EE400AE9B32F4ADFED09
:106AA0002E0AB7EE001A6CB1DFED2D1A012C01D0C1
:106AB000022C43D002EE101A1068F8EE422A81EE42
:106AC000A22A1EE01C68A40611D51B6801EE901ACC
:106AD0001168C3F3C103F8EE612AD84001EE900AB1
:106AE000C1F30800F8EE611A81EEA22A0BE001EE74
:106AF000901ADFED1C2A00BFF8EE611A106882EED2
:106B0000A12AC0F3080001EE900AF8EE611A40EEE7
:106B1000201A31EE810A00E015E022EE000A10682A
:106B2000C0F34620401C00EE900AF8EE600A80EEAA
:106B3000201ABCEEC10A10EE100A70BD01EE901AC8
:106B4000DFED092AD8E7002070BD0000104402588C
:106B50000090D00300366E01000000393044025826
:106B60000024744A0024744C001BB74B2DE9F05FDD
:106B700004007DD0FF4F2078FE4D1837DFF8F483F6
:106B8000103DC00748D0D8F80000396800F0380040
:106B9000102815D0182803D101F0030002280FD0C7
:106BA0006068B0F5803F12D010B1B0F5A02F18D0BA
:106BB000286820F480302860286820F4802009E0CC
:106BC0002868800328D560680028D2D024E028688F
:106BD00040F480302860606888B1FDF7F5FB064618
:106BE00009E0286840F480202860F0E7FDF7ECFB1E
:106BF000801B64287ED828688003F7D50CE0FDF759
:106C0000E3FB064605E000BFFDF7DEFB801B6428C2
:106C1000F0D828688003F7D42078800756D5D8F8B4
:106C20000000DFF85093396810F03800A9F10C0922
:106C30000ED0182801D188070AD0E068A8B32968C7
:106C400021F0190101432960FDF7BEFB064628E04B
:106C50002868400702D5E06800288AD0E1682868E3
:106C600020F0190008432860FDF7AEFB064606E059
:106C7000D2E000BFFDF7A8FB801B0228BAD8286825
:106C80004007F7D5217CD9F8002022F0FE4242EAE5
:106C90000161C9F8001019E0FDF796FB801B02287E
:106CA000A8D828684007F7D5ECE7FFE7286820F068
:106CB00001002860FDF788FB064604E0FDF784FB31
:106CC000801B022896D828684007F7D42078C00691
:106CD00046D5D8F80000DFF89C92396800F03800FB
:106CE000A9F10409082812D0182805D101F00300E1
:106CF000012800E0CEE00AD0E0690028286820D012
:106D000040F080002860FDF75FFB064615E028682C
:106D1000C00502D5E06980287ED194F82010D9F80A
:106D2000002022F07C5242EA0161C9F8001017E00D
:106D3000FDF74AFB801B0228A0D82868C005F7D5BC
:106D4000EBE720F080002860FDF73EFB064604E0FC
:106D5000FDF73AFB801B022890D82868C005F7D4BD
:106D60002078000729D5834861696430002981466D
:106D7000016811D041F001010160FDF725FB0646D5
:106D800005E000BFFDF720FB801B022888D8D9F85A
:106D900000008007F6D510E021F001010160FDF749
:106DA00013FB064605E000BFFDF70EFB801B022823
:106DB00070D8D9F800008007F6D42078800623D553
:106DC000A0690028286810D040F480502860FDF7A2
:106DD000FBFA064605E000BFFDF7F6FA801B022825
:106DE00058D828688004F7D50EE020F48050286039
:106DF000FDF7EAFA064604E0FDF7E6FA801B0228F2
:106E000048D828688004F7D42078400751D5DFF8A7
:106E10006891D9F8001000E015E141F48071C9F8DB
:106E20000010FDF7D1FA064605E000BFFDF7CCFAE9
:106E3000801B64282ED8D9F80000C005F6D54D4E29
:106E4000A068603601280AD008B1052813D0306840
:106E500020F001003060306820F0040002E030686B
:106E600040F001003060A06841F2883A98B1FDF727
:106E7000ABFA81460AE0306840F004003060EEE78B
:106E8000FDF7A2FAA0EB0901514503D8306880074D
:106E9000F6D50EE072E0FDF797FA814606E000BFF6
:106EA000FDF792FAA0EB0901514567D830688007D9
:106EB000F6D4606A00287CD0DFF8B8A0D8F80010BB
:106EC0000AF1200A4FF6F87B0AF10408C1F3C20167
:106ED0000329AAF104096DD00228286820F08070E7
:106EE000286003D0FDF770FA044681E0FDF76CFAE4
:106EF000064604E0FDF768FA801B022875D828686A
:106F00008001F7D4E26A40F2F331386854F8283F40
:106F1000884340EA021018433860217B4FF4FE0C8E
:106F200022894FF0FE47208A4902267D521E401ECC
:106F3000A1F5007189B2C2F308021143761E0CEA72
:106F400000400143484607EA06621143CAF80010B0
:106F5000D9F8001021F00101C9F80010D8F800306C
:106F6000266A23EA0B0343EAC601C8F80010D9F8E1
:106F7000001004E0104402580048025835E0A269AD
:106F800021F00C011143C9F800100168E26921F0F9
:106F9000020111430160016841F480310160016820
:106FA00041F400310160016841F480210160016811
:106FB00001E06CE020E041F001010160286840F050
:106FC00080702860FDF700FA044604E0FDF7FCF944
:106FD000001B022809D828688001F7D557E000BFB8
:106FE000FDF7F2F9001B022802D90320BDE8F09F4B
:106FF00028688001F4D44AE039680128DAF80000F2
:1070000021D0A26A01F0030393421CD1E26AC1F3CA
:1070100005118A4217D1216BC0F30802491E8A422A
:1070200011D1616BC0F34622491E91420BD1A16B75
:10703000C0F30642491E914205D1E16BC0F30660E0
:10704000491E814201D00120D0E7A16C4646D8F804
:107050000000C0F3CC00814219D0D9F800004D46A1
:1070600020F00100C9F80000FDF7AEF94FEA000773
:10707000FDF7AAF9B842FBD0A26C306820EA0B00F9
:1070800040EAC2003060286840F00100286000201B
:10709000ACE700002DE9F843044690F88000012891
:1070A0004BD04FF0010884F88080072245F6C0518C
:1070B00084F8812064223F4800260068B0FBF1F08C
:1070C0005043009020680168890523D5016921F0AB
:1070D0000801016120680099491E009130D00169C2
:1070E0000907F8D4016841F48061016020680099C3
:1070F000491E00912BD001688905F8D4816941F4BB
:107100000061816120680099491E009126D0416983
:107110000905F8D42068402700258068000426D59A
:10712000A06F20B30565A06FFBF794FEF8B1A06FC8
:10713000FCF782F9202818D019E00220BDE8F88376
:10714000D4F8841041F04001C4F88410CAE7D4F8A0
:10715000841041F04001C4F88410CFE7D4F88400D3
:1071600040F04000C4F88400D4E7C4F8847020687C
:10717000806840040DD5E06F58B10565E06FFBF7FE
:1071800069FE30B1E06FFCF757F9202801D1C4F84F
:107190008470204602F0DCFBD4F88400400601D560
:1071A000012601E0C4F8845084F8805084F881807E
:1071B0003046C3E7BC460024074988420BD1074943
:1071C0004878002807D04868002804D002228A6046
:1071D000114608F02DBB7047D45C002404460024FF
:1071E0002DE9F04704460068002103694269876879
:1071F00094F8816000F130095FEA025C03EA02055D
:107200000AD51A0708D5816941F4006181612046D9
:1072100000F07DFABDE8F08715F0600F08D168072F
:1072200006D5616F20468847216F20468847012197
:1072300005F04100012805D1680703D4216F2046DD
:107240008847012105F02200022806D1680704D4EE
:10725000616F2046BDE8F04708470029DAD12807CA
:107260004FF001085BD52068816941F00801816118
:107270002068816941F0100181612068816941F4D1
:10728000006181612068016921F0080101612068C5
:10729000806810F4404F20D023E0E0680F2806D922
:1072A0002068616E006B0860606E001D0FE00728AB
:1072B00006D9B9F80000616E0880606E801C06E097
:1072C0002068616E90F830000870606E401C606647
:1072D000B4F86A00401EA4F86A00B4F86A000028F6
:1072E000DBD1204602F06EFB84F88180D4F8840064
:1072F00018B12046FFF760FF8CE7052E07D0042E5B
:1073000009D0032E86D1204600F026FD82E72046D4
:1073100000F03FFD7EE7204600F0F8F97AE715F42B
:10732000587FE9D068060AD5D4F8840040F00400FC
:10733000C4F884002068816941F040018161A8059A
:107340000AD5D4F8840040F00100C4F88400206815
:10735000816941F400718161E8050AD5D4F884009F
:1073600040F00800C4F884002068816941F480710D
:107370008161A8060AD5D4F8840040F08000C4F8E2
:1073800084002068816941F020018161D4F8840083
:107390000028B1D0206840F26B32C7F38131036816
:1073A000032923F0010101602068016921EA02013B
:1073B000016102D084F881809BE72068104D8168CC
:1073C00021F440418160E06F50B10565E06FFBF74B
:1073D000F1FE28B1D4F8840040F04000C4F88400E5
:1073E000A06F002888D00565A06FFBF7E3FE00289A
:1073F0008CD0D4F8840040F04000C4F8840009E741
:10740000819A00082DE9F047040029D0594A4FF02D
:1074100000092068584B594D9042C4F8289006D076
:10742000984204D0A84202D0E1680F2918D8E16838
:107430004FF0010AE76B0831C9080AEB5716714390
:10744000904205D0984203D0A84201D0082907D81D
:10745000904203D0984201D0A84204D1102902D909
:107460000120BDE8F08794F8810020B9204684F817
:10747000809000F085F8022084F88100206801687F
:1074800021F0010101602068A1698268B1F1806F7B
:1074900002F4F81110D16268B2F5800F01D01AB170
:1074A0000AE0A26B22B107E0A26BB2F1805F03D1C8
:1074B000026842F4805202606068400209D5E068C8
:1074C000072806D32068236D026822F480721A43CD
:1074D00003E02068026822F480720260A66AE06914
:1074E000E26B25683043E3680A4310431843A86001
:1074F000D4E90D02D4E90581636A25691843D4F8FB
:1075000020C00A43266810432843A56DD4E90172C0
:10751000D4E9123140EA080040EA0C00384308433D
:10752000104318432843F060606868B92068816898
:1075300021F4C05141F4006181602068816821F428
:10754000C06141F4806181602068016D21F001011A
:1075500001656068400206D52068626DC16821F04F
:1075600000411143C160C4F8849084F881A00020D8
:1075700077E700000030014000380040003C004048
:107580002DE9F047B4B0064614212EA8F9F7BAFA4F
:10759000B8216846F9F7B6FA564902273068002440
:1075A000524D4FF00308DFF848A188424FF005091B
:1075B0005CD1811417940020CDE900106846FEF7D5
:1075C000F9FB08B1F9F7F9FF48481030016841F4B8
:1075D00080510160006800F480503390286840F0CA
:1075E00008002860286800F008003390286840F000
:1075F0000200286028688021CDE92E1700F00200E3
:107600004D46CDE930482EA9CDE932903A48FCF7F5
:10761000C7FD08215046CDE92E17CDE930482EA9E7
:107620003295FCF7BDFD354D40223548262101C578
:107630000315D00285E81600C5E903346C61C5E97D
:107640000640281F2C622D1FFCF76CFA08B1F9F7D1
:10765000B4FFB56700220521AE632320FCF770FF5D
:107660002320FCF75FFF34B0BDE8F087254988424E
:10767000F9D1811417940020CDE900106846FEF777
:1076800099FB08B1F9F799FF18480830016841F4EF
:1076900080410160006800F480403390286840F029
:1076A00004002860286800F004003390286840F047
:1076B00002002860286830AA45464E4600F00200C5
:1076C00033900620CDE92E0782E870000E482EA9DF
:1076D000FCF766FD4FF4005030AACDE92E072EA925
:1076E000504682E87000FCF75BFDBCE7E0440258BE
:1076F0000004025800300140000C0258E45D0024F0
:1077000010000240003800400008025870477047DF
:107710002DE9FC5F0446006817468A460021994619
:1077200094F8802000F1200B0191012A0DD04FF038
:10773000010884F88080FCF747FE064694F8810033
:107740000025012804D0022034E00220BDE8FC9F7F
:10775000BAF1000F2DD067B3A1680320C4F85CA074
:10776000A4F8607084F88100C4F88450A4F86270B2
:107770006566A4F86850A4F86A50B1F5C02F656733
:107780002567206819D0C16821F4C02141F4003177
:10779000C160206841686FF30F0139434160206880
:1077A000016841F0010101606068B0F5800F09D007
:1077B0000DE0012084F88050C8E7016841F40061C1
:1077C0000160E6E72068016841F400710160E0684B
:1077D0000F281CD820E02068416989070BD5E16D8E
:1077E00009680162E06D001DE065B4F86200401EAA
:1077F000A4F862000BE0FCF7E7FD811B494503D3C9
:10780000B9F1FF3F03D099E0B9F1000F30D0B4F8DF
:1078100062000028DFD177E007282DD870E02068CB
:10782000416989071CD5B4F8621001290BD9E16BB5
:1078300049B1E16D09680162E06D001DE065B4F8D1
:107840006200801E09E0E06D0188ABF80010E06D79
:10785000801CE065B4F86200401EA4F862000BE0F2
:10786000FCF7B2FD811B494503D3B9F1FF3F03D0BB
:1078700064E0B9F1000F61D0B4F862000028CED105
:1078800042E02068416989072ED5B4F862100329C7
:107890000CD9E16B402909D9E16D09680162E06DFD
:1078A000001DE065B4F86200001F1AE0B4F8621031
:1078B00001290CD9E16B51B1E06D0188ABF80010E2
:1078C000E06D801CE065B4F86200801E09E0E16DA7
:1078D000097880F82010E06D401CE065B4F8620083
:1078E000401EA4F862000BE0FCF76EFD811B4945C9
:1078F00003D3B9F1FF3F03D020E0B9F1000F1DD051
:10790000B4F862000028BCD100224B460821204672
:10791000009602F0F1F828B1D4F8840040F020007D
:10792000C4F88400204602F04DF884F88180D4F831
:10793000840084F8805080B1012007E7204602F0DF
:1079400041F8D4F8841084F8805041F48071C4F870
:10795000841084F881800320F8E60198F6E62DE98A
:10796000FF4F83B090F880100446006801294FF063
:107970000001109F1D46019100F1200100F130002F
:107980009346029100900ED04FF0010A84F880A037
:10799000FCF71AFD94F88110804600202E4601293C
:1079A00005D0022133E0022007B0BDE8F08F049932
:1079B00061B3BBF1000F29D045B30521814684F89E
:1079C0008110C4F88400C4F864B0A4F86A50A4F824
:1079D00068500499E165A4F86250A4F860502067EB
:1079E00060672068C16821F4C021C16020684168D7
:1079F0006FF30F01294341602068016841F00101E4
:107A000001606068B0F5800F05D009E0012184F8BD
:107A100080000846C8E72068016841F400710160F1
:107A2000E0680F2830D841E02068416989070DD50A
:107A300065B1E16D09680162E06D001DE065B4F8B3
:107A40006200401EA4F86200B4F8625048F20802D6
:107A50002068416911420DD066B1006B616E08600B
:107A6000606E001D6066B4F86A00401EA4F86A00EB
:107A7000B4F86A60FCF7A8FCA0EB0800B84202D397
:107A8000781C01D004E01FB155EA0600CCD187E094
:107A9000204601F097FFD4F8842084F8809042F4C7
:107AA0008071C4F8841084F881A043E0072830D89E
:107AB00073E02068406980070ED56DB1E06D0188E4
:107AC00002980180E06D801CE065B4F86200401E01
:107AD000A4F86200B4F8625020684069C0070ED074
:107AE0006EB100980188606E0180606E801C6066D7
:107AF000B4F86A00401EA4F86A00B4F86A60FCF7A3
:107B000063FCA0EB0800B84202D3781C01D004E06B
:107B10001FB155EA0600CCD142E0204601F052FFE9
:107B2000D4F8842084F8809042F48070C4F88400F3
:107B300084F881A0032037E72068416989070ED5C2
:107B40006DB1E16D097880F82010E06D401CE065B2
:107B5000B4F86200401EA4F86200B4F862502068D5
:107B60004169C9070ED06EB190F83000616E08709F
:107B7000606E401C6066B4F86A00401EA4F86A009B
:107B8000B4F86A60FCF720FCA0EB0800B84202D30E
:107B9000781C02D07CE7002FFCD055EA0600CBD140
:107BA00000223B4608212046CDF8008001F0A4FFCA
:107BB00028B1D4F8840040F02000C4F884002046A6
:107BC00001F000FF84F881A0D4F8841084F880903C
:107BD00009B10120E8E60198E6E600002DE9F04150
:107BE000044690F880001646012809D094F88100D8
:107BF0000127002584F88070012804D0022035E098
:107C00000220BDE8F08181B37EB3A2680320E16564
:107C1000A4F8606084F88100C4F88450A4F862601D
:107C2000656665672567A4F86850A4F86A50B2F5E0
:107C3000C02F20681DD0C16821F4C02141F400315B
:107C4000C0F80C10E1684FF480420F2903D9A06FEF
:107C50008069904209D1A06F07294FF400530DD9D4
:107C6000806998421BD0904219D0012084F880503E
:107C7000C7E7016841F400610160E3E78169994267
:107C800005D1B4F86210491C4908A4F86210806953
:107C900090420ED1B4F86200C01C800807E00F29A2
:107CA00007D8904205D1B4F86200401C4008A4F8FF
:107CB0006200A06F25490164A16F2548C863A16FC8
:107CC0002448C864A06F05652068816821F40041DC
:107CD0008160B4F862302268E16DA06F2032FCF759
:107CE000FFF858B1D4F88410384684F8805041F039
:107CF0001001C4F8841084F8817082E7A06FC06915
:107D0000B0F5807F206841686FF30F0100D03143E8
:107D100041602068816841F4004181602068016908
:107D200041F4487101612068016841F0010101607E
:107D30006068B0F5800F04D12068016841F40071DB
:107D40000160284684F880505BE70000C79A00086D
:107D5000D19A00089B9A00080B4910B5884211D1AE
:107D60000A4C607800280DD0606800280AD00120F5
:107D700007F030F90120A06001466068BDE81040BE
:107D800007F056BD10BD0000D45C0024044600245A
:107D900070477047024A136883430B431360704770
:107DA0000404005870477047704710B5040003D0B2
:107DB00094F83D0010B107E0012010BD002084F8C8
:107DC0003C00204600F022F8022084F83D002068A4
:107DD000211D03F0F5FB012084F8480084F83E00E3
:107DE00084F83F0084F8400084F8410084F84200A1
:107DF00084F8430084F8440084F8450084F8460081
:107E000084F8470084F83D00002010BD7047000052
:107E100090F83D10012901D0012070471A4A022133
:107E200080F83D100168CB6843F00103CB60006827
:107E300090421AD0B0F1804F17D01449884214D024
:107E40001349884211D0134988420ED01249884202
:107E50000BD01249884208D01149884205D01149F7
:107E6000884202D01049884207D181680F4A1140E8
:107E7000062906D0B1F5803F03D0016841F0010129
:107E80000160002070470000000001400004004035
:107E900000080040000C00400004014000180040B1
:107EA0000040014000E0004000E400400700010005
:107EB000704770B50446006800250169C943890709
:107EC00015D4C168C943890711D4EA1E0261012192
:107ED0002177206880698007204602D0FFF7E8FFFD
:107EE00004E000F0A7F8204600F0A5F82577206808
:107EF0000169C943490717D4C168C943490713D465
:107F000002216FF00402026121772068806910F479
:107F1000407F204602D0FFF7CBFF04E000F08AF854
:107F2000204600F088F8257720680169C9430907D1
:107F300016D4C168C943090712D404216FF008029E
:107F4000026121772068C0698007204602D0FFF7D0
:107F5000AFFF04E000F06EF8204600F06CF82577E3
:107F600020680169C943C90617D4C168C943C90655
:107F700013D408216FF01002026121772068C069D4
:107F800010F4407F204602D0FFF792FF04E000F09B
:107F900051F8204600F04FF8257720680169C94361
:107FA000C90708D1C168C943C90704D1891E016145
:107FB000204600F041F820680169C943090609D448
:107FC000C168C943090605D46FF0800101612046EC
:107FD000FFF7E9FE20680169C943C90509D4C168F2
:107FE000C943090605D46FF4807101612046FFF78B
:107FF000D9FE20680169C943490609D4C168C9434B
:10800000490605D46FF040010161204600F01EF8DA
:1080100020680169C94389060BD4C168C943890630
:1080200007D46FF0200101612046BDE87040FFF7E2
:10803000BBBE70BD7047704700680349884201D1DC
:10804000FCF7C8B97047000000E000407047FEE749
:1080500086B014216846F8F755FD254C40F2FF77AD
:10806000244800213A46FAF76DF838B1A06A401C5E
:10807000A0624FF4FA7007F0C3FAF1E701261D4839
:10808000FAF744FE20B91B480221FAF7ADFD60B1B2
:108090001848FAF7BFFEA06A401CA062FCF794F9EA
:1080A0000146684601F0C4FF1CE01248FAF7F8FBED
:1080B00085B21048FAF7AEFE6563FCF785F9024613
:1080C0002946684601F0BFFF8DF8140050B10A48F8
:1080D000002305A91A46006807F04EFB10B1E06ABC
:1080E000401CE0620A2007F08BFA002EC7D1B7E7E8
:1080F000984E0120085C002400460024F0B50023BF
:108100000A251C463026372711E000BFB5EB107F4B
:1081100002D906EB107C01E007EB107C01F813C0DC
:1081200001EB430C00015B1C8CF80140DBB2934275
:10813000ECD3F0BD00EB8100006E00F0F84070471A
:108140008068C0F3C00070478068C0F3800070474B
:108150008068C0F380007047C06810F4406F01D0A1
:10816000002070470120704710B5042404EAD15460
:108170000723C1F3045120448B408A40416999434D
:108180001143416110BD000000EB8101034B51F828
:10819000600F20F0004010430860704700600258F4
:1081A00030B58DB023A227A12AA001F07BFD0024C9
:1081B0006846242109940A940B94F8F7A3FC2B48F1
:1081C0000425294B4FF4101201210360C0E901245A
:1081D000C0E9044504764476C16180F82040846299
:1081E000C4620463C463046480F844408164FAF7A1
:1081F0005BFB08B1F9F7E1F91C4809A90994F9F703
:10820000EFFF08B1F9F7D9F91948062140F2FF72DA
:1082100003928DE8230015486946CDE904548DF892
:108220002140FAF771F8002801D0F9F7C6F90DB02E
:1082300030BD0000454E47494E45204C4142205636
:10824000340000004C434420504F4C4C494E4720D2
:108250004F4B000041444320494E495449414C4949
:108260005A494E470000000000200240085C0024EC
:108270000000B84F094808B5016841F001010160EC
:1082800000680022052100F0010000900B20FCF79F
:1082900057F9BDE808400B20FCF744B9D844025810
:1082A00010B501F051FC164A0021164807F048FBB2
:1082B000154C0021124A24326060144807F040FB3C
:1082C0000F4A0021A0601248483207F039FB0C4ADF
:1082D0000021E0600F48243A07F032FB206061681B
:1082E00029B1A16819B1E16809B1002806D10A498C
:1082F0000420C863BDE81040F9F75FB910BD000065
:10830000E84C010829B4000824460024918C000898
:108310005180000891860008984E01202DE9F04F09
:1083200087B014216846F8F7EDFB4E48016841F02C
:1083300004010160016801F004010591016841F048
:1083400080010160016801F080010591016841F040
:1083500001010160016801F001010591016841F02E
:1083600002010160016801F002010591016841F01C
:1083700010010160016801F010010591016841F0F0
:108380000801016000680122DFF8DCB04EF229012B
:1083900000F0080005905846FCF710F840F6024738
:1083A000324800223946FCF709F84FF400483048BB
:1083B00001224146FCF702F84FF480592B48012274
:1083C0004946FBF7FBFF4FF4806A2A4800225146DA
:1083D000FBF7F4FF0024694601254FF4604000904C
:1083E000CDE9015458460394FBF7DAFE03266946AB
:1083F0002920CDE90005CDE902465846FBF7D0FE1D
:1084000000976946CDE9015418480394FBF7C8FE6C
:108410004FF4A0506946CDE9000415480294FBF7DB
:10842000BFFECDF800806946CDE9015410480394A1
:10843000FBF7B6FE0D486946CDE90095CDE9025639
:10844000FBF7AEFECDF800A06946CDE9015409481E
:108450000394FBF7A5FE0021E806FFF79BFC07B09D
:10846000BDE8F08FE04402580008025800040258AA
:1084700000100258000C025870B586B01BA21FA154
:1084800022A001F00FFC18216846F8F73BFB2548B5
:108490000822234D0021012417238160D606E0E83D
:1084A0000352042580E81A0000F11403C0E9031404
:1084B00083E862000162C0E90912C16201631948E0
:1084C000FCF77CFA08B1F9F778F84FF0011041F2A7
:1084D000883269460094CDE902401248FCF762F800
:1084E000002801D0F9F769F806B070BD454E47493C
:1084F0004E45204C41422056340000004C4344205D
:10850000504F4C4C494E47204F4B0000464C415376
:108510004820494E495449414C495A494E47000068
:1085200000A00052785C00242DE9F041174C4FF474
:108530008002174907255311D6006EC40020170189
:108540004FF0805C84E88110E0601102206160617E
:10855000A061C4E90810A062E06220636063A063C8
:10856000E06320646064143C0848FEF74BFF08B1E8
:10857000F9F723F84FF0004060652068C16841F0CA
:108580000041C160BDE8F04101F066BBD45C00244D
:10859000003001402DE9F04117A21BA11EA001F0FF
:1085A00081FB244807264FF08042DFF884C0002179
:1085B000551105611311C0E90216C0E90721416296
:1085C000171281629411C162C0E90D21C163016477
:1085D00041648164C164016541658165C0E9054309
:1085E000C0E900C7FEF70EFF002803D0BDE8F04148
:1085F000F8F7E3BFBDE8F081454E47494E45204CB2
:1086000041422056340000004C434420504F4C4C13
:10861000494E47204F4B0000494D552053504920AB
:10862000494E495449414C495A494E4700000000BF
:10863000003800405C5D002410490122104810B54C
:1086400003F052FC08B1F8F7B8FF0E490C4803F0EC
:108650006BFE08B1F8F7B1FF0B49094803F0EAF9DE
:1086600008B1F8F7AAFF064803F0E4FE08B1F8F7EE
:10867000A4FFBDE81040FDF74DB8000034460024CB
:10868000A85E00249C4700249C460024FEE70000CE
:1086900096B038216846F8F735FA06F0DDFF4FF05E
:1086A0006409B0FBF9F606B901263D4802F036F937
:1086B0003B48694602F026F901F080FB074601F0CD
:1086C00093FC08906FB3FBF77FFE804606F0BDFF7A
:1086D0000446684607F040FF344406F0B6FF201A0F
:1086E000002802DC06F0B1FF8419204606F096FF50
:1086F0000EA801F009FCF8B1FBF766FE05461498D8
:1087000040071DD50C9800229FED260A401C0C90B6
:108710002348114602F048F92148694602F0F2F870
:108720002DE00B98401C0B90684607F015FF06F0F3
:1087300093FF06F065FFB8E701F056FC0890F0E7FC
:10874000A5EB080000EE100ADFED170A144811AA85
:10875000B8EE400A0EA920EE200A02F025F9804664
:108760000F48694602F0CEF8B8F1000F04D00A981D
:108770000995401C0A9002E00C98401C0C900A9845
:10878000A846B0FBF9F209FB120018B9002009F065
:10879000E9FA0D90684607F0DFFE002F9CD184E7D0
:1087A00054590024000000006F12833AFEE70000D5
:1087B000F0B503004FF0000004460BD0022B09D89F
:1087C00041B100220A604A60022B8A60CA600A61D5
:1087D00002D007E00120F0BD294A1268D20734D048
:1087E0004FF40074274D002205EB8203D3F80434C4
:1087F000DE0707D003F0020604F00207BE4201D1F3
:10880000561C0E60DE0607D503F0200604F0200794
:10881000BE4201D1561C4E60DE0507D503F400763A
:1088200004F40077BE4201D1561C8E60DE0311D5E0
:1088300003F4802604F48027BE420BD19E0302F18C
:10884000010604D446F4803603E00F4CCAE746F034
:108850008076CE60DE010FD503F0806604F080677D
:10886000BE4209D19B0102F1010302D443F48033DB
:1088700001E043F080730B61521C022AB4D3F0BDB7
:1088800000B4005200B00052220204042DE9F0416D
:10889000984616460F460446069D08E0681C06D01A
:1088A000FBF792FDA0EB0800A8420AD84DB1206862
:1088B000006A384000D00120B042EFD10020BDE86E
:1088C000F0814FF400702065606D40F0010060653C
:1088D0000120F4E70148FCF7FFBA0000A47500246A
:1088E0002DE9F0410446C0680D4620272368012881
:1088F0004FF4004604F2C44203EB4511D3F840C0E4
:10890000D1F8080B09D0DFF89CE0F4453AD1020415
:1089100033D500BFC1F8086B40E0234B5FEA007E0F
:1089200004D59C453AD90004F4D437E05FEA806E60
:1089300002D5C1F8087B31E010F0280F2ED19C45FC
:1089400001D90004E6D4D1F8101B05EBC50004EBF7
:108950008000C1F31201D0F89C32A3EB0101C0F8F2
:10896000901200F51F70ADB903691BB1C2681144C4
:10897000C1600FE0206801210AE080060AD5C1F835
:10898000087B07E035B9D4F88C0218B900211846E5
:1089900004F0D0F82046E9B2FCF785F90020BDE8E4
:1089A000F08100000A31544F0A30544F2DE9F84F3E
:1089B0000E460568814601EBC60100EB8104D4E94F
:1089C00013203C34904202D90120BDE8F88FA16801
:1089D000101A814200D20846C01C05EB46188708D1
:1089E0001BE000BFA268A0EB010A524500D29246EC
:1089F00099F80C100AF1030000911FFA8AF3E1685C
:108A000087082846F2B204F0DBFBE16801EB0A00BC
:108A1000E060616901EB0A006061D8F8180980B272
:108A2000B84205D3D4E90401814201D20028D9D14A
:108A3000D4E90401884208D8D5F83418012006F09A
:108A40000F0290408143C5F834180020BDE70000B4
:108A50002DE9F047454D044689464FF0000A286845
:108A6000C04380070AD0414E283E306820F0806025
:108A70003060FBF7A9FC0746B04608E00120BDE8DE
:108A8000F08700BFFBF7A0FCC01B022867D8D8F80E
:108A900000000001F6D4206829684FF4FE0721F495
:108AA0007C313E0241EA00302860207AA389B4F884
:108AB00004C040022D4D2D495B1E227CACF1010CFF
:108AC0001035091DA0F5007080B2521ECCF3080CC1
:108AD00007EA034340EA0C00184306EA0262104327
:108AE00028600868626920F0C000104308600A68C6
:108AF000A06922F0200202430A60281D0A6822F0C1
:108B000010020A6002684FF6F873E4699A4342EA79
:108B1000C40202600868B9F1000F40F010020A6058
:108B200011D00868B9F1010F11D040F400100860AD
:108B3000D8F80000444640F08060C8F80000FBF719
:108B400043FC05460DE0086840F40020EFE740F4E0
:108B50008010ECE7FBF738FC401B022801D903200A
:108B60008DE720680001F5D5504688E72844025873
:108B70002DE9F047454D044689464FF0000A286824
:108B8000C04380070AD0414E283E306820F0805014
:108B90003060FBF719FC0746B04608E00120BDE84D
:108BA000F08700BFFBF710FCC01B022867D8D8F87D
:108BB00000008000F6D4208829684FF4FE0721F0D9
:108BC0007C713E0241EA00502860207AA389B4F803
:108BD00004C040022D4D2D495B1E227CACF1010CDE
:108BE0001835091DA0F5007080B2521ECCF3080C98
:108BF00007EA034340EA0C00184306EA0262104306
:108C000028600868626920F44060104308600A68C0
:108C1000A06922F4007202430A60281D0A6822F447
:108C200080720A6002684FF6F873E4699A4342EA78
:108C3000C40202600868B9F1000F40F480720A6053
:108C400011D00868B9F1010F11D040F080700860B0
:108C5000D8F80000444640F08050C8F80000FBF708
:108C6000B3FB05460DE0086840F48000EFE740F4F0
:108C70000000ECE7FBF7A8FB401B022801D903200A
:108C80008DE720688000F5D5504688E728440258D3
:108C90002DED048BFEB001F0E3FBFE4B60A8FC4918
:108CA000002680EC030AD3E90004D3E90223CDE9CE
:108CB0004104CDE94323F8480B683546479643F015
:108CC00080720A604660026834461696459642F005
:108CD00001021A961B96026001201C9000200D9044
:108CE000012046900020139001271990F0227290E5
:108CF0004FF48C717390BA467490E848719708F0FD
:108D00000BF8012001F032FDE54801F089FBE44851
:108D1000383001F062FFE348012101640665FBF78A
:108D200053FB1590DFEDE09A1490E048CDF8C001B8
:108D300006AA73984FF0000C61466346002860460F
:108D4000CDF814C0664682E80B00B0EE698A8DED5E
:108D5000098A8DED0A8ACDF830C019D1DFF8448335
:108D6000012700BFC8F8387001F0E6F9F0B1012022
:108D700073900746CA48383001F02FFFFBF724FBF9
:108D8000159014900020479001F00AFAC8F84800A6
:108D900032A801F0E5FDFBF717FB0146009032A871
:108DA00001F0EEFDDFF808938046A5E0D8F8240036
:108DB0004646401CC8F8240001F0F2F9B0640320D4
:108DC000012174910021B06371644FF4FA7006F0D0
:108DD00017FC4FF0000CCDF830C0CDF814C066463B
:108DE000CDF820C0CDE906CC8DED098A8DED0A8A3B
:108DF000B8E700BF9DF8D401BAF1000F03D00128F5
:108E00007AD100209CE0092876D2DFE800F07505D1
:108E100062682D407519980044B11B9880F00100DC
:108E20001B909F48383001F0D8FE65E09C4890F8D0
:108E30003000002860D10D9880F001000D905BE0BB
:108E40009748383001F0C9FE4FF0000016901B9093
:108E500084BB934801F0ECFA00200D90012046906D
:108E600000201390729010E024B31C9880F0010051
:108E70001C900146894808F025F81B9808B9002085
:108E800016908748383001F0A8FE012734E03CB145
:108E90001A9800211691401C00F003001A90F0E788
:108EA00001F0C0FA42F20F71884204D201F0BAFA1E
:108EB000401C01E020E0012001F058FCE0B17848BE
:108EC00001F0B6FA0025139501200D957295469094
:108ED000D7E70020169084F001041390D1E7012019
:108EE000469000201390B0EE480A024601466C48B6
:108EF000F0EE400A01F09AFC0023D9F8000075A9B1
:108F00001A4606F0DBFB00283FF474AF01F08AFA42
:108F1000DFF89091C9F8600001F022FCC9F8640004
:108F2000C9F868401A98C9F86C001C98C9F8700014
:108F3000BAF1000F7DD0749828B15EA004E0012042
:108F400001278246E2E760A0B0EE480A002283468D
:108F500053481146F0EE400A01F068FC00201390DF
:108F60004F48383001F039FE00204E46C9F8500015
:108F70004B48806AC9F85400C9F85850D9F84C00D9
:108F800040B1F16C0FF2501B012901D056A017E03F
:108F900059A015E00CB15CA012E0B8F1000F01D0AF
:108FA0005EA00DE03A98012801D05FA008E0399852
:108FB000C00702D03998000701D55EA000E061A08B
:108FC000F16C8046B06CCDE90001736B302161A279
:108FD00063A8F7F7EBFA04224FF000090121B2630E
:108FE0007164C6F81C90C6F80490C6F80890C6F8DC
:108FF0000C90C6F81090C6F81490C6F82090C6F8E9
:109000007490C6F87890C6F87C90C6F88090C6F840
:109010008490C6F88890C6F88C9063AA414658465A
:1090200000F040FE68B100207490FA2006F0E8FAE3
:1090300000E015E0FBF7C8F9159014900020479068
:1090400076E601F0ADF80321B064706A00237393F3
:1090500001237493401C7062B163C6F84490E4E746
:10906000B8F1000F13D0469850B10DF1C80C9CE830
:109070000F00419000204690139042A880E80E0017
:109080000AAB09AA32A941A801F062F972E075E0C1
:10909000FCED00E0DC310108001000E000000020E1
:1090A00000070120984E0120000000000000012070
:1090B00000460024444953504C4159205245434FE7
:1090C00056455259000000004C434420504F4C4C30
:1090D000494E47204F4B000052454E4445522045D3
:1090E00052524F5200000000524153544552204604
:1090F00041494C454400000047454F4D45545259A5
:10910000204641494C454400454E47494E45204C78
:10911000414220524541445900000000494D55202C
:109120005245414459000000494D55204F46464C98
:10913000494E4500494D552043414C494252415406
:10914000494E4700494D5520574149542044415408
:1091500041000000454E47494E45204C41422056B3
:10916000342041444320256C752045256C752052E0
:10917000256C75005FEA000809D00AE03A980128DA
:1091800005D13998C00702D03998000701D50120D0
:1091900046900D9938EA010004D0FD4890F830005F
:1091A00000B944B1002013998346084205D01599AF
:1091B0000098411A02E00120F5E70021F448DDEDB6
:1091C0000A0A9DED090A5A4601F030FB0098CDF8D5
:1091D0004CB0159014B10721EEA02FE0EC4991F8A6
:1091E000300090B1729B04224846C9F850200FF21B
:1091F000A83B33BB15B18A6AAA4200D28D6A01210D
:109200007291C16D491CC16526E0B8F1000F04D010
:109210000D98B8B10320E1A11BE03A98012802D0D3
:109220000621E0A00AE03998C00702D0399800076B
:1092300002D50120DDA10CE00521DDA0C9F8501008
:10924000834609E03998400701D5DBA100E0DCA1A5
:1092500002208B46C9F85000D9F8502045998A421F
:1092600000D00127CA48C846816AD9F85000459005
:10927000C9F85410C9F858501DA9C548383001F034
:109280008DFCD0481D99C8F880101E9AC8F884201B
:109290001F9AC8F88820209AC8F88C20406860A9D6
:1092A000769041F282020F90C74807F0A9FC169809
:1092B00000EE100A9FEDC51ADFEDC50AB8EE400AB0
:1092C00020EE010A60EE208A5CB31A98F0B3002108
:1092D000401E8DF88C0116988DF88D1100EE100A45
:1092E000DFEDBC8AB8EE400A20EE280A01F0F2FC5D
:1092F0001698B0EE402A00EE100ADFEDB72A8DED89
:10930000642AB8EE400ACDED682A65AAAE4863A982
:1093100020EE280A8DED690AC2EC030A01F006FD71
:1093200003E09B49A84801F0A1F8B8B3A5484168FB
:109330000F98081A05F024FBA849C860A24800F05D
:10934000FDFC00233A460146189000E02DE01998F4
:1093500000F0E4FC44F2030140EA0100639014B120
:1093600047F6FF706390E5B364238949B5FBF3F2D8
:109370000A20D1F828904FF47A71B9FBF3FCB2FBC4
:10938000F0F3BCFBF0F800FB1327B5FBF1F2B9FBDF
:10939000F1F300FB18C08DE8850000E02EE03021DD
:1093A0008FA248A8F7F702F94CE063A801F038F85B
:1093B000B0EE680A04F074FD9FED919A20EE090A60
:1093C0008DED670AB0EE680A04F036F920EE090A5E
:1093D0008DED680AB6EE000A68EE808AB0EE680A83
:1093E00000E01BE004F028F98DED690AB0EE680A90
:1093F00004F056FD8DED6B0A63A993E7D8F83010A1
:109400000122491CC8F83010C8F84C206048383098
:1094100001F0E3FB4FF0010A574689E45C48642100
:109420004FF47A72806AB0FBF1F70A21B0FBF2F3D5
:1094300074A2B7FBF1FC01FB1C703021009048A81E
:10944000F7F7B4F8F4B3219805F0A6FA0390229840
:1094500005F0A2FA0490239805F09EFA65901E98F4
:1094600005F09AFA80461F9805F096FA81462598ED
:1094700048B1249B01460246C91A64200023A1FB7F
:109480000001F7F71BF864901A9838B1401EC0B27B
:1094900001F03EFC1B9919B160A102E061A0F9E75F
:1094A00044A1034661A20091182177A8F7F77EF83E
:1094B00065990A270498B1FBF7F2B0FBF7F307FBB5
:1094C000121C00E02DE0039907FB1300B1FBF7F23B
:1094D000039BB3FBF7F307FB121E049A6599B2FBDB
:1094E000F7F2B1FBF7F1CDF800E0CDE90120CDE9CD
:1094F000031C302150A226A8F7F758F81D984028E1
:1095000043D0B8FBF7F2B8FBF7F31D990291302175
:1095100007FB1280649ACDE900024EA254A8F7F727
:1095200045F828484FF0000941680F98081A6490E0
:1095300001204FEA191188406399084226D0214F33
:109540004B497868102200910F900898C0EBC00139
:10955000484801EB810100EB01231B48984649462E
:1095600007F0F6FB70B1384641680F98A1EB000197
:1095700007980844079034B11C9854A926AA18B13A
:109580003DA3A0E095E0ADE09CE07BE00EE10000B3
:10959000000701204C414200574F4E0050415553A7
:1095A000454400004E4F20494D55000043414C00BA
:1095B00057414954000000004759524F0000000035
:1095C000494D5500001000E000000020DB0FC940AD
:1095D0000000803CCDCC4C3D9A999940984E01209A
:1095E00054494D4520256C752E256C75532020421D
:1095F00045535420256C752E256C755300000000D2
:109600009A99993E54494D4520256C752E256C75C7
:1096100053202042455354202D2D000020484F4C0C
:10962000440000004D415A45000000004C414220DA
:1096300025732573000000004725752E25752052DF
:1096400025752E257520494F25752E2575204D53DE
:10965000000000004625752E257520503935202D37
:109660002D20534B4950202575204E256C75000048
:109670009808012000000024494E444558204F4ED0
:1096800000000000B9FBF7FCB8FBF7F3649907FB97
:109690001C90B9FBF7FC07FB1382B8FBF7F3CDE98D
:1096A0000201302154A8CDE9002C98A2F6F77EFFE4
:1096B00037E79E48022101220C92026B521C026382
:1096C000C1647BE09AA3049177AF1020CDE9023208
:1096D000CDE90007F02240464FF48C714B4601F073
:1096E0003BFD16E000F09EFE944991F8301009B160
:1096F000012300E0002348AF0297CDE90330102298
:109700004046CDE9002BF0224B464FF48C7101F01E
:1097100069FCB8F800104FF48C570B025FF00100A1
:1097200043EA1121A8F8001038F810100B0243EAA0
:10973000112128F81010401CB842F5D380487199C7
:10974000002942680F99A2EB0102649911446491C7
:10975000476813D010214246484600F0C7FD00B9C3
:10976000012677484068A0EB07010598084405905A
:1097700036BB069800F50C50069017E0642000F008
:109780007BFDF0B16E4840684246C11B0598084415
:1097900005901021484600F009FD90B1069800F5AB
:1097A0000C500690089880F00100089009F1100014
:1097B0001FFA80F9B9F1F00FFFF4BAAE719808B151
:1097C0000FE00126DFF87881D8F80470642000F0FB
:1097D00053FD00B90126D8F80400C11B05980844C0
:1097E00005900C98304320D05448383001F0F5F9FA
:1097F000BEB14E4E706A401C706200F0D1FCB06485
:10980000012082467490719000200646CDE9050043
:10981000CDE907008DED098A8DED0A8A0C90FFF7DE
:109820009DBA0120074682460AE4012000F07CFC34
:109830003E4E022171984FF00007002818981990A9
:10984000B16301D0022200E0032247980021401CAE
:1098500047907264F1643068401C3060649805F091
:109860008FF8B060059805F08BF83061069870614C
:10987000002008F077FAB0617098D0F8BC0630622A
:10988000079805F07DF870677098D0F8C806B06743
:109890007098D0F8CC06F067012005F0B1FE28489A
:1098A00041687698081A05F06BF87060DCB1706852
:1098B0000390F0680490706F0590306903A90690DA
:1098C0007098D0F8C80607907098D0F8CC06089029
:1098D0001A48383001F088F91B9820B91698401CB6
:1098E00000F03F001690FAF76FFD1499411AB1F598
:1098F000FA7F99D3149042F2107247985043002295
:109900004792B0FBF1F0F06187E500004625752E27
:109910002575205039352025752E257520534B4946
:1099200050202575204E363400000000984E01204E
:10993000494E444558204F4646000000000701208C
:10994000001000E00148FDF74BBC0000D45C00248F
:1099500010B50168002240F26F330C6824F0010456
:109960000C6001680C699C430C6101688B6943F0D1
:1099700008038B6101688B6943F010038B610168F8
:109980008B6823F440438B6001688B6943F040038C
:109990008B6101688B6943F020038B6101688B69DF
:1099A00043F480738B6101688B6943F400738B61AE
:1099B00001688B6943F400638B61A0F86220A0F812
:1099C0006A2010BD10B5026840F26F335169946986
:1099D00044F0080494610268946944F010049461AE
:1099E0000268146824F001041460026814699C433E
:1099F00014610268936823F44043936090F88120D7
:109A0000042A0CD08A060AD5D0F8842042F08002BD
:109A1000C0F884200268936943F02003936190F8B2
:109A20008120032A0CD04A060AD5D0F8842042F0BF
:109A30000402C0F884200268936943F040039361F4
:109A40008A050AD5D0F8842042F00102C0F88420AB
:109A50000268936943F400739361C9050AD5D0F88D
:109A6000841041F00801C0F8841001688A6942F44A
:109A700080728A610021A0F86210A0F86A1010BDFF
:109A800010B5806B00210122A0F86A10A0F86210C6
:109A900080F88120FDF790FB10BD10B5846BF9F7BD
:109AA000CBFC02280ED02046FFF78CFFD4F88410A0
:109AB000012041F01001C4F8841084F88100204690
:109AC000FDF77AFB10BD10B5806BFEF761F910BD94
:109AD00010B5806B90F88110072909D0816FC96992
:109AE000B1F5807F05D00068016941F0080101618E
:109AF00010BDFEF731F910BD2DE9F0411C461646A8
:109B00000D460746DDF818800AE000BFFAF75CFC56
:109B1000A0EB0800A04202D3601C01D00BE054B1BE
:109B20003868406935EA000007D00020B042EDD027
:109B30000020BDE8F0810320FBE70120F6E7017873
:109B4000407841EA0020704700220121082010B52A
:109B500005F0E6FD05490028086006D1044901200A
:109B6000C863BDE81040F7F728BD10BD00460024CB
:109B7000984E012030B5ADF2944D0DF58B6000F09C
:109B8000EFFE08F0EDFB3249D1F88C50D1F8884057
:109B9000D1F88430D1F880200DF1880C8CE83C009D
:109BA000CD6F8C6F4B6F0A6F0DF1780C8CE83C0019
:109BB000CD6E8C6E4B6E0A6E0DF1680C8CE83C001D
:109BC000CD6D8C6D4B6D0A6D0DF1580C8CE83C0021
:109BD000CD6C8C6C4B6C0DF1480CDDF88C248CE852
:109BE0003C008C690DF284420CCA11940E92CDE9AE
:109BF0000F30DDF87444DDF878344A6908690AAD3D
:109C000085E81D00CC688B6B0A6B886A06AD85E819
:109C10001D004C6B4B6A0A6A886802AD85E81D001E
:109C20004A68C869CDE900020B684FF47074094AAC
:109C300026A82146F6F7BAFC002805DDA04203D28B
:109C400081B226A8F7F762FA0DF2944D30BD0000FC
:109C5000984E0120E04E010810B500F091FA00285E
:109C600006D0BDE8104003A206A10AA000F01AB871
:109C700010BD0000454E47494E45204C41422056FC
:109C800034000000424F4F54205354415254494E27
:109C9000470000004C434420504F4C4C494E472055
:109CA0004F4B00002DE9FF5FDFF86C8000244FF47C
:109CB0008C7B15464FF40C690E4607464FF0080A98
:109CC0001548F022CDE90265CDE900A723465946A3
:109CD00001F0E6FA5FF0000041464B4631F81020F3
:109CE0004FEA022C4CEA122221F81020401C984224
:109CF000F4D3094A0821204600F0F8FA002807D0DA
:109D00000834A4B2F02CDBD3012000F00DFA0120BE
:109D100004B0BDE8F09F0000D447002412B147F61C
:109D2000FF707047084344F201021043002BC0F358
:109D30000E00F6D040F0020070470000F0B547F684
:109D4000FF774FF0000218B300F5803191F8FC3630
:109D5000F3B1B1F8F436B3F58C7F19D1B1F8F656FA
:109D6000F02D15D1B1F8FA66B6F5007F10D80023B2
:109D700020E000BF03EB4301C1EB431100EB810185
:109D8000B1F86EC0B1F87040A44501D8AC4201D31F
:109D90003846F0BD4FEA1C114FF0010C240906E0D3
:109DA0000CFA01FE1FFA8EFE491C4EEA0202A14285
:109DB000F6D95B1C9E42DDD81046F0BD7CB54F4DF8
:109DC00000204F4C0122114628702046FAF7F6FA7F
:109DD000012220460821FAF7F1FA4A48002202211E
:109DE000FAF7ECFA05F0AAFD00287DD005F034FC66
:109DF000002879D0322004F051FF012300211846B9
:109E000001AA04F066FF002875D0012004F046FF87
:109E1000012004F0FFFE00286ED0002004F0FAFEBE
:109E2000002869D0B6227E21012004F0A9FF002875
:109E300061D0322004F032FF01230021184601AA2C
:109E400004F047FF002856D0012004F027FF01202E
:109E500004F0E0FE00284ED0B6221421002004F0C9
:109E60008FFF002847D0322004F018FF002004F0B4
:109E7000D1FE00283FD0042332261A467D210096C9
:109E8000012004F0E5FE78B30520009003230022B2
:109E90007C21012004F0DCFE30B302240094FF2377
:109EA000A9224021012004F0D3FEE8B10122009450
:109EB00003231046412104F0CBFEA8B100220094F8
:109EC000072310460F2104F0C3FE68B10723009456
:109ED00084221021002004F0BBFE28B1002200964D
:109EE000A0231046112101E006E004E004F0B0FEDA
:109EF00010B1012028707CBD00207CBD10460024DC
:109F000000080258000402582DE9F04705002DED25
:109F1000028B84B01DD01C21F6F7F4FD2F4C207865
:109F2000012816D104F076FE98B1062312210120F3
:109F300002AA04F0CEFE60B100216A46082308465A
:109F400004F0C7FE28B19DF800000F2807D00320B9
:109F50002070002004B0BDEC028BBDE8F0879FEDBF
:109F6000208ADFED208A47F6F877E94600240DF1D4
:109F70000808C7F1000A00BF08EB440004F0A2FE85
:109F8000064609EB4400801C04F09CFE00EE906A3B
:109F900000EE100A05EB8401F8EEE00AB8EEC00A04
:109FA000BE4260EE880A20EE280AC1ED000A81ED6B
:109FB000030A05DA564503DDB84201DA504503DCF1
:109FC000A86940F00400A861641C032CD4D3A869DC
:109FD00040F00300A8610120BCE700001046002407
:109FE0000000403900007A3D0148007870470000C9
:109FF000104600244EF66021884210B501D300209F
:10A0000010BD0A4B00214FF4FA6400BF33F8112051
:10A0100001F10101821A02F57A72A24201D8C8B296
:10A0200010BD0529F2D3062010BD0000C032010882
:10A0300010B50022062404700123037202744274D6
:10A040004160C16010BD30B51546044600F02BF8E4
:10A0500001284FF000010CD002280AD0002811D1AD
:10A06000207C70B1227A42B1217881420BD0E56028
:10A0700007E02074E5606174F2E7627C2174002AD5
:10A0800000D0002030BD617C0029FAD1E168691A56
:10A09000B1F5487FF5D301216174012801D0082072
:10A0A00030BD072030BD30B5154604460846FFF7E1
:10A0B000A1FF06280CD02178814201D02070656074
:10A0C0006168691A3C2908D328B1217A39B104E0C2
:10A0D0002070656001E000202072002030BD012169
:10A0E000217230BD10B505F029FC0E494FF0000279
:10A0F00018B14B6823B1834202D01046072205E015
:10A100000B782BB14B783BB110460622CA7010BDBC
:10A1100001231046CB7010BD4860032005F060FBA2
:10A12000012010BD044600244FF48061024601481E
:10A13000FAF744B90004025870B505F0FFFB0F4C64
:10A1400005004FF0000606D005F086FA18B16068E9
:10A1500020B1A84202D00721304603E0607818B150
:10A1600006213046E17070BD012004F049FF00284F
:10A17000F9D0BDE87040FFF7B5BF000004460024E9
:10A18000064900204A680AB1072202E04A7812B163
:10A190000622CA707047002004F032BF0446002433
:10A1A0000148C07870470000044600242DE9F047BC
:10A1B0002D4C88464FF40C7181460026174608FB4B
:10A1C00001F5606840B14146484604F0D3FF0028DD
:10A1D0003FD0A078F0BB02E0072130463FE02348A3
:10A1E000806FB8B30068A8B34146484604F0F8FF52
:10A1F00000282ED01E480068C00314D579191F31DD
:10A2000027F01F0021F01F01091A00290BDDBFF301
:10A210004F8F184A1060203020390029FADCBFF334
:10A220004F8FBFF36F8FBFF34F8F002004F0D2FE2C
:10A23000032005F0D5FA0120A6606070AAB20B4891
:10A240003946FDF7CBFC60B10320E07004F02CFF31
:10A25000002000E001E0BDE8F08703213046E17016
:10A26000F7E70120F5E7000004460024D45C002451
:10A2700014ED00E068EF00E070B51B4C06460025C9
:10A28000606820B105F05AFB6168884202D007215E
:10A29000284608E0207820B1607830B1A06830B15D
:10A2A0000DE001212846E17070BD012070BD3046EF
:10A2B00004F044FF00210246032005F0F3FAA068F1
:10A2C00001280AD0A068022805D00420E07004F01C
:10A2D000EBFE002070BD0520F8E76570A560032047
:10A2E00005F07EFAE1E70000044600242DE9F04184
:10A2F00007460D464FF40C70164601FB00F4384635
:10A3000004F038FFB8B12946384604F069FF90B12F
:10A31000002004F05FFEA2B2094832233146FDF767
:10A32000F7F90446012004F055FE3CB10549092027
:10A33000C87004F0B9FE0020BDE8F0810120FBE701
:10A34000D45C00240446002400487047F04601080D
:10A3500070B59FED320A15001C468AB00E4601D03A
:10A3600085ED000A0CB184ED000AEDB3E4B306A953
:10A3700005F0F0F8C0B301A9304605F0EBF898B34A
:10A3800001A8DDED061A9DED075ADDED044A9DEDAD
:10A39000084A9DED092AF8EE005AB0EE006AD0ECAA
:10A3A000032A21EEA20A21EEA31A61EE830A61EECE
:10A3B000A41A05EE030A05EE241A45EE620A45EEDC
:10A3C000631A04EE230A04EE621A44EE640A44EEB1
:10A3D000031A02EE240A02EE431A42EE230A42EE68
:10A3E000621A20EE012A00E016E020EE200A00EEBC
:10A3F000E12A2146284601EE210A62EE250A20EED6
:10A40000060AC5ED000A84ED000AB7EE000A04F062
:10A410000FFF01200AB070BD0020FBE70000000024
:10A4200000F006B801488068704700001446002418
:10A4300010B504000FD03421F6F764FBB7EE001A14
:10A440009FED050ADFED050A84ED061A012084EC74
:10A45000020A84F8310010BDF98A2FC090C2F5BFFE
:10A46000014890EC030A70474C4701082DE9F04F72
:10A470001C220D46954982462DED048B89B001A81A
:10A48000F6F7E4FABAF1000F38D0BDB39049286866
:10A49000884233D88F49884230DC8F4968688842C7
:10A4A0002CD88E49884229DC95ED050A03F0B8FFC7
:10A4B0009FED8B1ADFED8B0A40EE010ACDED040A09
:10A4C00095ED040A03F0ACFF9FED871ADFED870AD4
:10A4D00008A840EE410ACDED050A00F00BFA8146CE
:10A4E000FFF732FF064600F09DF9B9F1000F07466D
:10A4F00004D01EB117B10898182805D9002009B05A
:10A50000BDEC048BBDE8F08F01A946F2114047F67F
:10A51000124349F6F442DFED762A9FED762ADFED0D
:10A52000761A9FED761ADFED760A9FED760A009097
:10A53000504607F087F80123044601A94FF6FF7241
:10A54000DFED718AB0EE682ADFED701A9FED701AA8
:10A55000DFED700A9FED700A504607F0C7F900B9A9
:10A5600000244FF000089FED6D8A48F2104B1DE06B
:10A570009FED6B3ADFED6B2A9FED6B2A09EB08101C
:10A580005A46002390EC040A01A930EE080A31EE85
:10A59000221A71EE831A70EEC20A9FED642A5046A9
:10A5A00007F0A4F900B9002408F1010808998845CA
:10A5B000DED3002017E000BF45F67850009009EB8D
:10A5C000081044F27543F0EE682A90EC040A01A9E1
:10A5D00049F2FA629FED562A504607F033F800B967
:10A5E000002408F10100089980468842E4D301AABA
:10A5F00040F21F519FED4F9AF0EE491A9FED4E1A0F
:10A60000504697EC020A07F0A3F800B900244BF675
:10A61000FF7197EC020A01AADFED488AF0EE681A92
:10A620009FED471A504607F093F800B900244FF603
:10A63000E07196EC030AF0EE491A01AA504631EE99
:10A64000081A07F085F800B90024504696EC030A72
:10A65000F0EE681A01AA4FF4FC6107F079F800B92E
:10A660000024594695EC020A01AA5046DFED351A3E
:10A670009FED351A70EEE10A30EE010ADFED331A74
:10A680009FED331A07F064F800B9002443F6E71190
:10A69000D5ED010A9FED2F0A95ED001ADFED2E1A78
:10A6A00070EEC00A31EE000A9FED2C1A01AA504646
:10A6B00007F04EF800B90024294601AA504606F0DA
:10A6C000EBFE00B90024204619E700009C48010871
:10A6D000CDCC4CC0CDCC4C409A9919C09A99194018
:10A6E000CDCC4C3E6666263F295C0F3E9A9919BE3A
:10A6F00085EB113F8FC2753C9A992940CDCC5C40C7
:10A700009A9929C0CDCC5CC0000000009A991940EC
:10A71000CDCC4C409A9919C0CDCC4CC00AD7233D22
:10A720000AD7A33C0AD7A33DCDCCCC3D6F1283BA48
:10A73000AE4761BE6F1283BB52B89E3E6F1203BC20
:10A74000AE47613EB81E853DEC51383D0AD723BC6B
:10A75000ABCF553ECDCCCC3CA69B44BC713D0A3E14
:10A760000148C06870470000144600242DE9F041FC
:10A770000500EAB003D042F20F70854203D90020F1
:10A780006AB0BDE8F081204CA06885422FD0012D31
:10A7900032D0DFF8788000261C491D4A06FB01F301
:10A7A0001C492B4403EB080080EA1040504380EA28
:10A7B000D030484390EA104700D1174F60A938467F
:10A7C00004F08FF960A807F068FA90B169AA6946A9
:10A7D00060A804F0B3FD60B16998694602010F48B2
:10A7E000F6F734F90D4801C4699884E8A100012006
:10A7F000C6E7761C402ECFD31221094A0020C4E9B7
:10A800000250C4E90021F2E714460024B979379ECA
:10A810002D35EB7F8BA66C84F5792B6D885A00243F
:10A82000D045010800487047C845010837B5040005
:10A830000D462DED020B2DED028B1AD0EAB19DEDE8
:10A84000020A04F0E1F8C0B19DED030A04F0DCF85F
:10A8500098B1002084F831009FED248A78B100205F
:10A86000E06284ED028A84ED038A84ED048A84ED3B
:10A87000058ABDEC028B05B030BD0120EAE794F8F3
:10A8800030000028F5D1B6EE000A03A902A804F0B2
:10A89000CFFC9DED020A164960EE000A9DED030A09
:10A8A00040EE000A10EE900A884203DA8DED028A2B
:10A8B0008DED038A9DED020A642D84ED040A9DED61
:10A8C000030A84ED050A00D96425E06A2844E062A1
:10A8D00005E00A38E062204606F062FDE06A0A28D8
:10A8E000C7D394F830100029F3D0C2E7000000006D
:10A8F000FAED6B39024908B14A680260086870478E
:10A900001446002400280B4607D0002B05D000F188
:10A91000A00118462022F6F799B8704770B50400D8
:10A920001AD0FC21F6F7EEF82046F6F705FF0B49A2
:10A930002046F6F7A1FF04F17C000546F7F78AFBF5
:10A94000064928461C31F7F797FBB7EE000A84ED5D
:10A95000280A0820C4F8BC0070BD0000644C01083F
:10A9600010B5044607F060FA044938222046F6F78D
:10A970006DF8BDE8104007F077BA0000505A002487
:10A98000D0E90723012B0AD1836A43B1406A081A30
:10A99000642804D8D00702D012F0180F01D000208C
:10A9A00070470120704700002DE9F0430400154670
:10A9B0000E462DED068BF0EE409A93B037D0AEB335
:10A9C000A5B39FED6E1ADFED6E0AB0EE690A07F0CF
:10A9D000B9FC58B300279FED6B8ADFED6B8A9FEDC2
:10A9E0006B9A9FED6BAA00BF06EB8700B0EE481A8A
:10A9F00090ED000AF0EE680A07F0A4FCB0B105EB98
:10AA00008700B0EE491A90ED000AF0EE4A0A07F00E
:10AA100099FC58B17F1C032FE6D394F8BC0000F0DA
:10AA20000100C4F8BC00C1070BD017E005E000200E
:10AA300013B0BDEC068BBDE8F083204604F06EFA3F
:10AA4000F6E740F008002A46B0EE690A3146C4F83D
:10AA5000BC00204604F0A2F900287DD0304604F066
:10AA60006BFDB7EE091AF6EE020A07F06BFC95ECE7
:10AA7000030A07463146D6E90050D6F808903A4610
:10AA80008046204603F0C4FE96E8070004F18006E5
:10AA900004F1E804B0EE419AB0EE408B84E8070080
:10AAA0002774A4F1E80417B90025A846C14620463A
:10AAB000B0EE690AF6F7DCFE02EE909A02EE108A1A
:10AAC00001EE905AB0EE491AF0EE680AB0EE480A6C
:10AAD0002046F7F7A1FA2046F6F72AFE0DF11808EE
:10AAE0009FED2C8ADFED2C8A002588EC040A00BF3C
:10AAF00008EB8500B0EE481A90ED000AF0EE680A07
:10AB000007F020FC48B36D1C042DF1D306ADA03432
:10AB100095E80F0084E80F00A4F12400A03CF7F7AB
:10AB200095FA3036204686EC030AF6F748FD0546CE
:10AB300021466846F6F760FD182269460BA8F5F72E
:10AB400085FF15F0FF0F05D0D4F8BC0040F00800D9
:10AB5000C4F8BC002FB101E009E00AE09DF8300024
:10AB600028B1D4F8BC0040F00400C4F8BC000120B7
:10AB70005EE72046FFF7D2FE5FE700000AD7A33C5E
:10AB80000AD7A33BEC51C040EC51C0C03303FA4498
:10AB90003303FAC4C520803FC52080BF30B50D0007
:10ABA000044689B017D024216846F5F7ABFF6CB195
:10ABB000D4F8380130B12422684604F59C71F5F7C9
:10ABC00045FF03E06946204603F0A0FE24226946C3
:10ABD0002846F5F73BFF09B030BD002803D04FF4FD
:10ABE000B071F5F78FBF704770B5040070D00029C1
:10ABF0006ED0D4F830210026086844F822000A6894
:10AC0000F4E940309A187041C4E900204A68D4E958
:10AC100002309A187041C4E902208A68D4E90430ED
:10AC20009A187041C4E90420CA68D4E906309A1819
:10AC30007041C4E906200A69D4E908309A187041C5
:10AC4000C4E908204A69D4E90A309A187041C4E975
:10AC50000A200868616BA4F58074884201D9C4F8A1
:10AC60003401D4F83001401CC4F8300140282FD101
:10AC700004F59C71204603F049FE0121084654F872
:10AC8000212002E044F82030401E28B104EB80036C
:10AC900053F8043C9342F5D8491C402944F820203D
:10ACA000ECD3D4F8F0300020C4F8346104F5947C7F
:10ACB000C4F840310246C4E94600C4E94400C4E98E
:10ACC000420005468CE86400C4E94000C4E948003D
:10ACD00070BD00009FED0B2ADFED0B1ADFED072A98
:10ACE000DFED070A40EE021A9FED081A40EE220A35
:10ACF00020EE011AB0EE610A03F099BEF6281C3F5F
:10AD00009A99193FA470BD3E6666E63EB81E053EA0
:10AD1000032803D2024951F82000704701A0704770
:10AD2000D4320108554E4B4E4F574E002DE9F0419D
:10AD30005FEA00089C480C464FF000052DED108B93
:10AD400090EC04BA33D094B3207803282FD294ED3A
:10AD5000050AB5EEC00AF1EE10FA28D910EE100A75
:10AD60009249884223DA94ED060AB5EEC00AF1EE64
:10AD700010FA1CD310EE100A8D49884217DAD4ED70
:10AD8000019A04F108008B4929EEA90A90EC038A84
:10AD900008EE080A08EEA80A09EE090A10EE100AE1
:10ADA000884204DD10EE100A8349884204DB00204B
:10ADB000BDEC108BBDE8F08103F03CF9B7EE001A52
:10ADC000207840F2DF76C1EE000A02284FF6A05745
:10ADD00029EEA00A28EEA01A69EE201A28EE20AA71
:10ADE000F0EE409AF0EE41AAB0EE61DA21D00028F0
:10ADF00000D03E46334601D1704900E070492246FA
:10AE0000B0EE6C5AF0EE4C4AB0EE6B4AF0EE4B3AB4
:10AE1000F0EE4A0ABDEC108B03EE105A02EE905A87
:10AE200002EE105A4046F7EE005ABDE8F04106F037
:10AE300007BD94ED068AB5EE000A28EE001A9FEDD4
:10AE4000619AF0EE490AB0EE490A03F0F0FDB0EE67
:10AE5000615AF0EE403AB0EE604AF0EE414A3B46AD
:10AE60009FED59BA03EE105A02EE905A02EE105AB4
:10AE700053492246F0EE4B5AF0EE43CAB0EE62CA96
:10AE8000F0EE42BAF0EE4D1AB0EE6A1AF0EE4A0A4F
:10AE9000B0EE690A404606F0D3FC07469FED4B0A28
:10AEA0009FED4B1A68EE000A28EE010AB0EE491A2F
:10AEB000F0EE608A03F0BBFDF0EE403AB0EE615A6E
:10AEC000F0EE414AB0EE604A3C493346F6EE005A95
:10AED000B0EE6C3AF0EE4C2AB0EE6B2AF0EE4D1A62
:10AEE000B0EE6A1AF0EE4A0AB0EE690A224640460F
:10AEF00006F0A6FC00B900272B4E28EE0BBA002561
:10AF00009FED34CA9FED349ADFED34CADFED34DAB9
:10AF1000203EF6EE00BA00BF00EE105AB0EE4B8AAB
:10AF2000B8EE400A00EE0C8AB0EE480A02F084FB4C
:10AF300060EE09EAB0EE480A02F0B2FF20EE2CEA19
:10AF4000B0EE480A02F0ACFF20EE09FAF0EE680A13
:10AF500028EE2B1AB0EE480A03F069FDB0EE615AF4
:10AF6000F0EE403AF0EE414AB0EE604A36F8153065
:10AF7000224612494046F0EE6D5AB0EE4F3AF0EEDE
:10AF80004E2AB0EE6E2AF0EE4D1AB0EE6A1AF0EECE
:10AF90004A0AB0EE690A06F053FC00B900276D1C9E
:10AFA000042DB9D3384603E7EC32010800007A4497
:10AFB0000050C34777CC2B32002474492435010854
:10AFC000D442010800000000CDCC4C3F6666663FCD
:10AFD0003333333FDB0FC93F6666A63FCDCCCC3E53
:10AFE000295C8F3E2DE9F04F8DB01F465FEA000AC5
:10AFF00014460E464FF00005DDE919B3DDE9169859
:10B000007ED05FEA08007BD01898002878D0A02E68
:10B0100076D3402C74D3A74272D2E11B49456FDB33
:10B0200042F20F704BB1834200D90346102144A273
:10B0300008A8F5F7BBFA04A805E00123F6E7415597
:10B040006D1C0C2D03D218F805100029F7D1002132
:10B050004155A4F1100308461EE03918202901D3F8
:10B06000994218D3202905D2BBF1000F02D04FF42A
:10B07000D46201E041F6C3021F2901D0994201D1F7
:10B0800044F20822002104E000FB061C491C2AF8B7
:10B090001C20B142F8D3401C4845DED3BBF1000F61
:10B0A00002D04FF6FF7001E040F2DF70E02E01D3D6
:10B0B000022200E001224FF0040808ABCDF8008026
:10B0C00003903146CDE901324B463A46504605F0F1
:10B0D0001BFDA5EB85004FF6FF754B46314606EB91
:10B0E0004002083A04A8CDE90028CDE902053A4615
:10B0F000504606F09BFDBBF1000F4FF0080800E042
:10B100001BE00CD011A1CDF80080162203954B4610
:10B110005046CDE901213A46314606F087FD4EF60C
:10B120007D7218980B3C4B463146CDE90202CDE9C1
:10B1300000843A46504606F079FD0DB0BDE8F08F28
:10B140004D415A45202530326C7500004C4556451E
:10B150004C20434C454152002DE9F04F91B01E4622
:10B160005FEA000814460D46DDE91BA3DDF874B064
:10B17000DDF868907ED05FEA0A007BD0002B79D0A2
:10B180005FEA0B0076D01E98002873D0F02D7ED396
:10B19000402C7CD3A6427AD2A11B494577DB002004
:10B1A00044F2082EA4F1100216E03118202901D330
:10B1B000914210D31F2901D0914201D1774601E07D
:10B1C00041F6C307002104E000FB051C491C28F8D8
:10B1D0001C70A942F8D3401C4845E6D30D212DA28E
:10B1E0000CA8F5F7E3F90CA8F5F78AFB062107464A
:10B1F000A5F11000B0FBF1F1CB1B5B1E202B00D39F
:10B200001F23CDF800A0202123A204A8F5F7CEF932
:10B210004FF0040A40F2DF720823404604A9CDE94A
:10B22000003ACDE902124B463246294606F0FEFCB2
:10B23000A7EB87014FF6FF720CAB404605EB4101CF
:10B240000839CDE90232CDE9001A4B46324629468B
:10B2500006F0ECFC4EF67D774FF0010A14224B46C7
:10B26000CDE9002BCDE902A732462946404605F03C
:10B270004BFC00E00BE01E990B3CCDE902A74B46CE
:10B2800032464046CDE90041294605F03DFC11B06B
:10B29000BDE8F08F25730000252E2A730000000002
:10B2A0002DE9FF5FF02A1E4614460D46DDF8389062
:10B2B000804601D3122000E00F20B8F1000F824633
:10B2C0007ED00F9800287BD01098002878D0119855
:10B2D000002875D0A02D73D3E02C71D3A6426FD275
:10B2E000A11B49456CDB0021032730E072184FF6A3
:10B2F000FF7E68000190A4F11A0000900020A2F1E6
:10B30000220B21E0BBF1080F734610D2B5FBF7F317
:10B31000834202D94FF4784311E0019BB3FBF7F36A
:10B32000834202D94FF4FC6309E01F2307E0602A3F
:10B3300003D0DDF800C0624501D14CF2186301FB77
:10B34000050C401C28F81C30A842DBD3491C494599
:10B35000CCD30F982DA1F5F795FA20B90F982DA110
:10B36000F5F790FA08B14FF430404B462BA18346D5
:10B37000002002270A22CDE90021CDE902703246E1
:10B380002946404605F0C0FB0F993322CDE9027BE8
:10B390004B464046CDE900213246294605F0B4FB34
:10B3A000109842F2041149224B46CDE90271CDE9D1
:10B3B000002032462946404605F0A6FBBB4600E089
:10B3C00022E000271749324607FB0AF051F82730E0
:10B3D0000021039167308DE809084B462946404615
:10B3E00005F092FB7F1C062FECD3012244F20821CA
:10B3F0000391113C11984B4600942946CDE9010276
:10B400003246404605F080FBBDE8FF9F4641494C6F
:10B41000000000004552524F52000000534F465466
:10B4200033440000A8320108FDF706F94FF47A749E
:10B43000FEF7A0FB204604F0E3F8F9E74FF0E02028
:10B4400010B5006907F048FC012803D0BDE81040A2
:10B4500007F006B810BD000030B59DB04C2168461D
:10B46000F5F750FB202113A8F5F74CFB0220FAF763
:10B4700027F91F48016821F4404101600168002458
:10B4800001F440411B9101688904FCD50220099018
:10B49000282521220092C3030193012106910A90DD
:10B4A0000C23CDE90B050FAD042285E81900129499
:10B4B0006846CDE90D12FBF759FB08B172B6FEE7FD
:10B4C00040201A9008230501CDE9163013ABCDE9D1
:10B4D00018053F21032283E8160013A81146FBF745
:10B4E00007F9002801D072B6FEE71DB030BD00009C
:10B4F000184802582748F0B5274A016841F47001FE
:10B500000160106800F00F00072804D2106820F0D6
:10B510000F00C01D106021490020204C10340B6822
:10B520001F4D43F001030B6020600B682B400B6044
:10B53000136803F00F03072B04D9136823F00F03DC
:10B54000DB1D1360154C174A1834174B261D371D89
:10B550002060124C154D28343060261D3860371D90
:10B5600023603B1D35601C1D3A60251D2E1D186093
:10B57000331D22602860326018600A6843F2D204EA
:10B58000064B0B4D22F4802260330A6018602C6059
:10B59000F0BD000088ED00E0002000520044025899
:10B5A0007FEDF6EA80020101000202020000FF01C5
:10B5B000004000520148FCF77CBC00005C5E0024A7
:10B5C0002DE9F0472A4B4FF0804A2A4D02689842F5
:10B5D000294E2A4F2A4C09D0504507D0A84205D001
:10B5E000B04203D0B84201D0A04205D1D1F804C086
:10B5F00022F070024CEA0202DFF888C0DFF888808F
:10B600009842DFF8889015D0504513D0A84211D049
:10B61000B0420FD0B8420DD0A0420BD0604509D047
:10B62000404507D0484505D0194DA84202D0194DD4
:10B63000A84203D1CD6822F440722A434D6922F01A
:10B6400080022A43026098428A68C2620A68826263
:10B6500007D0A04205D0604503D0404501D0484501
:10B6600001D10969016301214161BDE8F087000052
:10B67000000001400004004000080040000C0040B1
:10B6800000040140004001400044014000480140E6
:10B6900000E0004000E400402DE9F0410C46D0F805
:10B6A000D412D0F8C83200EB8101D1F8C01229B30E
:10B6B00004F00F02002702EB820500EB8506B56956
:10B6C0004DB102EBC20203EB8202526CB5FBF2F306
:10B6D00002FB1352A2B1C1F81472D0F8D42200EBCD
:10B6E0008200D0F8C40203692BB1D1F8080201F539
:10B6F0000471224698470020BDE8F0810320FBE753
:10B70000002321461A46B76100F0F0FDF3E770B55B
:10B710000546D0F8D40205EB8000D0F8C04294B1C1
:10B72000284600F0BCFCC4F80C02D5F8D40205EBA6
:10B730008000D0F8C412D4F80402CA6804F503717A
:10B740009047002070BD032070BD000070B5224DF1
:10B750000446297800F0E4FB2878002600F00F006A
:10B7600000EB800004EB800086842046697800F0BE
:10B77000D7FB687800F00F0000EB800004EB80003E
:10B78000A0F864612046A97800F0CAFBA87800F010
:10B790000F0000EB800004EB80008684C684D4F8A0
:10B7A000D40204EB8000D0F8C01299B1D0F8C402E2
:10B7B00040688047D4F8D40204EB8000D0F8C0027F
:10B7C00000F0BDFFD4F8D40204EB8000C0F8C062E2
:10B7D000C4F8BC62002070BD4847002410B5D0F802
:10B7E000D41200EB8100D0F8C04284B1D0F8C4126A
:10B7F00059B194F80002FF2807D08B68214694F8CD
:10B8000001229847FF2084F80002002010BD032089
:10B8100010BD00000A210180004870474C470024F9
:10B8200070B5822106460D4800F092FA01210546C6
:10B830000A4800F08DFA81210446084800F088FA91
:10B840000DB11021A9714FF0400104B1A18000B1E8
:10B85000818043203080014870BD0000584700249B
:10B8600070B5822106460D4800F072FA01210546A6
:10B870000A4800F06DFA81210446084800F068FA91
:10B880000DB11021A9714FF4007104B1A18000B174
:10B89000818043203080014870BD0000584700245B
:10B8A00070B5822106460D4800F052FA0121054686
:10B8B0000A4800F04DFA81210446084800F048FA91
:10B8C0000DB11021A9714FF0400104B1A18000B168
:10B8D000818043203080014870BD0000584700241B
:10B8E0002DE9F0474FF407750446284600F028FF7D
:10B8F00006004FF0000965D02946F5F703F9D4F8A2
:10B90000D40201273C4D4FF4007A4FF0100804EBAD
:10B910008000C0F8C062C4F8BC62207CF0B3297813
:10B9200040230222204600F02BFC2878402300F020
:10B930000F0000EB800004EB80008784022269780E
:10B94000204600F01DFC697808230322204601F000
:10B950000F0101EB810104EB8101A1F86471A97869
:10B9600001F00F0101EB810104EB8101A1F82680B8
:10B97000A97800F005FCA978C84601F00F0101EB99
:10B98000810104EB81018F84C6F80492D4F8D402BB
:10B9900004EB8000D0F8C402006800E01AE006F56D
:10B9A00001768047C6F81080C6F8148032687AB1F4
:10B9B000207CF8B140236978204600F0EDFB0020A0
:10B9C000BDE8F087D4F8D41204EB8101C1F8C0922D
:10B9D0000220F5E7297802225346204600F0D0FBEA
:10B9E0002878534600F00F0000EB800004EB800045
:10B9F0008784A3E75346DEE74847002410B5D0F814
:10BA0000D41200EB8101D1F8C01259B1027C084C6C
:10BA1000002AD1F8042207D04023617800F0BCFB53
:10BA2000002010BD032010BD4FF40073F5E70000A7
:10BA30004847002439B1D0F8D42200EB8200C0F886
:10BA4000C4120020704703207047D0F8D42200EBC6
:10BA50008200D0F8C00218B1C0F80412002070476C
:10BA600003207047D0F8D43200EB8300D0F8C00236
:10BA700028B1C0F81022C0F8081200207047032037
:10BA800070472DE9FC410646D0F8D4020C4600214F
:10BA900006EB80000D46D0F8C0728DF80010ADF8AE
:10BAA000041037B1217811F060022CD0202A48D13F
:10BAB00002E00320BDE8FC81E288E2B109060BD573
:10BAC000D0F8C4023946836860789847E288072A2C
:10BAD00000D9072239462CE0607887F80002E08818
:10BAE000402800D340203946C2B2304687F80122B0
:10BAF00000F07FF82AE0D0F8C402002221468368D3
:10BB00006078984722E0607830B101281ED00A287A
:10BB100009D00B2815D110E096F89C02032810D10B
:10BB2000022201A905E096F89C02032809D101220E
:10BB30006946304600F077F808E096F89C02032842
:10BB400004D02146304600F049F803252846B1E7E5
:10BB500010B5D0F8D41200EB81020121D2F8C02236
:10BB60001AB1D2F8143213B116E0032010BD0B49FC
:10BB70000123C2F81432D2F81032097801F00F0410
:10BB800004EB840400EB8404A361D2F81032D2F8F1
:10BB9000082200F0ABFB0021084610BD48470024F6
:10BBA00010B5D0F8B82200245268904700B10324A1
:10BBB000204610BD002070470020704713460A46FB
:10BBC000002110B500F0E8FA002010BD13460A4627
:10BBD000002110B500F08AFB002010BD10B58021B7
:10BBE000044600F064FB2046BDE81040002100F050
:10BBF0005EBB10B5C0F858210323C0F89432C0F8DA
:10BC00005C2113460A46002100F0C6FA002010BD50
:10BC100010B50521C0F8941200231A46194600F009
:10BC2000BBFA002010BD10B582610223C0F8943227
:10BC3000C26113460A46002100F058FB002010BDE7
:10BC400010B50421C0F8941200231A46194600F0DA
:10BC50004DFB002010BDF8B504460D460020ADF8A0
:10BC600000004888010A062947D006DC01290FD0C8
:10BC7000022912D0032962D11DE0072946D00F29DD
:10BC80005DD1D4F8B402C26920E0694690473BE038
:10BC9000D4F8B412207C0A68F7E7207C022600283A
:10BCA000D4F8B80205D0C16A684688470146467094
:10BCB00036E0816AF8E7C0B2062840D2DFE800F03B
:10BCC00003090D111519D4F8B4024268B2B3207CEF
:10BCD000DBE7D4F8B4028268F8E7D4F8B402C268AB
:10BCE000F4E7D4F8B4020269F0E7D4F8B402426988
:10BCF000ECE7D4F8B4028269E8E7207CF0B9D4F824
:10BD0000B802416B68468847014609E0207CA8B923
:10BD1000D4F8B802016B684688470146072048708E
:10BD2000EA888AB1BDF8000040B1824200D90246DB
:10BD30002046ADF80020FFF776FFF8BDFFE7294663
:10BD40002046FFF74BFFF8E72046FFF779FFF4E7BF
:10BD500078B542880D460178002604468A4212D9F9
:10BD6000ADF800100AE0694600F00FF841780529A7
:10BD700004D181780646A94205D000266188BDF825
:10BD800000209142EFD8304678BD0A8803781A44E3
:10BD90000A8001780844704770B500284FF000050C
:10BDA0001ED004462E4602E0761C641CF6B22378B0
:10BDB000002BF9D1022404EB4604148012786B1C8A
:10BDC00003264A550024AA1CCE5406E0551C8B5469
:10BDD000EAB2531C401C8C54DAB20378002BF5D124
:10BDE00070BD01004FF0000004D0012901D00229EC
:10BDF00001D00320704701207047000004A00A46CC
:10BE0000024910B5FFF7C8FF004810BD8461002447
:10BE100043444320436F6E66696700001220088028
:10BE2000004870475846002404A00A46024910B54D
:10BE3000FFF7B2FF004810BD846100244344432053
:10BE4000496E7465726661636500000004200880B5
:10BE5000004870475446002404A00A46024910B521
:10BE6000FFF79AFF004810BD8461002453544D69C8
:10BE700063726F656C656374726F6E6963730000E3
:10BE800004A00A46024910B5FFF786FF004810BD1E
:10BE90008461002453544D333220566972747561A5
:10BEA0006C20436F6D506F727400000010B51A2043
:10BEB00008800B480A490830021F096800681468A6
:10BEC000081809D007490822FCF718F90549042287
:10BED00020461031FCF712F90248801E10BD000008
:10BEE00000E8F11F7A46002478B10023C0F8B83288
:10BEF000C0F8C432C0F8D03209B1C0F8B412012180
:10BF0000027080F89C1200F0CFB80320704710B583
:10BF1000D0F8C802F8F70AFFBDE81040FFF761BF8C
:10BF200010B5D0F8C802F8F7DBFEBDE81040FFF707
:10BF300058BF2DE9F041174604464FF0000521B1E6
:10BF400094F89C02032842D04CE0D4F8941204F1F7
:10BF50001400022935D1D0E902639E4206D9F21AB3
:10BF6000394682602046FFF731FE0FE0B34214D11C
:10BF70004068984211D3D4F8981288420DD200221A
:10BF800020461146FFF722FEC4F8985200231A46B5
:10BF90001946204600F000F913E094F89C020328AB
:10BFA00008D1D4F8B802C16821B1C4F8D452C1682C
:10BFB000204688478021204600F079F92046FFF787
:10BFC00027FE94F8A00268B184F8A0520AE0D4F8E1
:10BFD000B802426932B1C4F8D4524269204690474F
:10BFE000002800D10020BDE8F08170B5134604465A
:10BFF0004FF0000221B194F89C02032830D03AE0BF
:10C00000D4F8941204F5AA70032934D1D0E902516E
:10C010008D420AD96A1A82600846824200D30246DB
:10C0200019462046FFF7CAFD25E094F8AA0210F051
:10C030001F0003D0012802D0022800D0002294F86B
:10C040009C02032808D1D4F8B802016921B1C4F8D0
:10C05000D4220169204688472046FFF7F1FD0AE017
:10C06000D4F8B802836933B1C4F8D4228269204677
:10C070009047002800D1002070BD0020704710B507
:10C08000D0F8B812012280F89C22002429B103794B
:10C090004A68D9B2904700B10324204610BDD0F8B9
:10C0A000C802F8F771BE000070B50178012929D1E6
:10C0B000154902230022154C0925C1F80805C0F8CE
:10C0C000C8120846C1E90323C1E906320A624A627E
:10C0D000CA620A634A63C1E90045F9F7D3F908B1B6
:10C0E000F5F76BFA08484FF40071F8F7A8FD064819
:10C0F00080220021F8F7A7FD034801214FF4BA720E
:10C10000F8F7A1FD002070BDA475002400000440D4
:10C11000D0F8C82201F07F000B0600EBC00002EB54
:10C12000800002D590F83E00704790F87E0270477C
:10C1300010B5D0F8D42200EB8202D2F8B82222B196
:10C1400090F89C32032B02D004E0032010BD126A49
:10C1500002B19047002010BD10B5D0F8D42200EBFA
:10C160008202D2F8B82222B190F89C32032B02D07E
:10C1700004E0032010BD526A02B19047002010BDB8
:10C1800010B51C46D0F8C80213462246F8F705FE43
:10C19000BDE81040FFF725BE10B5D0F8C802F8F78B
:10C1A0002CFEBDE81040FFF71CBE2DE9F04104460F
:10C1B00001250020D4F8B812064684F89C52C4F831
:10C1C00094026060C4F8A40284F8A00231B14A6805
:10C1D00022B100212046904700B1032620460022CC
:10C1E00040231146FFF7CCFF4027A4F864510022FA
:10C1F0003B4680212046C4F86071FFF7C1FFA5844B
:10C2000030462762BDE8F08190F89C12042903D1E2
:10C2100090F89D1280F89C120020704710B590F89D
:10C220009C12032905D1D0F8B81211B1C96901B126
:10C230008847002010BD01740020704710B5D0F869
:10C24000C802F9F7E9F9BDE81040FFF7CABD70B5BB
:10C25000044600F2AA20054600F051F894F8AA021C
:10C260000123B4F8B01210F01F02C4F89432C4F8DD
:10C2700098120AD0012A0ED0022A12D000F08001B2
:10C280002046BDE8704000F012B829462046BDE8BF
:10C29000704000F0D1B829462046BDE8704000F05B
:10C2A00014BA29462046BDE8704000F05CB910B5CC
:10C2B000D0F8C802F8F7BBFDBDE81040FFF791BD0C
:10C2C00010B5D0F8C802F9F7C2F9BDE81040FFF781
:10C2D00088BD90F89C12042903D090F89C1280F835
:10C2E0009D12042180F89C120020704710B5D0F8F0
:10C2F000C802F8F7D6FDBDE81040FFF772BD70B573
:10C30000054608788C1C2870487868702046FDF730
:10C3100016FCA41C68802046FDF711FCA880A01C18
:10C32000FDF70DFCE88070BD38B504460020ADF87F
:10C330000000A1B1C4F8B812D4F8D40204EB800014
:10C34000D0F8B802C16A19B168468847C4F8D0026B
:10C35000D4F8D802401CC4F8D802002038BD03200D
:10C3600038BDD0F8B83202460020002B02D01B683E
:10C3700010461847704700002DE9F0412C4E044646
:10C38000887800258846C1B20129317006D9414616
:10C390002046FFF723FC0320BDE8F08194F89C02BF
:10C3A000022702280CD003281DD041462046FFF763
:10C3B00015FC31782046FFF7F3FB03252846EBE711
:10C3C00089B320466160FFF7CCFF050004D04146E9
:10C3D0002046FFF703FC1DE02046FFF731FC032059
:10C3E00084F89C02EAE7C1B1606888421BD0C1B200
:10C3F0002046FFF7D5FB317820466160FFF7B1FF9B
:10C40000050010D041462046FFF7E8FB2179204681
:10C41000FFF7C6FB84F89C72D0E7616084F89C72D9
:10C420002046FFF7BDFB2046FFF70AFCC6E70000E9
:10C4300044470024FFF744BF2DE9F0410A784FF04C
:10C44000000512F060020CD0202A01D0402A7DD1D4
:10C45000D0F8D42200EB8202D2F8B822926890473A
:10C4600031E04B78002201260A2B6FD2DFE803F07F
:10C4700041666E586E08056E2D29FFF7ECFB67E0EC
:10C4800004468888D8B9C888C8B94888802816D290
:10C4900094F89C2200F07F07032A10D039462046EA
:10C4A00084F89E72FFF7CAFE2046FFF7C9FB1FB152
:10C4B000022084F89C024BE084F89C6248E020460D
:10C4C00044E0FFF759FF054642E0CB88012B3DD100
:10C4D00090F89C32012B04D0022B02D0032B35D1D3
:10C4E00004E000F108018260012216E00122011D32
:10C4F00013E090F89C22012A03D0022A01D0032ADB
:10C5000024D1CA88022A21D1D0F8A412C66009B168
:10C510000321C160022200F10C01FFF784FB17E048
:10C520004A88012A02D0022A03D00FE0C0F8A46290
:10C5300016E08988090A80F8A01211E090F89C3270
:10C54000012B08D0022B06D0032B04D0FFF746FBAB
:10C550002846BDE8F08149880129F9D1C0F8A42214
:10C56000FFF76EFBF4E72DE9F0410A780E460979F2
:10C57000054612F060004FF00008CCB20BD0202826
:10C5800001D040286AD121462846FFF713FBFF2837
:10C5900000D0D8B396E07078C8B3012824D003281F
:10C5A0005CD195F89C02022802D0032856D10CE0F9
:10C5B000002C53D0802C51D021462846FFF777FE1F
:10C5C00080212846FFF773FE7CE0708840B93CB1BB
:10C5D000802C05D0F08818B921462846FFF767FE61
:10C5E0002846FFF72DFB6DE095F89C020228DFD06E
:10C5F000032863D1708880BB600603D0214628469B
:10C60000FFF785FC2846FFF71BFBBCE700E00AE0CC
:10C61000C5F8D402D5F8B8028268F2B1314628468E
:10C62000904780464EE095F89C020027022802D0F1
:10C63000032843D113E00CB1802C3FD1200604F035
:10C640007F0000EB800005EB800101D5143101E093
:10C6500001F5AA7102220F602CE033E02EE02006E3
:10C6600004F00F0000EB800005EB800009D5808C02
:10C6700020B304F07F0000EB800005EB8006143649
:10C680000AE0B0F86401C8B104F07F0000EB80005C
:10C6900005EB800606F5AA764CB1802C07D0214622
:10C6A0002846FFF735FD10B10120306000E037600B
:10C6B000022231462846FFF7B6FA03E03146284603
:10C6C000FFF78CFA4046BDE8F08170B50546087862
:10C6D0000E464FF0000410F0600003D0202801D077
:10C6E000402827D195F89C02012803D0022801D0C8
:10C6F00003281FD1B088C1B201291AD8C1B2284677
:10C70000FFF75AFAFF280CD058B9D5F8B8128A6842
:10C710003AB1C5F8D40228468A68314690470446A3
:10C7200000E00324F088204307D12846FFF788FA69
:10C7300003E031462846FFF751FA204670BD7047A6
:10C74000004870478473002470B54D7801230A783F
:10C75000012D1C4C02F00F0503FA05F3D0F81C580C
:10C7600017D000EB421245EA0343C0F81C38D2F858
:10C77000000B00040BD40B890979D2F8000BC3F32A
:10C780000A03184344EA81410843C2F8000B002021
:10C7900070BD9EB23543C0F81C5800EB4213D3F86D
:10C7A00000090004F3D40D890979D3F80009C5F311
:10C7B0000A058904284341EA825108432043C3F80B
:10C7C0000009E4E700800010D0F800196FF30A01B7
:10C7D000C0F80019D0F8041841F48071C0F80418AA
:10C7E0000020704770B504461D4606990A9E0D98B4
:10C7F00001291DD0E06840F04000E060204600F0D4
:10C8000035F8A16B5EB321F48031A163012D0ED107
:10C81000E16D144A89B2E165E16D1143E165A168FA
:10C8200041F00601A160A16841F02001A16070BD46
:10C83000A26B01280C4922F48030A063E06800EA72
:10C840000100E060E06820F44010E06003D1E0689F
:10C8500040F48010E060204600F008F8D6E741F48C
:10C860008031D2E70000EE03BFFFBDFF08B50E49DF
:10C8700000220092009B5B1C00938B420CD8036942
:10C88000002BF7DA0092026942F001020261009A7D
:10C89000521C00928A4201D9032008BD0269D207C6
:10C8A000F5D1002008BD0000400D030070B50A78E6
:10C8B00001234C78012C00EB42122CD0D2F8004B13
:10C8C000002C0BDAD2F8004B44F00064C2F8004BA5
:10C8D000D2F8004B44F08044C2F8004B0C78D0F8FA
:10C8E0003C5804F00F0403FA04F425EA0444C0F8A9
:10C8F0003C480978D0F81C4801F00F018B401C49D6
:10C9000024EA0343C0F81C38D2F8000B0840C2F8F0
:10C91000000B002070BDD2F80049002C0BDAD2F8D1
:10C92000004944F00064C2F80049D2F8004944F0DC
:10C930008044C2F800490D78D0F83C4805F00F0556
:10C940000C4E03FA05F5ADB2AC43C0F83C48D0F844
:10C950001C48097801F00F018B4099B28C43C0F854
:10C960001C48D2F800093040C2F80009D1E70000A5
:10C970000078F3EF007833ECD0F8001E21F00301CB
:10C98000C0F8001ED0F8041821F00201C0F8041805
:10C9900000207047D0F8001E21F00301C0F8001EEF
:10C9A000D0F8041841F00201C0F8041800207047C4
:10C9B0002DE9F04F9A460E4600210446DDE90B3B77
:10C9C000109F0D46099A084604EB800CCCF8041120
:10C9D000401C0F28F8D32046A7B1806B40F4001C00
:10C9E000C4F838C088460846C4F8000E2046D4F87B
:10C9F0000018012BC4F800181AD0D0F8001841F024
:10CA000003011AE0D0F8040840F0020CC4F804C88E
:10CA1000A06B20F4001CC4F838C0206840F0400C23
:10CA2000C4F800C0206840F0800CC4F800C0D9E70A
:10CA3000D0F800180AB141F00101C0F80018102127
:10CA400000F08CFA00B10125204600F069FA00B12F
:10CA5000012540464FF000684FF67F334FF0904974
:10CA6000C4F81008C4F81408C4F81C08002114E025
:10CA700004EB4112D2F800C9BCF1000F06DA11B183
:10CA8000C2F8009904E0C4F8008901E0C2F8000986
:10CA9000C2F81009C2F80839491C8E42E8D80021B2
:10CAA00015E000BF04EB4112D2F800CBBCF1000F3F
:10CAB00006DA11B1C2F8009B04E0C4F8008B01E073
:10CAC000C2F8000BC2F8100BC2F8083B491C8E429A
:10CAD000E8D8D4F81038BAF1000F6FF0804223F490
:10CAE0008073C4F81038A061626103D1A06940F07E
:10CAF0001000A061A069BBF1000F094A40EA0200E2
:10CB0000A06103D0A06940F00800A061012F03D10B
:10CB1000A06904490843A0612846BDE8F08F0000E1
:10CB200000383C8004000040816821F001018160F0
:10CB30000020704710B5144C036CA34203D9D0F801
:10CB4000003B002B1EDB0023C0F8103B0129D0F86E
:10CB5000101B41F40021C0F8101BD0F8101B41F04D
:10CB60001801C0F8101BD0F8101B41F0C041C0F8EC
:10CB7000101B07D1C0F8142BD0F8001B41F0802106
:10CB8000C0F8001B002010BD0A30544F0B784A78C3
:10CB9000012A00EB43100BD0D0F8002B22F4001236
:10CBA000C0F8002B0979032914D0022912D017E00C
:10CBB000D0F8002922F40012C0F8002909790329CD
:10CBC00001D002290CD1D0F8001941F08051C0F8F1
:10CBD000001905E0D0F8001B41F08051C0F8001B9F
:10CBE000002070470A784B78D1B2012B00EB42103D
:10CBF00012D0D0F8002B002A06DB29B1D0F8001B98
:10CC000021F08041C0F8001BD0F8001B41F4001156
:10CC1000C0F8001B00207047D0F80029002A06DB6E
:10CC200029B1D0F8001921F08041C0F80019D0F8DE
:10CC3000001941F40011C0F80019EBE7F8B50B78C2
:10CC40006FF060464F788A4DDCB2012F00EB431342
:10CC50002BD0D3F8107B002C07EAC544C3F8104B47
:10CC6000D3F8104B04EA0504C3F8104B7ED00D69CD
:10CC7000002D7CD08C6825446D1EB5FBF4F5ADB25B
:10CC80006C430C6206EAC545D3F8104B2C43C3F83D
:10CC9000104BD3F8104B0D6AC5F3120554EA050486
:10CCA000C3F8104B012A6ED0C9E00F6937B3D3F82F
:10CCB00010796FF31207C3F81079D3F8107907EAE7
:10CCC0000507C3F810794CB30F698D68D3F810C904
:10CCD0002F447F1EB7FBF5F506EAC54545EA0C056E
:10CCE000C3F810590E69D3F81059C6F3120635432C
:10CCF000C3F810590D79012D1CD027E0D3F8106925
:10CD00002E40C3F81069D3F8105945F40025C3F834
:10CD10001059D3F810596FF3120515E00E698D689C
:10CD2000AE4200D90D61D0F8106946F40026C0F873
:10CD30001069D7E7D3F8105925F0C045C3F810594A
:10CD4000D3F8105945F00055C3F81059012A1BD0EB
:10CD500000EB4413D3F8004944F00444C3F80049FD
:10CD60000C79012C31D00A6972B301E042E055E040
:10CD70000B78D0F83418012203F00F039A401143C6
:10CD8000C0F8341871E056E0CA691AB100EB4413D8
:10CD9000C3F81429097901290ED1D0F80818C9055A
:10CDA00000EB4411D1F8002902D442F0005201E016
:10CDB00042F08052C1F8002900EB4410D0F800196D
:10CDC00041F00441C0F800194FE0D0F80848E405EC
:10CDD000D3F8004902D444F0005401E044F08054F8
:10CDE000C3F8004900920B8A0A78C9689BB200F028
:10CDF000E7F93AE00C690CB18C680C618C680C6244
:10CE0000C4F31205D0F8104B2C43C0F8104BD0F8E7
:10CE1000104B44F40024C0F8104B43E78D68D3F85E
:10CE2000104BC5F312052C43C3F8104BD3F8104B2D
:10CE300044F4002434E7CA680AB1C3F8142B097912
:10CE400001290CD1D0F80808C005D3F8000B02D492
:10CE500040F0005001E040F08050C3F8000BD3F8E0
:10CE6000000B40F00440C3F8000B0020F8BD0000A8
:10CE7000FFFF07E038B5002242F210740023009251
:10CE80000A784D78012D00EB421219D0D2F8005BE0
:10CE9000002D3CDAD2F8005B45F00065C2F8005B7B
:10CEA0000A7800EB4212D2F8005B45F08045C2F8E8
:10CEB000005B009A521C0092A24221D9012326E075
:10CEC000D2F80059002D22DAD2F8005945F0006559
:10CED000C2F800590A7800EB4212D2F8005945F026
:10CEE0008045C2F80059009A521C0092A242E5D82F
:10CEF0000A7800EB4212D2F80029002AF3DB06E0A0
:10CF00000A7800EB4212D2F8002B002AD1DB184637
:10CF100038BD816841F00101816000207047000048
:10CF200008B50D4900220092009B5B1C00938B42C8
:10CF30000AD80369002BF7DA009210230361009AE4
:10CF4000521C00928A4201D9032008BD0269D20610
:10CF5000F5D4002008BD0000400D030018B50E4AAE
:10CF600000230093009C641C009494420CD8046934
:10CF7000002CF7DA2024009344EA81110161009922
:10CF8000491C0091914201D9032018BD016989060D
:10CF9000F5D4002018BD0000400D0300D0F80808AB
:10CFA00010F0060004D0022803D0062801D00F207C
:10CFB000704702207047406900F001007047D0F8C8
:10CFC0001818D0F81C08084080B27047D0F818181C
:10CFD000D0F81C080840000C704710B5D0F8102895
:10CFE00001F00F0300EB4114D0F83418D4F808090D
:10CFF000D94001F0010142EAC111084010BD00EB27
:10D000004111D1F8081BD0F8140808407047416955
:10D010008069084070470346084630B5940802F01E
:10D020000301002203F5805303E01D68521C40F801
:10D03000045BA242F9D300290CD01C680023491ECE
:10D04000DD00090403F10103090C24FA05F200F8DC
:10D05000012BF4D130BD70B50446C06801294FF0F2
:10D06000000520F0C040E06001D079B120E0E06828
:10D0700040F00050E0600120F7F780F860696D1C17
:10D0800010F0010F10D1322DF5D30DE0E06840F023
:10D090008040E0600120F7F771F860696D1C10F0C6
:10D0A000010F01D0322DF5D3322D01D0002070BDFB
:10D0B000012070BDD0F800284FF4FE6303EA01138D
:10D0C00022F4FE62C0F80028D0F800181943C0F816
:10D0D0000018002070470000022A3ED1264A274B44
:10D0E0000A449A4201D20F2138E0254A254B0A44CE
:10D0F0009A4201D20E2131E0234A244B0A449A423B
:10D1000001D20D212AE0224A224B0A449A4201D23E
:10D110000C2123E0204B214A0B44934201D20B21E6
:10D120001CE01F4B1F4A0B44934201D20A2115E019
:10D130001D4B1E4A0B4493420FD31D4B1D4A0B44FB
:10D14000934201D2082109E01B4B1C4A1944914229
:10D1500001D2072102E0062100E00921C2684FF454
:10D16000705322F47052C26003EA8123C1681943EC
:10D17000C160002070470000405327FF00350C00BD
:10D18000401E1BFF40420F0000DC0BFF804F1200CF
:10D19000808CF9FE20D6130060B6E5FE60E3160031
:10D1A00000D3CEFE40771B00C05BB3FEC0912100D0
:10D1B00000CA91FE20753800E05459FEE09C410001
:10D1C00010B5029C74B900EB0232DB1C00209B08F6
:10D1D00002F5805204E000BF51F8044B1460401C7B
:10D1E0009842F9D3002010BDFEE74100080218BFA5
:10D1F00004200A0E18BF40F001004FF07F4232EACF
:10D20000010108BF40F00200012808BF0520704757
:10D21000090700284FEA116104DB00F1E02080F8E3
:10D220000014704700F00F0000F1E02080F8141D9A
:10D230007047000010B54FF00E402DED028BB0EEA0
:10D24000408A18EE104A00EB4400B0F1506F4AD803
:10D250004FF0FC40B0EB440F22D2B0EEC80ADFED35
:10D26000360A30EEC00ADFED350A60EE208A18EE8D
:10D27000900A04F075F801EE100A14F0004F1DBF7B
:10D28000DFED2F0A9FED2F0AB1EE411ADFED2E0AD6
:10D2900008BF9FED2E0ADFED2E1A21EE218A05E050
:10D2A000DFED2C0A68EE088AB0EE600A9FED2A1ABC
:10D2B000DFED2A1A30EE080A48EE811A9FED281A8F
:10D2C00008EEA11ADFED271A48EE811A9FED261A03
:10D2D00008EEA11A68EE281ABDEC028B01EE810A55
:10D2E00030EE200A10BD4FF0E440B0EB440F0CD9F3
:10D2F00018EE100AFFF779FF042808BF00F09AFF24
:10D30000B0EE480ABDEC028B10BD4FF07F40B0EB91
:10D31000440F07D2B0EE480ABDEC028BBDE81040C6
:10D3200000F072BF0120F3F71CFCBDEC028BBDE8DE
:10D33000104000F06FBF00000000803F0000003F81
:10D340000000C9BF22AAFDB90000C93F22AAFD39C9
:10D35000000000C00000000024FE1C3DC78AD83C2D
:10D360001E67383D1B93993DAFAA2A3E10EE100A66
:10D3700010B510EE901A4FF0684202EB40032DED0D
:10D38000028BB3F1654F3CBF02EB4102B2F1654F36
:10D390007CD200BFC0F3C753C1F3C7529A1A1B2AED
:10D3A00009DD10F0004F14BF9FED6E0A9FED6E0A6D
:10D3B000BDEC028B10BD12F11A0F1BDA11F0004FF9
:10D3C00009D010F0004F0CBF9FED680A9FED680A6E
:10D3D000BDEC028B10BD80EE208A18EE100AFFF71C
:10D3E00004FF042808BF00F025FFB0EE480ABDEC9A
:10D3F000028B10BD4200B2EB410F37D910F0004F45
:10D4000019BFDFED5C1A9FED5C1ADFED5C1A9FED32
:10D410005C1AB0EE602A0A46F1EE400A80F0004144
:10D42000B0EE420A10460A1A5200B2F1807F34D29E
:10D43000484010F0004FDFED532A9FED533A1DBFD7
:10D440009FED522A71EEE21A31EE431A9FED502AF7
:10D4500004BF71EEA21A31EE031AF0EE402A42EE3A
:10D46000602A40EE020A82EEA02A18E011F0004F76
:10D4700004BF9FED481AF0EE411AD4D010F0004FCF
:10D480001CBFDFED451A9FED451A00E026E004BF02
:10D49000DFED431A9FED431AC5E780EE202A22EE06
:10D4A000020ADFED410ADFED412ABDEC028B40EEBE
:10D4B000202ADFED3F0A40EE220ADFED3E2A40EE51
:10D4C000202ADFED3D0A40EE220A22EE000A00EE9D
:10D4D000201A31EE020A30EE210A10BD4FF07F42D1
:10D4E000B2EB400F28BFB2EB410F05D2BDEC028B6F
:10D4F000BDE8104000F08BBE40EA01035B0008BFAE
:10D5000041F0FF410BD0B2EB400F08BFB2EB410F2F
:10D5100008D120F0804000EE100A21F0804100EE9A
:10D52000901A37E7B2EB400F12BF5FEA410240F0BA
:10D53000FF4001F000413FF42DAF4A0092EA400362
:10D540003FF528AF002AACBF9FED1C1A9FED1C1AB7
:10D5500020EE010A60EE810A10EE100A10EE901A19
:10D5600018E70000DB0FC9BFDB0FC93FDB0F4940E5
:10D57000DB0F49C00000C9BF22AAFDB90000C93FA6
:10D5800022AAFD390060ED3EC30ACE37000000BF7D
:10D590000000003F00000000000049C022AA7DBA40
:10D5A0000000494022AA7D3A2DAD65BD8FB8D53D1A
:10D5B0000FB511BE61C84C3EA8AAAABE0000804F9C
:10D5C0000000802F10EE100AC0F3C7517F391729D1
:10D5D000A8BF7047DFED150A9FED151A002970EE00
:10D5E000200A0CDAB4EEE01AF1EE10FA1AD2002892
:10D5F000C8BF4FF07E50B8BF4FF0004012E00D4A58
:10D6000022FA01F2104208BF7047F4EEC10AF1EEAF
:10D6100010FA07DD002804DD4FF4000323FA01F1BE
:10D620000844904300EE100A70470000CAF24971A6
:10D6300000000000FFFF7F0010EE101A08B5434AFB
:10D640006846B2EB410F26D94FF0E640B0EB410FF0
:10D6500094BF00204FF0FF3000900098DFED3C0AAF
:10D66000002860DB10F0010F46D060EE000ADFED0D
:10D67000391A9FED391A10F0020F00EEE11ADFEDB2
:10D68000371A40EE811A21EEA01AF0EE400A40EE61
:10D69000010A2ED041E0324B21F0004293423FD9A3
:10D6A00011F0004FDFED2F0A20EE201ADFED2E0AD9
:10D6B00019BF31EE601A71EE200A31EE201A71EEB8
:10D6C000600ABDEEE01A11EE100A9FED281A00F074
:10D6D000030000EEC10A9FED261A009000EEC10A79
:10D6E0009FED241A00EEC10A9FED231A00EEC10A35
:10D6F000B3E7F1EE600A10E020EE000A9FED1F1A7A
:10D70000DFED1F1A10F0020F40EE011A9FED1D1AF7
:10D7100000EE211A40EE010AEBD1B0EE600A08BD1E
:10D7200000F090FD99E710EE100A4000B0F17F4F35
:10D73000F3D307D14FF00100F3F713FABDE8084027
:10D7400000F068BDBDE8084000F05EBDB61F927EE7
:10D750000000803F336D4C39DA82083CA0AA2ABE13
:10D76000490E494683F9223F0000004B0000C93FA3
:10D7700000A0FD390020A2331A61342CB93AB2BAA4
:10D78000CA9F2A3DDDFFFFBE10EE100AC0F3C7514D
:10D790007F391729A8BF7047DFED150A9FED151ACD
:10D7A000002970EE200A0DDAB4EEE01AF1EE10FA5C
:10D7B0001AD20028A8BF002016DAB0F1004F18BF17
:10D7C0000D4811E00D4ACA40104208BF7047B4EE40
:10D7D000E01AF1EE10FA07D2002804DA4FF4000341
:10D7E00023FA01F10844904300EE100A704700004C
:10D7F000CAF2497100000000000080BFFFFF7F00F7
:10D8000010B52DED028BB0EE608AF0EE408A18EE76
:10D81000101A18EE900A05F06DFC00F07040B0F19F
:10D82000005F0CD018EE100A20F00040C0F1FF405D
:10D83000C00F02BFB0EE480ABDEC028B10BDB0EEC7
:10D84000680ABDEC028B10BD10B52DED088B9FED65
:10D85000FE1A10EE100A10EE901AB0EE418A002265
:10D86000A0F5000C4FF00073DFEDF89ABCF1FE4F0D
:10D870004FF07F4403EB410C80F0A481BCF1804F5A
:10D88000C0F01882F24901449FEDF23A9FEDF2AAEE
:10D89000B1F5005F40F2CA8200F58021CB0C03F0A5
:10D8A0000F0100EE101AC3F307137F3BA0EBC35028
:10D8B000B8EEC02A01EE900A1A44DFEDE82AB0EE75
:10D8C000410A02EE220AF0EE403A31EEA30A31EEAE
:10D8D000E32A10EE100A00F500606FF30B0002EE71
:10D8E000900A73EEE23A73EEA13AC1EE001A22EE0C
:10D8F000210A10EE100A00F500606FF30B0000EE35
:10D90000100A00EE622A00EE632A62EE212A70EE0F
:10D91000221A21EEA12ADFEDD23A02EE233A23EEBB
:10D92000023A20EE012A22EE811A03EE211A32EE8B
:10D93000010A10EE100A00F500606FF30B0000EE14
:10D94000100A72EE401A31EE812A9FEDC61A60EE7F
:10D95000011A9FEDC51A20EE011A9FEDC40A02EECE
:10D96000001A31EE810A10EE100A00F500606FF324
:10D970000B0000EE100ABE4871EEC01A31EE812A8B
:10D98000784400EBC10090ED003AD0ED011A10018F
:10D9900001EE100AF8EEC12A32EE211A31EE001A19
:10D9A00031EE031A31EE221A11EE100A00F5006072
:10D9B0006FF30B0008EE900A38EEE21A31EE431ACC
:10D9C00031EE400A30EE610A72EE40AA10EE900A83
:10D9D000002100F500606FF30B0009EE100A084605
:10D9E00030EEC9BA4FF0000028EE890A00F00C01B1
:10D9F000F0EEC00A10EE900AB0F18B4F0FDD10EE82
:10DA0000900AB4EB400F0AD310EE100A4FF08B428D
:10DA1000B0EE699A62F31E0008EE900A13E068EE19
:10DA20008B0A39EE0B1A4AEE810A30EE201A11EEFB
:10DA3000100A00F500606FF30B0008EE900A30EE5C
:10DA4000680A30EE209A0C204FF0000038EE890A68
:10DA5000B4EEE90AF1EE10FA38BF9FED86AA3AEE6D
:10DA6000000ABDEEC00A10EE100A011100EE101AF5
:10DA7000F8EEC00A00EE100AB8EEC00A38EEC00A8E
:10DA800030EE090ADFED7C1A9FED7C1A00EE211AB8
:10DA9000DFED7B1A7B4900F00F0040EE011A21EE0A
:10DAA000800A794401EB800191ED001A76497944AE
:10DAB00001EB8001D1ED001A744901EE801A79441E
:10DAC00001EB8000724990ED000A31EE001AB0EED1
:10DAD000E00A10EE100A884215DA10EE100AB4EBD4
:10DAE000400F10D39FED6B0A30EE800ADFED6A0A1B
:10DAF00020EE200A68EE010ABDEC088BBCEEC00ADD
:10DB000020EE200A10BD10EE100A6449884233DA74
:10DB100010EE100AB4EB400F2ED3BDEEE00A68EE13
:10DB2000010A10EE100A00EBD0725110C90501F184
:10DB30007E5100EE101AA0EB6200C00560EE200AD4
:10DB400000F17E5000EE100A60EE808A18EE900A16
:10DB5000B4EB400F25D018EE900A400011D018EE1B
:10DB6000900AFFF742FB042808BF00F063FBB0EE09
:10DB7000680ABDEC088B10BDF4EEE90AF1EE10FA6C
:10DB80000FD20220F2F7EDFF00F054FB18EE100A5E
:10DB900010EE101ABDEC088B61F31E0000EE100AA7
:10DBA00010BD0220F2F7DDFF00F03CFB18EE100A7A
:10DBB00010EE101ABDEC088B61F31E0000EE100A87
:10DBC00010BD00BFBCF1804F74D300BF00F1FF4314
:10DBD000B3F1FE4F24D200BFB0EEC00A10EE100A1F
:10DBE000C1F3C7537F2B0DDB972BBFF64BAEC3F1B1
:10DBF00096034FF0010C0CFA03F3A3F1010C1CEA9D
:10DC0000010F08D00120F2F7ACFFBDEC088BBDE896
:10DC1000104000F0FFBA0B4218BF9FED218A31E699
:10DC200043001CBF4FF08073B3EB400F3CD96FF043
:10DC30001A02DFED1C1A20EE210A10EE100A10F075
:10DC4000004FC9D11EE635E00000803F0000000013
:10DC5000001080C0ABAAAA3E0000003F0000803D3B
:10DC60007EE24C3E00B03842D49AB8BB3BAA384260
:10DC7000FC730000000000BFFC596337C9FF753A10
:10DC80001872313D9A730000CE7300003E7300009D
:10DC90000000FC420000FE420000004B0000404338
:10DCA000000080BF0000004DA0F50003B3F1FE4F5F
:10DCB00021D2E7E503EB4103B3F1007F11D3F4EE8A
:10DCC000690AF1EE10FA05D1430018BFB4EB400F1A
:10DCD00076D87BE701F0004141F0FC5100EE901A4C
:10DCE00074E7B3F1807F06D210EE903AA3F50003FB
:10DCF00000EE903A6AE720F000426FF0FF4C604C73
:10DD000002EB0C03A34210D321F000439C44A44532
:10DD10000BD3B0F17E5F18BF5FEA410C50D0B2F177
:10DD2000FF4F98BFB3F1FF4F05D9BDEC088BBDE89D
:10DD3000104000F06CBAB0F1FF4F0FD0C1F3C752E2
:10DD40007F2A09DB972A11DAC2F19602012303FA2E
:10DD500002F2531E0B4205D0002208E011F0004FE2
:10DD600055D128E00A4218BF012200D1022210F545
:10DD7000000F13D028B3B0F1004F26D010F1814F1F
:10DD80004FD04FF0FE42B2EB400F94BF0120002075
:10DD9000012202EBE171884239D10CE011F0004F11
:10DDA00002D0012A38D032E0012A02BF9FED350AA5
:10DDB000BDEC088B10BD9FED340ABDEC088B10BD87
:10DDC0002FE011F0004F0CD121E0B1F1FF4F1ED038
:10DDD00011F5000F05D011F0004F15D00AB1012A3E
:10DDE00008D00220F2F7BDFEBDEC088BBDE8104064
:10DDF00000F0FEB90220F2F7B4FE00F0F9F9BDEC34
:10DE0000088BB1EE400A10BD0AB1012A04D0B0EE71
:10DE1000690ABDEC088B10BDBDEC088B9FED1B0A99
:10DE200010BDBDEC088BB0EE410A10BD30EE410ACA
:10DE30009FED171A9FED182A00EE413AB0EE4A1AEC
:10DE400060EE001A00EE431A61EEC11A9FED111A3E
:10DE500020EE011A20EE020A9FED102A01EE820A3E
:10DE600071EE001A11EE900A00F500606FF30B00DE
:10DE700008EE900A31EE681A71EE00AAA6E50000DD
:10DE8000FFFF3F00000080FF0000807F0000008057
:10DE90000000803E00B0B841D49A38BB3BAAB841DC
:10DEA00000B510EE101A2DED028B81B0524A684673
:10DEB000B2EB410F2ED94FF0E640B0EB410F94BFCB
:10DEC00000204FF0FF3000900098B0EE408A00280C
:10DED0006ADB10F0010F4BD068EE080A9FED471A7D
:10DEE0009FED470A00EE810A9FED461A00EE801A68
:10DEF0009FED450A10F0020F00EE810A02BF01B04B
:10DF0000BDEC028B00BD00BF01B0B1EE400ABDEC1C
:10DF1000028B00BD3D4B21F00042934241D911F0EC
:10DF2000004FDFED3B0A20EE201ADFED3A0A19BF61
:10DF300031EE601A71EE200A31EE201A71EE600A9D
:10DF4000BDEEE01A11EE100A9FED331A00F0030047
:10DF500000EEC10A9FED311A009000EEC10A9FED5C
:10DF6000301A00EEC10A9FED2F1A00EEC10AABE78E
:10DF700028EE080A9FED2C1ADFED2C0A10F0020F94
:10DF800040EE410A9FED2A1A00EE201A61EE000AC7
:10DF9000B0EE480A08EE200AB6D101B0BDEC028B03
:10DFA00000BD00F04FF98FE718EE100A4000B0F105
:10DFB0007F4F0DD218EE100AFFF717F9042808BF9B
:10DFC00000F038F9B0EE480A01B0BDEC028B00BD9C
:10DFD00009D10120F2F7C5FD01B0BDEC028B5DF85F
:10DFE00004EB00F017B901B0B0EE480ABDEC028BAB
:10DFF0005DF804EB00F008B9B61F927EB93AB2BAE8
:10E00000CA9F2A3DDDFFFFBE0000803F490E494602
:10E0100083F9223F0000004B0000C93F00A0FD39FA
:10E020000020A2331A61342C336D4C39DA82083C5B
:10E03000A0AA2ABE10B52DED028BB1EEC08A18EE53
:10E04000100A20F00040C0F1FF40C00F0AD010EECF
:10E05000100A20F00040C0F1FF40C00F04BF0120B3
:10E06000F2F77FFDB0EE480ABDEC028B10BD000058
:10E0700000B510EE101A2DED028B81B04D4A6846A6
:10E08000B2EB410F3CD94FF0E640B0EB410F94BFEB
:10E0900000204FF0FF3000900098B0EE408A00283A
:10E0A0005FDB28EE080ADFED440A9FED441A00EE1C
:10E0B000201ADFED430A40EE010A9FED421A00EEFE
:10E0C000201ADFED410A10F0010F40EE010A9FED2A
:10E0D0003F1A00EE201A61EE000AB0EE480A08EE80
:10E0E000200A02BF01B0BDEC028B00BD9FED381AC3
:10E0F00001B0C1EE000ABDEC028BB0EE600A00BDBB
:10E10000344B21F00042934228D911F0004FDFED4B
:10E11000320A20EE201ADFED310A19BF31EE601A03
:10E1200071EE200A31EE201A71EE600ABDEEE01A9F
:10E1300011EE100A9FED2A1A00F0030000EEC10A4A
:10E140009FED281A009000EEC10A9FED271A00EEFD
:10E15000C10A9FED261A00EEC10A9DE700F072F891
:10E160009AE718EE100A4000B0F17F4F0DD218EE7A
:10E17000100AFFF73AF8042808BF00F05BF8B0EE89
:10E18000480A01B0BDEC028B00BD09D10120F2F7B5
:10E19000E8FC01B0BDEC028B5DF804EB00F03AB88E
:10E1A00001B0B0EE480ABDEC028B5DF804EB00F064
:10E1B0002BB80000B61F927EBBE9223C0C6D063BDB
:10E1C0008A76CE3CACB5593D35A1083E29AAAA3E77
:10E1D000000080BF490E494683F9223F0000004BF2
:10E1E0000000C93F00A0FD390020A2331A61342C81
:10E1F000DFED030A9FED031A80EE810A70470000ED
:10E200000000803F0000000030EE000A704730EE52
:10E21000200A7047DFED020A80EEA00A7047000076
:10E22000000000009FED020A20EE000A7047000087
:10E23000000000709FED020A20EE000A7047000007
:10E24000000000102DE9F0014FF07F42B2EB410FCA
:10E250009FBF4FF0FF310160BDE8F00170474FF004
:10E26000004242EA0123C1F3C752783A551112F035
:10E270001F0C434CCCF120067C44C1F3C752A2F1E1
:10E2800078024FEA621204EB820254F8254008BF7C
:10E29000D2E9015612D0556804FA0CF425FA06F7B3
:10E2A0003C43976805FA0CF527FA06F8D26807FA96
:10E2B0000CFCF24045EA08054CEA0206A4FB034CBC
:10E2C000A5FB0352A6FB03631D449D4234BF0126F8
:10E2D00000261319334416B1934202D903E0934246
:10E2E00001D2012200E00022624402F1200C9206D9
:10E2F000DC0C42EA443200EE102A5B03DFED210A17
:10E30000F8EEC01A00EE103A4FEA9C1C11F0004FD4
:10E31000B8EE400AC0F800C020EE201A00EE105AF5
:10E32000DFED190AB8EE400A20EE200A71EE810AEC
:10E3300070EE800A10EE902A02F500626FF30B0275
:10E3400000EE902A70EEE11A31EEC11ADFED101ADC
:10E3500030EE411A9FED0D0A20EE800A01EE210AEF
:10E360009FED0C1A00EE810A04BFBDE8F001704772
:10E37000CCF180510160BDE8F001B1EE400A704778
:10E38000446C0000000000360000802C22AAFD2909
:10E39000DB0FC92F0000C92F30380A2801D2012015
:10E3A0007047002070470268D3438B4202D24FF07F
:10E3B000FF3100E01144016070470A68182A01D358
:10E3C00000207047531C0B6000EB021080EC040A25
:10E3D00001207047D0EC021A31EE403A90ED0B5A12
:10E3E000D0ED053A70EEC02AD0ED064A35EE421A5D
:10E3F00073EEE13A90ED0A4A34EEC20A22EE811A37
:10E4000074EE611A23EE232AD0ED100A03EE401AAF
:10E4100001EEE22A21EE200A62EE200A7047000097
:10E4200010EE100A10F1814F04D810EE100AB0F16E
:10E430007E5F02DD9FED090A704710EE100A084961
:10E44000884202D99FED070A704710EE100A06496C
:10E450008842F9DD9FED050A7047000000000000CA
:10E460003333B3BE3333B3BE3333B33E3333B33E50
:10E4700070B5044600202DED088BF0EE409AB0EE0A
:10E4800060AAC9FEE20A8AFE430AC1FEA00AF0EEB3
:10E4900041AA206082FE000A30EEE98A61EE010A9C
:10E4A00070EE4A8A28EE080A08EEA80AB4EEE00ADE
:10E4B000F1EE10FA2DD2B5EEC00A4FF00105F1EEE3
:10E4C00010FAB7EE009A27D0FFF7B4FDB0EE40BACD
:10E4D00028EE080A08EEA80AFFF7ACFDC9EE000A0C
:10E4E0003AEECB1A256084ED011A28EE200A68EE78
:10E4F000A00A20EE0B1A60EE8B1A39EE811A7AEE22
:10E50000211A84ED031AC4ED041A84ED070AC4ED40
:10E51000080ABDEC088B70BD31EEA21A72EE030A38
:10E52000B6EE000A72EEE12A21EE001A60EE800AD1
:10E5300073EE421A22EE804A39EEC12A7AEE602A40
:10E5400061EE803AB5EEC02AB0EE421AB0EE623A01
:10E55000F1EE10FA01D2B1EE422AF5EEC02AF1EE48
:10E5600010FA01D2F1EE622A34EE420A33EEE22AC8
:10E57000DFED1A1AFFEE000AB4EEC20AF1EE10FA4D
:10E580000AD2F4EEC11AF1EE10FA39FE201A69EE41
:10E59000010A21EE811A0BE0F4EEC31AB0EE420A32
:10E5A000F1EE10FA39FE201A61EE810A29EE011A05
:10E5B0007AEE801A2560C4ED011A60EE801A21EE11
:10E5C000000A79EEE11A3AEE400AC4ED031A84ED2E
:10E5D000040AC4ED070A84ED081A9AE70000000057
:10E5E00031EEC00A72EE600A20EE000A00EEA00AC8
:10E5F00071EE220A60EEA00AB4EEE00AF1EE10FA23
:10E6000001D2012070470020704700002DE9F74F2C
:10E6100082460E4600F582302DED028B92B00090BE
:10E6200000208346ECE000BF00EBC00101EB0011CD
:10E6300080F001030AEBC10006EB860200F57C497D
:10E6400003EBC30109EB82005A4601EB0311A0F171
:10E6500014080AEBC100414600F57C40CDE90603F1
:10E660000024504601F0B4F90027B0EE408ABDE026
:10E6700007EB87005A4609EB80055046294601F012
:10E68000A7F9B5EEC08AF0EE408AF1EE10FA04DD8B
:10E69000F5EEC08AF1EE10FA09D3B5EEC08AF1EEBC
:10E6A00010FA7CD2F5EEC08AF1EE10FA7BDD78EE3E
:10E6B000680A0A2C88EE200A7CD295ED001AD8ED63
:10E6C000000A14220DA831EE601A08A941EE000AD2
:10E6D000CDED080A95ED011AD8ED010A31EE601A68
:10E6E00041EE000ACDED090A95ED021AD8ED020AB5
:10E6F00031EE601A41EE000ACDED0A0A95ED031ADB
:10E70000D8ED030A31EE601A41EE000ACDED0B0A96
:10E7100095ED041AD8ED040A31EE601A41EE000AB4
:10E72000CDED0C0AF2F792F914220DA901A8F2F727
:10E730008DF9BBF1050F43D2DFE80BF003070D1590
:10E740001F00009890EDB80A02E0009890EDB90A19
:10E750008DED030A1AE000989DED030AD0EDBA0A88
:10E7600020EE600A06E000989DED030AD0EDBA0A9B
:10E7700020EE200A8DED010A08E000989DED030AC5
:10E78000D0EDBB0A20EE600A8DED020A069904EB7B
:10E790008400142201EB8000641C01A901E002E066
:10E7A00008E0F2F753F9F5EEC08AF1EE10FA19DB42
:10E7B0000A2C0DD3002012B0BDEC028BBDE8FE8FF9
:10E7C00000989DED030AD0EDBB0A20EE200ADBE79E
:10E7D000069804EB8401142200EB81002946641C96
:10E7E000F2F734F97F1CA846B0EE688AB742FFF40E
:10E7F0003FAF07980BF1010BBBF1060F264602D283
:10E80000002E7FF411AF169908603046D3E7000060
:10E81000F0B5044617467C300D462DED068BF0EE24
:10E82000409AB0EE60AAF0EE41AA83B00646F3F734
:10E830000DFCF0EE418AB0EE408A3AEEC11AB0EE1D
:10E84000609A39EEC00A7AEE600A28468DEC030A17
:10E8500000F072FE9FB194F8F80080B19FED271A86
:10E86000DFED270A03F06EFD48B1684600F064FE54
:10E8700010EE100AB0F17A5F01DC012100E0002106
:10E88000204B002005EB800204EB800792ED000A8C
:10E89000D7ED3A0A30EE600AB0EEC00A10EE102A48
:10E8A0009A4200DD0021401C0328EBD391B1D4F83B
:10E8B000BC00B0EE6A1A40F00200C4F8BC00F0EEF2
:10E8C0004A0AB0EE690A3046F3F7F0FB03B0BDEC3C
:10E8D000068BF0BD3046F3F7BDFB0B493046F3F72E
:10E8E000CBFBB0EE681AF0EE490AB0EE480A3046AB
:10E8F000F3F7BEFB9DEC030AE8E7000092CB873FED
:10E90000D3DE703F0AD7A33C804C010870B50D469A
:10E91000044624212846F2F7F5F8D4F8300128609F
:10E92000D4F83021002A2AD00023F4E94001F1F77D
:10E93000C5FD68600023606BE860D4E90201226BCA
:10E94000F1F7BCFD28610023D4E90401226BF1F743
:10E95000B5FD68610023D4E90601226BF1F7AEFD35
:10E96000A8610023D4E90801226BF1F7A7FD283440
:10E97000E861002394E80700F1F7A0FD286270BD6C
:10E980000349044A0968B1FBF2F1B0FBF1F07047AA
:10E99000BC46002440420F0064220349B0FBF2F061
:10E9A000884200D9084670479F86010091ED002AF1
:10E9B000D0ED001A90ED011AD1ED012A32EE612A54
:10E9C00070EEC10A70EE611A32EEC11A22EE200A10
:10E9D00001EE610A70470000B4EE400AF1EE10FA51
:10E9E0000BD110EE100A0649884206D210EE100A2A
:10E9F0000449884201DA0120704700207047000076
:10EA0000002474C900247449B4EE400AF1EE10FAEF
:10EA10000BD110EE100AB0F1FF4F06DA10EE100A1B
:10EA200010F5000F01D2012070470020704710B58B
:10EA300000242DED088BB6EE00AAB0EE41BA20EE10
:10EA40000A8AF0EE609AB0EE480AFFF729FAF0EE73
:10EA5000408AB0EE480AFEF7EFFD29EE8A8AB0EE52
:10EA6000409AB0EE480AFFF71BFAF0EE409AB0EE7B
:10EA7000480AFEF7E1FDF0EE40AA2BEE0A0AB0EEDE
:10EA8000408AFFF70DFAB0EE40AAB0EE480AFEF752
:10EA9000D3FDB0EE408AF0EE493A03EE104A02EEA2
:10EAA000904AB0EE682AF0EE6A1A01EE104AF0EED3
:10EAB000690A00EE104A00F0F7FCF0EE613AB0EEA1
:10EAC000413AF0EE481AB0EE4A1ABDEC088BB0EEAF
:10EAD000402B00EE904A00EE104ABDE8104000F0D6
:10EAE000E3BC2DE9F34F93B00E4624216846F2F7BC
:10EAF00009F8012430462321F1F7E2FF0021EA461C
:10EB000001208DF824100DF124098DF800000DF17D
:10EB1000480B09EB040000273D4610F8018C2946FC
:10EB2000404600F0EAFCFF2805D01AF8000010B9B2
:10EB30000BF807507F1C6D1C042DF0D35FB31398A6
:10EB400080EA403080EA504080EA40101390B0FBE9
:10EB5000F7F107FB110140461BF80150294600F070
:10EB6000CCFC012116F80820AB1C01FA05F52A435C
:10EB700003F0030306F80820325C01FA03F31A439A
:10EB800032540AF8001009F80400641C002CC0D1AB
:10EB900015B0BDE8F08F641EF8E70000A0F1610237
:10EBA000192A01D82038C0B2A0F13002092A07D8AA
:10EBB000174A00EB80001044084410F8F00C70472E
:10EBC000A0F14102192A0AD8114A00EB8000323222
:10EBD00010440844A0F5805090F8BB0E70472E28D2
:10EBE00006D02D2808D03A2808D02F280CD007E0CE
:10EBF000022905D16020704708207047022901D002
:10EC000000207047242070470148401F405C704737
:10EC1000F131010838B50123044600216A4600F0AD
:10EC200058F800280ED00CB11E2000E00F209DF8EF
:10EC30000010884207D00CB1022000E003200349F5
:10EC40000870002038BD012038BD000010460024A7
:10EC50002DE9F8431C4615460F468046089E00F0F5
:10EC60008FF8002814D0304600F018F801236A46C7
:10EC70003946404600F02DF8002809D09DF80000E4
:10EC800025402040A84205D00349052008700020F7
:10EC9000BDE8F8830120FBE71046002410B50446C8
:10ECA00000F0DAFCA4FB000140F2E732801841F1E9
:10ECB0000001521C0023F1F701FCBDE81040401C8C
:10ECC00000F09EBC0088B0F5004F01D3A0F5803065
:10ECD000704770B586B0164600221D46009201921C
:10ECE000029208B1022400E00124C4F10A02AA42FF
:10ECF00002D2002006B070BD41F080018DF80010F6
:10ED000029198BB2694603AA00F00AF80028F1D04D
:10ED100003A82A4601193046F1F711FE0120E9E760
:10ED20002DE9F84304001D4616460F4601D0012187
:10ED300000E00821DFF83C8000224046F5F73EFB6A
:10ED4000022000900C482B4632463946F8F707FE61
:10ED500005460CB1012100E0082140460122F5F7EB
:10ED60002DFB2DB10549042008700020BDE8F88373
:10ED70000120FBE7000802585C5D002410460024D7
:10ED80001CB501F07F0102238DF8001069468DF853
:10ED9000012001AAFFF7C4FF1CBD00002DE9F041CE
:10EDA00015460E46044608462DED028BB0EE408A0D
:10EDB00000F0C2FB9FED551ADFED550A03F0C2FAD1
:10EDC00038B1284600F0B8FB10EE100AB0F1814FC0
:10EDD00003DD204601F05AFD66E0D4F8F41029B3B3
:10EDE0004C4F00204FF07C5C06EB800204EB80036C
:10EDF00092ED000AD3ED370A30EE600AB0EEC00A99
:10EE000010EE102ABA42E4DC05EB8002D3ED310AA1
:10EE100092ED000A30EE600AB0EEC00A10EE102A41
:10EE20006245D6DC401C0328DED305E096E80D00E1
:10EE3000DC3484E80D00DC3C002094ED300A491CF1
:10EE4000C4F8F41030EE080A84ED300A05EB8002B5
:10EE500004EB8001D4ED3D0AD2ED001A91ED310AA8
:10EE6000B8EE601A401C71EEC00A0328C0EE811A89
:10EE700031EE800A81ED310AD2ED001A91ED341A9B
:10EE800031EEC00A00EE801A81ED341ADED3D4E9E7
:10EE90002F1041F00201C4F8BC10B0F1804F03DB29
:10EEA000D4F8F400642804D20020BDEC028BBDE845
:10EEB000F081194B0021401E00EE100A04EB810284
:10EEC000B8EE401AD2ED340A80EE810A10EE102A14
:10EED0009A4209DD204601F0D9FCD4F8BC0020F0AC
:10EEE0000200C4F8BC00DFE7491C0329E4D304F1A5
:10EEF000C40090EC030A4838F3F7BAF8D4F8BC0021
:10EF000040F00100C4F8BC000120CEE7B71E8D3FE1
:10EF10003D0A673F0AD7A33CEC51B83C10B5D0F886
:10EF2000BC10002280F8F82021F0060141F0100109
:10EF3000C0F8BC10CA0701D101F0A8FC002010BD28
:10EF40002DE9F74300201646884600F043F81E4F8F
:10EF50004FF48064002221463846F5F72FFA1B480B
:10EF6000322301226946F8F7D3FB0546012000F061
:10EF700031F8012221463846F5F720FA00240FE047
:10EF8000002000F027F811483223012208EB040189
:10EF9000F8F7BEFB0546012000F01CF8641CA4B283
:10EFA00055B1012000F016F809490220C87000F0A0
:10EFB0007BF80020BDE8FE83B442E1D3012000F0DD
:10EFC00009F80120F6E70000000C0258D45C002488
:10EFD000044600244FF4004102460148F5F7EEB91B
:10EFE0000010025810B531B100F0A8F8BDE810408B
:10EFF000401C00F005BBBDE81040F5F7BFB80000AD
:10F000002DE9F041244D0646287810B10120BDE8D5
:10F01000F0810020A8600120FFF7DCFF01221F48DB
:10F020009102F5F7CBF91E4F4FF400640022214600
:10F030003846F5F7C3F964203146FFF7D3FF0122C4
:10F0400021463846F5F7BAF964203146FFF7CAFF82
:10F050000120FBF769F864203146FFF7C3FF002267
:10F0600011201146FFF76CFF0028D0D078203146E0
:10F07000FFF7B8FF0B4E002406EB0410811C42780A
:10F080000078FFF75DFF0028C1D0641C0E2CF3D37D
:10F0900001202870BAE7000004460024000C025842
:10F0A00000040258E844010870B52320F5F729FA56
:10F0B0000B20F5F726FA1E48F7F7ECFF1C4C1D4D08
:10F0C000A06FB8B10168A9B1F3F7C4FEA06F0068E2
:10F0D0000068C0070ED01848016841F001010160C6
:10F0E000BFF34F8F036801220A2123F0010303605D
:10F0F000AA70E9702068016821F001010160012017
:10F10000FFF768FF00206870A8600B20F5F7ECF9A6
:10F110002320F5F7E9F9686810B1032000F060FBDF
:10F120000B20F5F7FFF9BDE870402320F5F7FAB999
:10F13000D45C00240446002480440258411C10B5CD
:10F1400014D0044600F088FAA4FB000140F2E73234
:10F15000801841F10001521C0023F1F7AFF9421C65
:10F1600071F1000101D36FF0010010BD4FF0FF30CD
:10F1700010BD00002DE9F047184C0D464FF40C71FE
:10F1800080460026914605FB01F7207848B160686B
:10F1900050B100F0D3FB6168884205D007213046AA
:10F1A00017E00121304614E0607810B106213046A6
:10F1B0000FE0B9F1000F0AD04DB1B7F5803F06D28C
:10F1C000B8F1F00F03D2C8F1F000A84204D2082130
:10F1D0003046E170BDE8F0870120FBE704460024DB
:10F1E0001CB512A2030A01441268491E8DF80430AE
:10F1F0008DF805000C0A8DF806402A2000920422A2
:10F200008DF807106946FFF79BFE68B104222B209A
:10F2100001A9FFF795FE38B100222C201146FFF717
:10F220008FFE08B101201CBD00201CBD0014012B65
:10F2300070B50C4605462DED068BB0EE40AAD1ED1B
:10F24000008A90ED009AF0EEE80AB0EEC90AFEF7E7
:10F25000D7FAB0EE408AB5EEC08AF1EE10FA1AD0B5
:10F26000C9EE089A88EE889A29EEA90A09EE090AD9
:10F27000FEF7E0FEF0EE400A8AEE200AB4EEC80A7D
:10F28000F1EE10FA07D260EE290A20EE090AC5ED68
:10F29000000A84ED000ABDEC068B70BD19480168B8
:10F2A000890312D4BFF34F8FBFF36F8F164A00212B
:10F2B0001160BFF34F8FBFF36F8F016841F40031CE
:10F2C0000160BFF34F8FBFF36F8FF5F78BF8FCF73B
:10F2D000C3F8F9F723F8F8F7CDFFF9F725F9F8F7B0
:10F2E0005FFFF9F757F9F9F7C7F808A20BA10FA0CC
:10F2F000FAF7D8FC00F0B4F9F8F7D2FF00F0C2F941
:10F30000FEE7000014ED00E050EF00E0454E4749F5
:10F310004E45204C41422056340000004C434420CE
:10F32000504F4C4C494E47204F4B000052544F53C6
:10F33000205354415254494E470000002DE9F041FA
:10F340008846534916460546402240462DED068B19
:10F35000F1F77CFB04203060DFED4E8A9FED4E8A92
:10F36000DFED4E9A9FED4E9A9FED4EAA01270520A4
:10F37000002400E007D2C4EBC4013944294411F849
:10F38000011CC90739D005282CD001EE107A01EEF6
:10F39000904A02EE100AF0EE480AF8EE611AF8EE12
:10F3A000413AB0EE4A0AF8EE412AB8EE423AB0EEDF
:10F3B000601AB0EE402A01EEA81A02EE892A43EE46
:10F3C000280A03EE890A3146404671EE291A32EEC8
:10F3D000291A70EEE90A30EE690AFEF7EEFF0028FE
:10F3E00052D00520641C052CC4D907F10107072F52
:10F3F000BDD301270720002404E00528F2D12046D0
:10F40000F0E70AD2791EC1EBC1012144695C89078A
:10F4100003D4072830D120462EE007282CD001EE57
:10F42000107A00EE904A01EE900AB8EE412AB8EE4A
:10F43000413AB0EE481AB0EE4A0AF8EE602AF8EE09
:10F44000611A02EE281AF0EE480AB0EE402A43EEA6
:10F45000280A02EE892A01EE890A71EE291A31463C
:10F46000404670EEE90A32EE291A30EE690AFEF7DC
:10F47000A4FF002808D00720641C072CC1D907F17D
:10F480000107052FB6D30120BDEC068BBDE8F08146
:10F49000D045010890C2753F9A9919C0EC51B83D0A
:10F4A000A10E6A3FCDCC4CC021EE824A61EEA24A49
:10F4B00061EE835A61EEA31A00EE234A40EE434AFE
:10F4C00040EE225A40EE421AB0EE415A00EE834A14
:10F4D00040EEA34A40EEC25A40EEE21A05EE624AFE
:10F4E00045EE024A45EE235A45EE431AB0EE440A71
:10F4F000F0EE640AB0EE651A70470722B0FBF2F333
:10F5000002FB1303B0FBF2F239B101290AD0022940
:10F510000DD07AB1C01FC0B270475B1C072B09D257
:10F52000401CF8E7521C052A04D2C01DF3E70BB1BA
:10F53000401EF0E7FF20704790ED000A90ED011AA1
:10F54000D0ED020A20EE000A01EE010A00EEA00A48
:10F55000704700002DE9F04106000D462DED028BAD
:10F560009FED268AF0EE488A1BD0002406EB840724
:10F5700097ED000AFFF748FA002813D097ED000A2C
:10F58000B0EEC00AB4EEC80AF1EE10FA01DDB0EE3A
:10F59000408A641C042CE9D3B5EEC08AF1EE10FA5F
:10F5A00004D10020BDEC028BBDE8F0815FF00002C9
:10F5B00006EB820105EB8200D1ED000A521C042A01
:10F5C00080EE880A80ED000A40EE008AF0D3B0EEAB
:10F5D000680AFEF72FFDB7EE001A0020C1EE000A00
:10F5E00005EB8001401C91ED000A042820EE200A62
:10F5F00081ED000AF4D30120D4E7000000000000F0
:10F6000010B5EFF3058111B16FF0050404E04FF080
:10F61000000408B102F0E0FC204610BD38B50546F4
:10F62000EFF3058010B16FF005040CE0002403F047
:10F6300061FB291A0090002903DD684602F0F2FC04
:10F6400001E06FF00304204638BDEFF3058008B1F8
:10F6500003F056BB03F04EBB4FF47A7070470000C6
:10F66000EFF3058010B16FF005007047044908689A
:10F6700010B14FF0FF30704701220A600020704740
:10F680001447002410B5EFF3058010B16FF00500AA
:10F6900010BD08480168012902D04FF0FF3010BDAD
:10F6A000054A002182F8141D0221016002F042FD8A
:10F6B000002010BD144700240BE000E0F8B56FF007
:10F6C00003021D466FF002064FF00004EFF30583BE
:10F6D000A3B1F0B1E9B1E5B9002200926A4603F0A6
:10F6E00021F9012817D10098B0B10C494FF0805092
:10F6F0000860BFF34F8FBFF36F8F0DE048B141B18A
:10F700002A4603F071F8012806D025B16FF00104F4
:10F7100002E0144600E034462046F8BD04ED00E067
:10F72000F8B514464FF00005EFF3058212BB08B39D
:10F7300001B3A4B1D4E9023263B1502A1AD32269C9
:10F74000C2B100FB01F66769B74213D3009502F01E
:10F75000BEFE07E072B9226962B9626952B900223D
:10F7600002F094FE050005D00CB1216800E00021F4
:10F7700002F0FCFB2846F8BDF8B56FF003021D4609
:10F780006FF002064FF00004EFF30583ABB100B356
:10F79000F9B1F5B90022009213466A4602F0C4FF9F
:10F7A000012818D10098B8B10C494FF0805008607A
:10F7B000BFF34F8FBFF36F8F0EE050B149B10023FD
:10F7C0002A4602F001FF012806D025B16FF001049E
:10F7D00002E0144600E034462046F8BD04ED00E0A7
:10F7E000F8B50446EFF3058010B16FF005041DE095
:10F7F000002C02DA6FF0030418E003F067FA00222D
:10F8000006466B46114603F06FF901284FF0FF35AD
:10F810000BD100980023032220EA0401044630465D
:10F82000009103F061F9012800D02C462046F8BD74
:10F830003EB5040001D0002903DA6FF00300019007
:10F840002BE04FF0FF300190EFF30580D0B10025A1
:10F85000029502A82B4601220090204603F0B4F93D
:10F860000022204601AB1146009503F0ADF9029845
:10F8700098B10B494FF080500860BFF34F8FBFF332
:10F880006F8F0AE000232046012203F02DF90022A9
:10F89000204601AB114603F027F901983EBD000058
:10F8A00004ED00E02DE9F84F894605464FEA0206CF
:10F8B000EFF3058010B16FF005041EE0002D02DAB1
:10F8C0006FF0030419E05FEA897002D54FF0000879
:10F8D00000E0A8469246002403F00CFAE71E834697
:10F8E000002053466A46414603F076FA012807D0C5
:10F8F00016B36FF001040028F2D12046BDE8F88F5E
:10F9000000982C405FEAC97144EA00040BD035EA44
:10F910000400F2D056B103F0EDF9A0EB0B00504516
:10F9200006D9002006E02542E7D1F3E73C46E4E7AC
:10F93000AAEB00008246D3E73C46DCE703F0C6B9F9
:10F940002DE9FF414FEA01034FF00005EFF3058178
:10F95000039561BB58B34FF080064FF018014FF08C
:10F9600000044AB3176807B13C4697691FB139468E
:10F970007F1E382F02D21779FF0703D0002004B072
:10F98000BDE8F081576907B1BE08D2F808C0BCF1E4
:10F99000000F0DD0D5685C2D18D312693AB137B17C
:10F9A0008DE806103246214603F073F803900DE00F
:10F9B000D7685FB912694AB903AACDE90012B2B299
:10F9C000214603F039F8012800D003950398D6E7C3
:10F9D000D1ED020A052A00F5823021D2DFE802F0DB
:10F9E00003080D12190090EDB80A30EEC00A7047F6
:10F9F00090EDB90A30EE600A704791ED000A90ED83
:10FA0000BA1A0AE091ED000A90EDBA1A10EE810AD6
:10FA1000704791ED010A90EDBB1A00EE810A704724
:10FA200091ED010A90EDBB1AF0E700002DE9F04FCF
:10FA300000F5803582464FF4007B98462DED068B0D
:10FA400085B01746B5F8FA06DDF8509058450AD348
:10FA5000D5F8C006401CC5F8C006002005B0BDECB6
:10FA6000068BBDE8F08F00EB4002C2EB401250461F
:10FA70000AEB8204224600F059F904F114023946D7
:10FA80001646504600F052F904F128024146174646
:10FA9000504600F04BF9D4ED0B0A94ED0A0A3146BA
:10FAA0002046FEF783FFB0EE409AB0EEC00A10EE9B
:10FAB000100A9B4988427DDBB5EEC09AF1EE10FA40
:10FAC00010D2142231466846F0F7C0FF142239469E
:10FAD0003046F0F7BBFF142269463846F0F7B6FF10
:10FAE000B1EE499A94ED000A94ED018A0120F0EEFE
:10FAF000408AF0EE489A00BF00EB800104EB8101E0
:10FB0000D1ED000AF4EEC00AF1EE10FA01D2B0EE27
:10FB1000600AF4EEE80AF1EE10FA01DDF0EE608A18
:10FB2000D1ED010AF4EEE90AF1EE10FA01D2F0EE9D
:10FB3000609AF4EEC80AF1EE10FA01DDB0EE608AC8
:10FB4000401C0328D8D3B6EE00AA30EE4A0AFDF7CF
:10FB500039FDBDEEC00A10EE108A38EECA0AFDF774
:10FB600013FEBDEEC00A10EE106A39EECA0AFDF7A8
:10FB700029FDBDEEC00A10EE107A38EE4A0AFDF7F4
:10FB800003FEBDEEC00AB8F1000F10EE100A01DA54
:10FB90004FF00008002F00DA0027B5F8F416B14244
:10FBA00000DC4E1EB5F8F616814200DC481EB0455A
:10FBB00003DC00E001E0874201DD01204EE7B7EE03
:10FBC000000AA4F86A80C0EE090AA4F86C60A4F8E0
:10FBD0006E70A4F870002046C4ED100A94ED0C1A63
:10FBE000D4ED070A94ED020AFEF7F4FB84ED140A43
:10FBF000C4ED150A99F8000000B39FED4A0A84EDA0
:10FC0000170A84ED160A84ED190A84ED180A00BF5C
:10FC1000D9F80400E063159884F8720099F80000A0
:10FC200084F87300B9F80200159900F0D3FFA4F826
:10FC3000680099F8000002281BD047E094ED0D1AE7
:10FC4000D4ED080A94ED030A2046FEF7C3FB84EDC9
:10FC5000160AC4ED170A94ED0E1AD4ED090A94EDB4
:10FC6000040A2046FEF7B6FB84ED180AC4ED190A13
:10FC7000CEE700269FED2C8A0327701CB11CB0FB39
:10FC8000F7F2B1FBF7F307FB120007FB131100EBD0
:10FC9000800001EB810104EB800004EB810190EC1A
:10FCA000021A91EC020A30EE410A70EEE10A20EEEF
:10FCB000000A00EEA00AFEF7BDF920EE080A04EBE8
:10FCC0008600761C032E80ED110AD6D3B5F8F60611
:10FCD00058451BD8B4F86E000121B4F87030B5F85F
:10FCE000FA2600091B0902F01F065409B1400BE077
:10FCF0000AEB801202EB840202F57042D2F8906D9A
:10FD00000E43C2F8906D401C9842F1D9B5F8FA063E
:10FD1000401C80B2A5F8FA06C5F8BC064DE7000005
:10FD2000ACC52737000000009A99593F10B591EDF6
:10FD3000021AF7EE001A00F5823381EE810A00F50F
:10FD40008030F6EE000A82ED020AD3EDBC1A91ED86
:10FD5000001AB0F8F44661EE211A01EE104A61EE85
:10FD6000801AB8EE411A41EE201AC2ED001AB0F81E
:10FD7000F60693EDBC2A01EE100AD1ED011AB8EE99
:10FD8000411A61EE821A61EE200A41EEC00AC2ED0C
:10FD9000010AD1ED030A60EE800AC2ED030AD1ED3B
:10FDA000040A20EE800A82ED040A10BD2DE9F0411C
:10FDB000134C0F460546E6682068001D01F0BEFFA3
:10FDC000681C07D137B12168BDE8F0410D48091D15
:10FDD00002F01EB820683544B5424560216805D25E
:10FDE000A06B091DBDE8F04101F0FABF606B091D71
:10FDF00001F0F6FFA06A854200D2A562BDE8F0815D
:10FE0000C4460024A07F00242DE9F041054602F0FD
:10FE10000BF82D4C2D4FA068401CA060206810B13D
:10FE2000606930B32BE02560A068012827D1002647
:10FE300006EB860007EB800001F0C4FF761C382E2D
:10FE4000F6D3234801F0BEFF2148143001F0BAFF79
:10FE50001F48283001F0B6FF1D483C3001F0B2FFCA
:10FE60001B48503001F0AEFF194860631430A063A6
:10FE700005E0E86A2168C96A814200D82560606AA5
:10FE8000401C60626864E86A2169884200D9206188
:10FE900000EB8000291D07EB800001F0B9FF01F0A5
:10FEA000E3FF606900280CD02068E96AC06A8842D4
:10FEB00007D208494FF080500860BFF34F8FBFF35F
:10FEC0006F8FBDE8F0810000C4460024F07A002462
:10FED000507F002404ED00E038B501F0A5FF104C80
:10FEE0002068C8B90F4801F06DFF0E48143001F0CA
:10FEF00069FF0C490020E16014312161A1F5827392
:10FF00000090A1F1B40210210A2002F0E0FA206072
:10FF100010B105A102F02AF8BDE8384001F0A4BFF5
:10FF200000470024A4800024546D7251000000009A
:10FF300030B4026C0B46002A0BD0D0E902411144C8
:10FF4000C160A14201D30168C160184630BCF0F71E
:10FF5000F6BC30BC70472DE9F041856B1746026C4A
:10FF60000446002682B1C7B1E068F0F7E8FCE1681A
:10FF7000206C2268091AE160914202D2A168081A35
:10FF8000E060022F16D017E02068A8B9A06802F040
:10FF900069FF06460020A0600EE06068F0F7CFFC25
:10FFA000D4E90101226C10446060884204D32068C7
:10FFB000606001E005B16D1E6D1CA5633046BDE8B3
:10FFC000F08110B5044690F8590058B101280CD0C2
:10FFD00002280FD0502080F31188BFF34F8FBFF35A
:10FFE0006F8FFEE7206B01F053FF2046BDE8104005
:10FFF00001F04EBF10BD000011484FF4004110B594
:020000040801F1
:10000000420706D00E49C01D20F00700411AC1F575
:1000100000410C4C002301440839A4F1180221F0DE
:100020000701C4E900030C1A11604B600B60C0E9C2
:10003000001494604FF000415460516110BD000005
:100040008487002430470024144E4FF08058144C0D
:10005000DFF85090A6F29C4712E000BF01F0E4FEEA
:10006000F068C568281D01F069FEA068401EA06008
:100070006068401E606001F0F7FE2846FFF7A1FFB0
:1000800060680028EAD138680128F9D9C9F80080E9
:10009000BFF34F8FBFF36F8FF2E700008C7F002418
:1000A000C446002404ED00E070B51D46049C51B127
:1000B000C4F80020C4E90F010121204602F03AFAF9
:1000C00084F84C5070BD2460F4E72DE9F05F884659
:1000D0009A4691001546DDE90B940A9EA5228346B7
:1000E000206BF0F7E5FC206B6FF0030101EB85015D
:1000F000084420F00707780707D0502080F31188C4
:10010000BFF34F8FBFF36F8FFEE7B8F1000F4FF0D3
:1001100000050ED00020221818F8001082F83410C4
:1001200018F8001011B1401C1028F4D384F8435083
:1001300001E084F83450382E00D33726E662201DC3
:10014000C4E9136501F049FE04F1180001F045FE11
:100150006565C6F13800A06184F8585052462461A4
:1001600059463846646200F07BFAB9F1000F20600E
:1001700001D0C9F80040BDE8F09F000030B511493A
:1001800000E011460A688242FBD34B685C18844247
:1001900003D14468084623444B6043681D189542C8
:1001A00009D1084C183C2468A24209D052681A446C
:1001B00042600A6812680260814200D0086030BD67
:1001C0000460F9E73047002470B50D4D914241605D
:1001D0004FF00004006106D88169D21A8A4206D223
:1001E000011D286907E09A4203D2994201D30124F4
:1001F00003E0011DE86801F0F3FD204670BD00003A
:100200000047002410B5044601F00EFEA06B28B193
:100210005FF0000401F028FE204610BD0124F9E73C
:1002200030B53C4D89B06BE00498002806DA059A99
:10023000DDE9060190470498002861DB069C6069AF
:1002400010B1201D01F07AFD03A800F0D5F8024698
:1002500004980A2854D2DFE800F00505052D304740
:1002600005052D3094F8280040F0010084F828009E
:10027000A06905990B4601442046FFF7A5FF50B33E
:10028000216A2046884794F82800400738D5002086
:10029000009005980023A16942181946204602F0F3
:1002A000E9FEC0B9502080F31188BFF34F8FBFF330
:1002B0006F8FFEE794F828001EE094F8280040F0C5
:1002C000010084F828000598A06128B18118134620
:1002D0002046FFF779FF13E0502080F31188BFF329
:1002E0004F8FBFF36F8FFEE794F82800810703D488
:1002F000204601F0CDFD03E020F0010084F8280045
:100300002868002204A902F06FFA00288CD109B0F5
:1003100030BD0000004700242DE9FC410F46054692
:1003200001F04CFF01A800F067F80446019818B1ED
:1003300002F00EFEBDE8FC81254EAFB130690068C9
:10034000D0B300273068291B3A4601F023FE02F0A3
:10035000FFFD0028EED11F494FF080500860BFF329
:100360004F8FBFF36F8FE5E7A542EBD802F0F0FDAA
:10037000F0682746C068C468201D01F0DFFC94F8CF
:100380002800410719D5A0692B463A464119204655
:10039000FFF71AFFA8B100202A4603460146009045
:1003A000204602F067FE60B9502080F31188BFF349
:1003B0004F8FBFF36F8FFEE707E020F0010084F856
:1003C0002800216A20468847B4E70127BAE70000E1
:1003D0000047002404ED00E00648416B096829B19C
:1003E000416BC968C9684968816270474FF0FF3145
:1003F000FAE70000C446002470B5054602F07AFC16
:10040000064E0446B068844203D200F009F8012089
:1004100000E0002028602046B46070BD0047002442
:10042000F8B5194D20E0C068C4680668201D01F0C9
:1004300085FC216A2046884794F82800400713D598
:10044000A0693044B04206D92461211D6060E8688B
:1004500001F0C6FC08E00020324603460146009049
:10046000204602F007FE38B1E86801680029DAD1B9
:100470002969C5E90310F8BD502080F31188BFF346
:100480004F8FBFF36F8FFEE700470024002101E08C
:10049000401C491C0278A52AFAD0C1F38F0070478E
:1004A00008484068401C4FF0500080F3118804D089
:1004B000BFF34F8FBFF36F8FFEE7BFF34F8FBFF3D5
:1004C0006F8FFEE738470024074CE068016841B1B0
:1004D000C0680021D0F80000FFF71EFFFFF7A0FE64
:1004E000F3E701210020F7E7004700242DE9F04160
:1004F000044601F099FC94F9455004F1240609E002
:10050000606A48B1304602F0EBFC08B101F0D8FD5A
:100510006D1E6DB2002DF3DC4FF0FF3684F84560A0
:1005200001F0A2FC01F080FC94F9445004F11007A2
:1005300009E0206948B1384602F0D2FC08B101F068
:10054000BFFD6D1E6DB2002DF3DC84F84460BDE884
:10055000F04101F089BC000010B5044601F064FCD4
:10056000044838222146F0F771FABDE8104001F046
:100570007BBC0000505A00242DE9F04100270446BE
:1005800001F01CFE354E306808B9FFF735FD706983
:10059000044216D1ACB1083460070ED004F0070055
:1005A000C0F108000444600707D0502080F3118890
:1005B000BFF34F8FBFF36F8FFEE714B170688442B3
:1005C00002D902F0C5FC39E02448183001460D6814
:1005D00001E028460D466968A14202D22968002937
:1005E000F7D131688D42ECD007682968016008377F
:1005F0006868011B10290ED92819420707D050201E
:1006000080F31188BFF34F8FBFF36F8FFEE7416018
:100610006C60FFF7B3FD69687068401A7060B2687B
:10062000904200D2B060002072691143C5E9000118
:10063000F068401CF06002F08BFC0FB901F0B2FBD7
:10064000780707D0502080F31188BFF34F8FBFF396
:100650006F8FFEE73846BDE8F081000018470024A0
:1006600070B5041F094E231F4FF0807521F0010162
:1006700025601C1F1960A0F120010B1F2660443863
:100680000A606FF002051D6070BD0000A104010842
:100690002DE9F05F91460C462DED0C8BB1F87060A2
:1006A00011464E457BD3B4F86E509D4277D24D45EE
:1006B00000D80D4694ED060A94ED0B1AD4ED010A0C
:1006C000761C30EE41DA71EE60CA30EEC0CA9E424E
:1006D00000D91E4600F5803AD1E000BFB4F86A00A8
:1006E000A5EB090101EE105A00EE100ABAF8F42643
:1006F000B8EE411AB8EE400AF6EE000A01FB020815
:1007000031EE20BA70EE20BA04F1280104F1140091
:100710008B46F0EE4B0AB0EE6B0A0746FEF746F941
:10072000F0EE408AF0EE4B0AB0EE6B0A21465846D6
:10073000FEF73CF9B0EE409AF0EE4B0AB0EE6B0AD1
:1007400039462046FEF732F9D4ED000AF0EE409A21
:1007500094ED010A3BEEE01A94ED028AD4ED143ACE
:10076000D4ED03AA94ED163A94ED04AA94ED182A58
:100770003BEE400A01EE238A41EE03AA01EE02AAF3
:10078000D4ED152AD4ED171AD4ED190A00EE228AF9
:1007900040EE21AA00EE20AAB4F86A706AE071E087
:1007A000F5EEC08AF1EE10FA4FDBB5EEC09AF1EE2D
:1007B00010FA4ADBF5EEC09AF1EE10FA45DB179815
:1007C00000EB880B9BED000AB4EEC80AF1EE10FABC
:1007D0003BD294F87300B4F8681010B1022813D01B
:1007E00029E0F7EE000AE06B80EE880A2AEE801A14
:1007F0006AEE000AB0EE410A00F03EF994F8721079
:1008000000F0E8F9014616E094ED110AB4EEE80AAA
:10081000F1EE10FA0FD294ED120AB4EEC90AF1EE1D
:1008200010FA08D294ED130AB4EEE90AF1EE10FAC8
:1008300001D2BAF8F8168BED008A169820F8181035
:10084000DAF8C406401CCAF8C40694ED141AD4EDB4
:10085000160A94ED180A78EE8D8A39EE2C9A79EE04
:100860008C9A31EE088A70EEAAAA30EE0AAA7F1C92
:1008700008F10108B4F86C00B84291D26D1CB54281
:10088000FFF42CAFBDEC0C8BBDE8F09F9FED090A87
:10089000002180ED300AC0F8F41000F18002C0F8A9
:1008A000C410C0F8C810C0F8CC101165516591652E
:1008B00070470000000000002DE9F0418AB00446B6
:1008C00009A8FAF717F80026804600273D4643E0BE
:1008D00008EB051094EC020A9FED251AD0EC041ADF
:1008E0006846FDF7C5FD0098A8B39FED220A9DED6F
:1008F000013A94ED002ADDED072A33EE003AD4EDFB
:10090000011A94ED021AD4ED030A02EEC32A01275C
:1009100084ED002ADDED012A9DED082A32EE800AE1
:1009200042EE401AC4ED011ADDED071A9DED082ACA
:1009300021EE210A00EE820AB5EEC00AF1EE10FAAD
:1009400009DD01EEC01A84ED021A9DED081A41EE90
:10095000400AC4ED030A6D1C09988542B8D3002FE4
:1009600002D0761C042EB0D30AB0BDE8F08100009E
:10097000EC51383EACC5273710B504462DED068B3B
:10098000B0EE409AB0EE608A29EE090A84B008EE13
:10099000080AFDF74FFBF0EE408A1834F5EEC08AE6
:1009A000F1EE10FA44D09FED240A88EE80AAB0EE52
:1009B0004A0AFDF775FAC0EE289AB0EE4A0AFCF72B
:1009C0003BFE94EC022A28EE291A69EE690AD4ED5E
:1009D000023A204622EE003A62EE801A014668464C
:1009E00001EE623A41EE021A00EEE33A8DED003A72
:1009F00094ED032A40EE821ACDED011AD4ED021ACD
:100A0000D4ED032A61EE801AB4EC012A41EE621A99
:100A100040EE821ACDED021AD4EC031A22EE800ABF
:100A200001EE020A00EEE10A8DED030AFEF792FDE7
:100A300004B0BDEC068B10BDEC51B83E10B50020E3
:100A400003EE900A2DED048BB0EE618AF1EE408A40
:100A5000B1EE609AF1EE419AFEF726FDF0EE483ACB
:100A6000B0EE693AF0EE492AB0EE682AFEF71CFDB6
:100A7000BDEC048B10BD0000B5EEC00A4FF07E52F5
:100A8000F1EE10FA9FED1F1AF7EE001A10B502D220
:100A9000B0EE410A05E010EE101A914201DDB0EE11
:100AA000610AF5EEC00AF1EE10FA02D2F0EE410A48
:100AB00005E010EE901A914201DDF0EE610A8388A4
:100AC000C48801EE103AF8EE411A01EE104A21EE08
:100AD000800AB8EE411ABCEEC00A61EE200A10EEA0
:100AE000102ABCEEE00A934210EE101A00D85A1EEB
:100AF0008C4200D8611E006801FB032130F8110010
:100B000010BD0000000000002DE9FF4F85B09246A7
:100B10008B46DDE91306EFF7F3FE06EB4601019085
:100B2000ABF110004900B0FBF1F00024009049E067
:100B30000099884204D9E01C884201D32E2001E0AC
:100B40001398005D00254FF0010903900398294692
:100B5000FEF724F85FF0000109FA01F2024229D001
:100B6000002325E0129A1A4401FB062252451ED3A7
:100B7000089F574497421AD904EB4407A2EB0A0294
:100B80000292002205EB470E0FE000BF02F1080CB5
:100B9000DDF814800EFB06C7DDF808C0521C0CFB04
:100BA0000B77DDF854C028F817C0B242EED35B1CB7
:100BB000B342D7D3491C0729CED36D1C052DC5D30D
:100BC0000098641C844202D201988442B0D309B0D8
:100BD000BDE8F08F10B5C40A00F01F03C0F3451242
:100BE0004C434A434B43FF20B4FBF0F1B2FBF0F21D
:100BF000B3FBF0F0C90241EA4211014388B210BDD3
:100C000070B504000D462DED028B79D004F58036C9
:100C100000202821A6F8F82686F8FC06A6F8FA0691
:100C200039482044EFF76EFF4FF690504FF40061C3
:100C30002044EFF767FF002D62D0B6F8F4060028D5
:100C40005ED0B6F8F60600285AD095ED000AFDF7FA
:100C5000C3FE002854D095ED010AFDF7BDFE002823
:100C60004ED095ED020AFDF7B7FE002848D027497F
:100C70002868884244DB2649884241DC95ED010A18
:100C8000244910EE100A88423ADBD5ED020AF4EE50
:100C9000C00AF1EE10FA33D91B4A10EE101A343A9A
:100CA000286822445C3210EE903AB6EE008A82E860
:100CB0000B0095ED000A20EE080AFDF7D9F904F5BE
:100CC000823484EDBB0AB6F8F606B6F8F41600EEE8
:100CD000900A01EE101A0120B8EE602AB8EE411A0F
:100CE000F8EE601A62EE080A20EE012A82EE211A5E
:100CF000C0EE801A84EDBA1AC4EDBC1A86F8FC0660
:100D0000BDEC028B70BD0000B4060100CDCCCC3D23
:100D1000000040406F12833A70B5040015460E463D
:100D200013D00A49EFF7EEFE012204F58034701E5D
:100D30001103884284F8FD2607D2002D05D08D428C
:100D400003D8A4F8F466A4F8F65670BD00070100B5
:100D50002DE9F04F8BB01F4605008B46DDF8508023
:100D600011D005F5803494F8FC0660B15FB15FEAFC
:100D7000080008D03AB1B4F8F616594503D90BEB80
:100D80000200884203D900200BB0BDE8F08F069026
:100D900000209FED4A0A08E0B4F8F83608EB80011D
:100DA00027F81030401C81ED000AB4F8F4165143C6
:100DB0008142F1D84248B4F8FA162844FDF7F3FA14
:100DC0003F4894F8FD16001F05EB000AF1B3B4F894
:100DD000F606B0F5007F56D806984FEA1B12B4F815
:100DE000FA16401E08921F314FEA10194809039065
:100DF000002644E0089800240AE000BF05EB8011BB
:100E000001EB860101F57041D1F8901D0C43401CA7
:100E10004845F3D930E021042046090C4FF0000189
:100E200001D1200C102110F0FF0F01D1000A083170
:100E3000020701D10009091D820701D18008891C20
:100E4000C00700D1491C601E044000E01BE001EB1C
:100E50004610099001215046FDF7A5FA09985A4617
:100E6000CDE90078069B00EB4001C1EB401005EB9B
:100E700080012846FFF70CFC002CCCD1761C03988F
:100E80008642B7D318E0B4F8FA165046FDF78BFA4D
:100E900000260DE006EB46005A46C0EB4610CDE9B1
:100EA000007805EB8001069B2846FFF7F1FB761CD6
:100EB000B4F8FA06B042EDD8012065E70000000062
:100EC000CC060100002805D001B1012100F58030D9
:100ED00080F8FD16704700002DE9F04714009A468F
:100EE000884606462DED068B69D094ED030AFDF782
:100EF00073FD0028F8D094ED040AFDF76DFD00287D
:100F0000F2D094ED050AFDF767FD0028ECD094EDD2
:100F1000060A534622464146304601F09DF9002814
:100F2000E2D006F5803706F5823597F8FE0638B12F
:100F30007B480C2204F10C013044EFF7B5FCE8B318
:100F400094ED030AFCF7ACFFF0EE408A94ED030A3F
:100F5000FCF772FBB0EE408A94ED040AFCF7A0FFA8
:100F6000F0EE40AA94ED040AFCF766FBB0EE40AA4E
:100F700094ED050AFCF794FFF0EE409A94ED050A13
:100F8000FCF75AFB664804F10C020121103830448A
:100F900092E80C101030B0EE409A80E80C10C5EDCD
:100FA000A78A85EDA88AC5EDA9AA85EDAAAAC5EDEF
:100FB000AB9A85EDAC9A87F8FE1601E002E06FE08F
:100FC000002799E056480121D5EDA78A443095EDD8
:100FD000A88AD5EDA9AA95EDAAAAD5EDAB9A95ED6B
:100FE000AC9A3044FDF7DFF9E7E700BF07EB870174
:100FF000D8F8002002EB810506EB810095ED000A90
:1010000000F56849FDF7E8FC002849D095ED010A94
:10101000FDF7E2FC00287DD095ED020AFDF7DCFC2F
:10102000F0B395ED030AFDF7D7FCC8B395ED040ABC
:10103000FDF7D2FCA0B395ED011A94ED060AD5EDAB
:10104000021AD5ED000A21EE001A21EE802A60EE88
:10105000801AD4ED022A61EE280A21EE081A21EE48
:101060008A0A42EE080A02EE681A00EEAA0A60EE48
:101070008A0A41EEEA0A60EE091A20EE290A41EED8
:10108000691A70EEA20A01EE090AC9ED020AD4ED4E
:10109000000A71EEA00AC9ED000AD4ED010A00E0D1
:1010A00038E030EE200A89ED010A95ED030A89ED5A
:1010B000030A95ED040A89ED040A99ED000AFDF78B
:1010C0008BFC38B399ED010AFDF786FC10B399ED5E
:1010D000020AFDF781FCE8B14946304601F017F9F4
:1010E000F11901F5803181F8900501210C4840305B
:1010F0003044FDF758F97F1CB8F80800B8423FF6B5
:1011000075AFBDEC068B524641463046BDE8F04710
:1011100000F04ABCBDEC068B0020BDE8F087000063
:10112000900601002DE9F0471C0091460E468046CE
:101130002DED0A8BB0EE409ADDF848A07ED094EDFC
:10114000000AFDF749FC0028F8D094ED010AFDF7EC
:1011500043FC0028F2D094ED020AFDF73DFC002884
:10116000ECD094ED030AFDF737FC0028E6D0B0EE92
:10117000490A53464A463146404601F06DF8002878
:101180005CD0D4ED002AD4ED010AD4ED021A22EE8F
:10119000A20A94ED032A7049B0EE401A00EEA01A9C
:1011A00001EEA11A02EE021A11EE100A884245DB86
:1011B000F0EE005A22EEA05A20EEA04A60EEA13ACC
:1011C00022EE203AC5EE810A62EEA14A62EE222AA0
:1011D00022EE212A61EEA11A002760EE20CA65EEF8
:1011E00020BA24EEA0CA24EE20BA63EEA0AA21EE13
:1011F000A0AA62EEA09A63EE208A22EE208A98E0EE
:1012000007EB8700326802EB800408EB800594ED61
:10121000000A05F56845FDF7DFFB00280ED094EDC8
:10122000010AFDF7D9FB002808D094ED020AFDF76A
:10123000D3FB002802D094ED030A00E040E0FDF764
:10124000CBFBE8B394ED040AFDF7C6FBC0B3F7EEA1
:10125000001A94ED001A71EECB5A71EEEC1A21EEE1
:10126000091AD4ED010A3BEE882A75EECA6A3CEEF3
:10127000685A60EE890A31EECA6A71EECB5A66EEA0
:10128000811A22EE012A7BEEC84A3AEEA94A25EEDF
:10129000011A94ED020A44EEA01A06EE202A20EE6E
:1012A000090A04EE201A7CEE282A7AEEE93A99ED32
:1012B000003A42EE801A03EE802A05EE801A00E022
:1012C00044E031EE830A85ED000A99ED010A32EE21
:1012D000000A85ED010A99ED020A31EE000A85ED5A
:1012E000020A94ED030A85ED030A94ED040A85EDE4
:1012F000040A95ED000AFDF76FFB38B395ED010A7E
:10130000FDF76AFB10B395ED020AFDF765FBE8B146
:101310002946404600F0FBFF08EB07010F4A01F5A4
:10132000803181F89005012108EB0200FDF73BF8C0
:101330007F1C3089B8423FF663AFBDEC0A8B524642
:1013400031464046BDE8F04700F02EBBBDEC0A8BAD
:101350000020BDE8F0870000CCBC8C2BD00601003B
:1013600010B500EE100A2DED028BB1EEC08A18EE1A
:10137000100A20F00040C0F1FF40C00F0AD010EE6C
:10138000100A20F00040C0F1FF40C00F04BF012050
:10139000EFF7E7FB18EE100ABDEC028B10BD000062
:1013A00010B5DFED350A9FED360A044604F10C0155
:1013B0002DED048B90ED042A9FED308AD0ED021ABA
:1013C00022EE202AD0ED052A90ED031A42EE081AEB
:1013D00062EEA00AD0EC028A00EE881AC1EE800A02
:1013E000C1EE001A9FED270AC0ED020A081FC4EDE6
:1013F000031AFDF71DFFD4ED000AD4ED021A94ED97
:10140000010A94ED031A41EE880A204601EE080A0B
:10141000C4ED000A84ED010AFFF74EFA94EC020ACB
:10142000204630EE680A70EEC90AFFF7A5FAA06AF6
:1014300010F10B0F01D80A3001E04FF0FF30A0622D
:101440009FED113ADFED111A9FED112AB0EE431A0C
:10145000DFED102A94EC020AFDF7C2F8002808D04C
:10146000012184F8301084ED023A84ED033A002023
:10147000E062BDEC048B10BDC3F51C410BD7233CCF
:101480005C8F823F9A99194000000000F98A2F4032
:1014900090C2F53F7A142E3E70B51546654A0C464B
:1014A00006462DED0A8B8CB09FED638A07CA08AB08
:1014B00083E8070095ED030AFCF7BEF8F0EE408ADA
:1014C00095ED030AFCF7ECFCB0EE409A95ED040AAA
:1014D000FCF7B2F8B0EE40BA95ED040AFCF7E0FC78
:1014E000D4ED010AF0EE40AAD5ED041AB6EE000ADA
:1014F00020EEA8AA60EE899A95ED031A61EE80BAF3
:1015000008EE49AA48EE289A21EE00CAB0EE6B0A0E
:10151000FCF792F8B0EE408AB0EE4C0AFCF78CF87B
:1015200068EE008AB0EE6B0AFCF786F8B0EE408AEF
:10153000B0EE4C0AFCF7B4FC28EE009AB0EE6B0A51
:10154000FCF7AEFCB0EE408AB0EE4C0AFCF774F843
:1015500028EE008AB0EE6B0AFCF7A2FCF1EE40BA6E
:10156000B0EE4C0AFCF79CFCD4ED000A29EE8B1A75
:1015700004F1180160EE8B1A6BEE800A0A1D08A8B0
:1015800049EEAA1A01ABCDED051A95ED010A30EE30
:101590000A0A8DED060A94ED000AD5ED021A00EE56
:1015A0006A1A31EE210A8DED070A94ED060A92ECD3
:1015B000031A20EE280A05AA09EE410A08EE610A7C
:1015C00000EEC20A8DED040A91ED010AD1ED021A76
:1015D000D1ED002A20EE281A21EEA82A91ED033A37
:1015E00009EE221A09EE432A08EE031A08EE222A0F
:1015F00000EEE11A00EE802A8DED011A8DED022A2F
:1016000091ED030A91EC031A20EE280A0C4909EE29
:10161000020A08EE610A00EE810A8DED030A9FEDD1
:10162000070A00903046FFF77DFD0CB0BDEC0A8B39
:1016300070BD000090480108138340BEEC51383E55
:10164000404701082DE9F0411D461446A0220F46EF
:101650002DED068BB0B08046B0EE628AF0EE428A85
:101660003A4968463C9EB0EE619AF0EE419AB0EE7F
:1016700060AAF0EE40AAEFF7E9F9CDED00AA8DEDF2
:1016800001AACDED028ACDED059A8DED06AACDED2C
:10169000078ACDED0A9A8DED0B9ACDED0C8ACDED32
:1016A0000FAA8DED109ACDED118ACDED14AA8DED16
:1016B00015AA8DED168ACDED199A8DED1AAA8DED2C
:1016C0001B8ACDED1E9A21492CAB8DED1F9A8DED15
:1016D000208A24311D4ACDED23AA8DED249A8DED6B
:1016E000258AD1E92001AC32CDF8A4D0CDE92A0178
:1016F00007CA83E8070029A93A464046ADF8B24038
:10170000FFF7EAFB0446114804213A4648382A907C
:101710002CAB4046ADF8AE1029A9ADF8B250FFF79A
:10172000DBFB00B9002409482CAB3A4630382A903C
:1017300029A94046ADF8B260FFF7CEFB00B90024FE
:1017400030B02046BDEC068BBDE8F081584701085B
:101750002DE9F04F83463948384B92464FF0000947
:1017600088334C462DED088BF7B055AEE8466EAD8C
:10177000F0EE408AD0F88400CDF8C4D1B0EE608A93
:10178000F0EE619ACDE972600DCB9FED2AAA85E853
:101790000D00ADF8BA11CDED008A8DED018ACDEDC9
:1017A000029A9FED25BA8DED04AAB0EE419A8DED17
:1017B00003AA00BF00EE104AB8EE400A60EE0BAA82
:1017C000B0EE6A0AFBF738FFF0EE400AB0EE680AA6
:1017D00004EB840000EE890A08EB800585ED050A1C
:1017E000B0EE6A0AFCF75CFBF0EE480A04EB440139
:1017F00040EE090A601C06EB410200F00F077F1C57
:10180000C5ED060AC5ED079A85ED09AA85ED08AA7A
:1018100026F81190641C5780102C9080CAD36EABB0
:10182000524671A95846FFF757FB77B0BDEC088BBD
:10183000BDE8F08F00000000DB0FC93EFC47010847
:1018400070B51446284A0D4606462DED0A8B8CB01D
:101850000DF1200CF0EE65AAB0EE63BAF0EE44BADA
:1018600007CAB0EE64CA8CE8070060788DF82000E3
:10187000B0EE458AF0EE619AF0EE418AB0EE609AE1
:10188000B0EE40AAADF82230FFF7D8F805A8F0EE88
:10189000483A80EC030AB0EE4C3AF0EE6B2AB0EE18
:1018A0004B2AF0EE691AB0EE681AF0EE490AB0EE73
:1018B0004A0AFDF7F9FD01A908A881EC040A01AB69
:1018C000294605AAD4ED050A9DED070A30EE200A47
:1018D0008DED070AB0EE6A0A00903046FFF722FC51
:1018E0000CB0BDEC0A8B70BDE0320108F0B51C46AF
:1018F000154650220E462DED068B9BB00746B0EEE6
:10190000428AF0EE618A26496846B0EE419AF0EECE
:10191000609AB0EE40AAEFF799F88DED00AACDEDF0
:10192000019A8DED028A8DED059ACDED069A8DED29
:10193000078A1B4814AB8DED0A9ACDED0B8A14383B
:101940008DED0C8A8DED0FAACDED108A8DED118AEB
:10195000D0E91A1200F17000CDF85CD0002CCDE96E
:10196000181207C883E8070009D000BF4FF0000035
:101970008DF85000ADF8525004D00A4804E04FF002
:101980000100F5E74FF00000324614AB159017A99F
:101990003846FFF7A1FA1BB0BDEC068BF0BD000086
:1019A00010480108FC4601082DE9F74F00F5803B7F
:1019B000044601208A462DED048B90B00027089044
:1019C00016E1DAF8040007EB47029046022101EB2A
:1019D0004201039130F81850042303EB48020292AD
:1019E00005EB8503825A405A04EB830505F56845EB
:1019F00002EB820100EB800004EB810606F56846ED
:101A000004EB800000F56849D5ED010A95ED020A66
:101A100099ED011A96ED022AD9ED024A71EE601A8B
:101A200032EE402AD6EC023A34EEC01AD5ED002A46
:101A300099ED003A21EE829A33EEE20A74EE600AE2
:101A400073EE622A61EE008A01EE609A22EEA08AAD
:101A500042EEC28A01EEC08A29EE090A08EEA80AFF
:101A600008EE080AFCF7E6FAD5ED000A0020674AFE
:101A7000D5ED011A95ED021A10EE101A0790DAF85A
:101A800004009142039960EE890A029A5E4B30F895
:101A9000188048EEA10A415A825A04EB0300DBF891
:101AA000B4C64FF003030C9318F800300CF1010C8E
:101AB0000193095C48EE010A0091105C0290CBF89A
:101AC000B4C617DB1698007A20B1F5EEC00AF1EE25
:101AD00010FA0FDADDE900100840029908420AD036
:101AE000DBF8B8060121401CCBF8B8064848204472
:101AF000FCF759FC7BE0F5EEC00AF1EE10FA05DDCB
:101B0000B1EE499AF1EE688AB1EE488A9FED411A2A
:101B1000DFED410ADFED411A29EE011A08EEA01AA5
:101B200008EE211AC1EE000AF5EEC00AF1EE10FA35
:101B300002D2DFED3B0A06E010EE900AB0F17E5FC4
:101B400001DDF7EE000A9FED371A9FED370A1422E8
:101B5000294600EE810ABCEEC00A10EE100A00F021
:101B6000FF0804F57C40EEF771FF49464FF6144933
:101B7000142204EB0900EEF769FF4FF628403146C6
:101B800014222044EEF762FFDDE9001008430299B9
:101B900008430CD0DBF8B80607AA401CCBF8B806FF
:101BA0000C992046FCF732FD01250C901BE0012525
:101BB000079B169805EB850203EBC30101EB0311AC
:101BC000CDE9000804EBC101204601EB820202EBE3
:101BD000090301F57C4102F57C42FDF727FF08B9B6
:101BE000002008906D1C0C99681C8842E0D37F1C73
:101BF000BAF80A00B8423FF6E4AE089810B0BDEC5F
:101C0000048BBDE8FE8F000090050100BD378635CE
:101C1000D80601005F1DA6BE0F2CF93EB7A44FBF2A
:101C20000000000000004743000060422DE9FF5F14
:101C30009B4617468A460E9EDDE90F9526E0002456
:101C400028782146FCF7AAFF33191AD4534518DA2D
:101C500000214FF0010E00BF09EB0102D21B0DD491
:101C60005A450BDA0EFA01FC1CEA000F06D002FB03
:101C70000A38DDF800C0119A2CF81820491C0729F1
:101C8000EAD3641C052CDBD36D1CB61D2878002814
:101C900001D05645D3DBBDE8FF9F2DE9F04F00266C
:101CA000804693B0B24601256846FF222321EEF715
:101CB000FFFE00204FF00109EB468DF824008DF85F
:101CC000000009A80024875D761C21463846FDF7F0
:101CD00014FC18F8072009FA04F10A420DD0FF2875
:101CE0000BD01BF800205946FF2A06D1CA5D09A96E
:101CF000521C0BF8002048556D1C641C042CE4D3C6
:101D0000AE42DED3012018F8001021B14A1E114264
:101D100001D10AF1010A811C401C2329F3D3232D90
:101D20000AD19DF82200122806D3BAF1030F03D37B
:101D3000012013B0BDE8F08F0020FAE7D0E90132AE
:101D400001699A60D0E901235A604A68824201D150
:101D500082684A60002202610868401E08600868C4
:101D60007047000008B902480068006BFEF78EBBA0
:101D7000C446002410B5044C8023046004F15C00C8
:101D80000860136010BD0000CC80002410B5044C26
:101D90004FF48073046004F15C000860136010BDB0
:101DA0002883002402490220C863EFF706BC000024
:101DB000984E012002490320C863EFF7FEBB0000E4
:101DC000984E01204FF0FF3300F108010022C0E9D6
:101DD00001130260C1600161704700210161704719
:101DE00030B50B685A1C02D000F1080202E002690B
:101DF00004E02246546825689D42FAD953684B6036
:101E000099608A60516008610168491C016030BDB9
:101E100042684A6093688B6093685960916008617A
:101E20000168491C01607047502080F31188BFF39E
:101E30004F8FBFF36F8F0A494868401C48600128E4
:101E40000CD10848006810F0FF0F07D0502080F335
:101E50001188BFF34F8FBFF36F8FFEE7704700000D
:101E60003847002404ED00E00849486828B1401EC6
:101E7000486001D180F311887047502080F31188A9
:101E8000BFF34F8FBFF36F8FFEE70000384700248A
:101E900070B500282AD0164DA0F108046168686961
:101EA000014207D1502080F31188BFF34F8FBFF359
:101EB0006F8FFEE722683AB1502080F31188BFF39C
:101EC0004F8FBFF36F8FFEE78143616000F076F9BB
:101ED00060686968084468602046FEF74FF9286921
:101EE000401C2861BDE8704001F032B870BD0000B0
:101EF000184700244FF0E020002101614FF47A726E
:101F00008161072303490968B1FBF2F1491E416170
:101F100003617047BC46002410B5EEF7ABFA1149D7
:101F200010280ED300F1E0200A7890F8F0039042D8
:101F300007D2502080F31188BFF34F8FBFF36F8F0C
:101F4000FEE709488968006800F4E060884207D924
:101F5000502080F31188BFF34F8FBFF36F8FFEE7E0
:101F600010BD0000384700240CED00E0084B5FF086
:101F7000000210B553F832401CB1521C082AF9D3A4
:101F800010BD03EBC20443F83210606010BD0000C6
:101F9000B07A002470B515460E460446FFF744FF9C
:101FA00094F944100020491C01D184F8440094F9AC
:101FB0004510491C01D184F84500FFF755FFA06B7F
:101FC00028B904F124002A46314600F097F820464B
:101FD000BDE87040FEF78ABA020010B514D00F4871
:101FE000006B38B1502080F31188BFF34F8FBFF3DF
:101FF0006F8FFEE700F0E2F800211046FDF7D6FEF5
:1020000000F0A6FF002807D105494FF08050086076
:10201000BFF34F8FBFF36F8F10BD0000C446002485
:1020200004ED00E070B504000D460BD095B11E4ADA
:10203000106BB8B1502080F31188BFF34F8FBFF3FE
:102040006F8FFEE7502080F31188BFF34F8FBFF3EF
:102050006F8FFEE7502080F31188BFF34F8FBFF3DF
:102060006F8FFEE700F0AAF82368D26859199342EF
:1020700004D98B420AD9914202D807E08B42FAD99F
:10208000881A21600021FDF791FE00E0216000F038
:102090005FFF002807D105494FF080500860BFF36B
:1020A0004F8FBFF36F8F70BDC446002404ED00E076
:1020B00002490A6A0260C96841607047C446002448
:1020C00001490120C8617047C446002410B50C4680
:1020D00050B1094909681831FFF782FE2046BDE872
:1020E00010400121FDF762BE502080F31188BFF33C
:1020F0004F8FBFF36F8FFEE7C446002470B51446C0
:102100000D4668B10A4909681831FFF781FE0CB124
:102110004FF0FF3521462846BDE87040FDF746BE2A
:10212000502080F31188BFF34F8FBFF36F8FFEE70E
:10213000C446002430B587B0002405AA04A903943E
:1021400003A80494FFF716FEDDE9030100940023C1
:10215000CDE90110174815A1059A00F09AFC164D1B
:102160000028E8621FD000F055FF012809D0401C6C
:1021700019D1502080F31188BFF34F8FBFF36F8FB9
:10218000FEE7502080F31188BFF34F8FBFF36F8FAE
:1021900001214FF0FF30A8626961EC6007B0BDE833
:1021A000304000F0E3B807B030BD000049444C4572
:1021B0000000000049000108C44600240248016BE9
:1021C000491C016370470000C446002410B5204C30
:1021D000206B10B10120E06110BD0020E06120689B
:1021E0004FF0A531006B02688A4208D142688A42EA
:1021F00005D182688A4202D1C068884204D0216831
:1022000020683431FFF7D6FD1249206901E0B8B1EA
:10221000401E00EB800251F82220002AF7D000EB8C
:10222000800201EB820101F108034A6852684A60AA
:102230009A4201D152684A60D1682160206110BD84
:10224000502080F31188BFF34F8FBFF36F8FFEE7ED
:10225000C4460024F07A002470B51E4615460C468C
:102260002DED028BB0EE408AF0B300F5803090F88F
:10227000FC06C8B3C4B3BDB3B6B32068A0B36068EE
:1022800090B3208980B3B0F5807F37D8B0EE480A8C
:10229000FCF7A2FB40B3B5EEC08AF1EE10FA2DD9DF
:1022A00095ED000AFCF798FBF0B195ED010AFCF7FB
:1022B00093FBC8B195ED020AFCF78EFBA0B1307814
:1022C00002281BD868B9706870B1016861B1818853
:1022D00051B1C08840B14FF4806291420ED8904213
:1022E0000CD86189002000E008E001EB41010AE020
:1022F0006268238932F810209A4203D30020BDEC93
:10230000028B70BD401C8142F2D80120F7E72DE915
:10231000F04101260F46002580462C4639462246CC
:102320004046FDF755FBB5EEC00AF1EE10FA03D2B8
:1023300006FA04F02843C5B2641C062CEED32846E6
:10234000BDE8F081B4EEE00AF1EE10FA06DBB4EE7F
:10235000C10AF1EE10FA01D8012070470020704741
:1023600001484068704700001847002437481CB5F2
:10237000374902688A4207D1502080F31188BFF3A1
:102380004F8FBFF36F8FFEE731490068491E8842C7
:1023900007D1502080F31188BFF34F8FBFF36F8FA9
:1023A000FEE72C49FF200A780192087008788DF822
:1023B00000009DF800209DF8000002F0F00282422B
:1023C00007D0502080F31188BFF34F8FBFF36F8F7A
:1023D000FEE79DF8002007201F4C02F050022270FB
:1023E000A06005E09DF8002052008DF80020401EFE
:1023F0009DF800201206F5D40328A06007D05020D5
:1024000080F31188BFF34F8FBFF36F8FFEE74FF458
:102410004070A060019808700C482030016841F4B9
:1024200070010160016841F070410160FFF762FDD9
:1024300000206060EDF7E6FF0848016841F0404188
:102440000160EDF7CBFF00201CBD000000ED00E0B7
:1024500071C20F4100E400E03847002434EF00E08F
:10246000502010B580F31188BFF34F8FBFF36F8FEB
:1024700000F04EFC18B104494FF080500860002075
:1024800080F3118810BD000004ED00E0F8B50500F0
:1024900017460E4613D005FB06F05030FEF76CF8D9
:1024A00004000AD0002084F8460004F150023B46A4
:1024B000314628460094FDF7F7FD2046F8BD502030
:1024C00080F31188BFF34F8FBFF36F8FFEE7F8B52E
:1024D000069D18B153B1CAB181B120E0502080F3FC
:1024E0001188BFF34F8FBFF36F8FFEE7502080F34B
:1024F0001188BFF34F8FBFF36F8FFEE7502080F33B
:102500001188BFF34F8FBFF36F8FFEE739B15020B3
:1025100080F31188BFF34F8FBFF36F8FFEE7502416
:102520001C46012683F8466000932B46FDF7BCFD50
:102530002046F8BD2DE9F04704008A4629D0FFF770
:1025400073FC21680025D4E90F23D4F840C004F1BE
:10255000100810460E46401E4FF0FF3902FB0312D2
:1025600000FB0C10BAF1000FA563666084F844907C
:1025700084F84590C4E9022013D04046FFF722FCBE
:1025800004F12400FFF71EFCFFF76EFC0120BDE8FC
:10259000F087502080F31188BFF34F8FBFF36F8F08
:1025A000FEE720690028EFD0404600F099FC0028A3
:1025B000EAD004494FF080500860BFF34F8FBFF35B
:1025C0006F8FE1E704ED00E02DE9FF4704001D46B1
:1025D00082B08A464FF0000803D0BAF1000F08D04D
:1025E00011E0502080F31188BFF34F8FBFF36F8F3E
:1025F000FEE7206C38B1502080F31188BFF34F8F75
:10260000BFF36F8FFEE7022D0AD1E06B012807D0E0
:10261000502080F31188BFF34F8FBFF36F8FFEE719
:1026200000F05AFB3F4F4FF080564FF0000948B979
:10263000049838B1502080F31188BFF34F8FBFF357
:102640006F8FFEE7FFF7F0FBA06BE16B884207D3CB
:10265000022D05D00498D0B1B8F1000F1AD01EE0B9
:102660002A4651462046FDF776FC616A19B104F10D
:10267000240000F035FC20B13E60BFF34F8FBFF364
:102680006F8FFFF7F1FB012006B0BDE8F087FFF781
:10269000EBFB22E06846FFF70BFD4FF00108FFF768
:1026A000E3FBFFF78BFDFFF7BFFB94F94400401CF1
:1026B00001D184F8449094F94500401C01D184F87C
:1026C0004590FFF7D1FB04A9684600F079F930B1D5
:1026D0002046FDF70BFF00F03BFC0020D4E7FFF79E
:1026E000A3FBA06BE16B884213D1FFF7BDFB0499FC
:1026F00004F11000FFF7EAFC2046FDF7F7FE00F0BA
:1027000027FC00289ED13E60BFF34F8FBFF36F8F31
:1027100098E7FFF7A9FB2046FDF7E8FE00F018FC5C
:1027200090E7000004ED00E02DE9F04704001F46AB
:102730009046894603D0B9F1000F08D011E050202F
:1027400080F31188BFF34F8FBFF36F8FFEE7206CCC
:1027500038B1502080F31188BFF34F8FBFF36F8FD4
:10276000FEE7022F0AD1E06B012807D0502080F34A
:102770001188BFF34F8FBFF36F8FFEE7FFF7CCFBDE
:102780005020EFF3118680F31188BFF34F8FBFF312
:102790006F8FA06BE16B884206D3022F04D000201C
:1027A00086F31188BDE8F08794F94550A06B3A464E
:1027B00049462046FDF7CFFB681C04D06D1C84F809
:1027C00045500120ECE7606A0028FAD004F12400AB
:1027D00000F086FB0028F4D0B8F1000FF1D0012101
:1027E000C8F80010EDE700002DE9F74704008A461D
:1027F00083B04FF0000603D0BAF1000F08D011E00B
:10280000502080F31188BFF34F8FBFF36F8FFEE727
:10281000206C38B1502080F31188BFF34F8FBFF385
:102820006F8FFEE700F058FADFF8F4804FF0805722
:102830004FF0000948B9059838B1502080F311884D
:10284000BFF34F8FBFF36F8FFEE7FFF7EDFAA56B76
:10285000C5B151462046FDF76BFB6D1EA56320698F
:1028600050B104F1100000F03BFB28B1C8F8007033
:10287000BFF34F8FBFF36F8FFFF7F6FA012006B05B
:10288000BDE8F087059808B11EB106E0FFF7ECFA45
:1028900027E06846FFF70CFC0126FFF7E5FAFFF793
:1028A0008DFCFFF7C1FA94F94400401C01D184F873
:1028B000449094F94500401C01D184F84590FFF7FD
:1028C000D3FA05A9684600F07BF8002820460AD014
:1028D000FDF70CFE00F03CFB2046FDF793FC0028C2
:1028E000B3D00020CBE7FDF78DFC90B1059904F142
:1028F0002400FFF7EBFB2046FDF7F8FD00F028FB76
:102900000028A2D1C8F80070BFF34F8FBFF36F8FBC
:102910009BE72046FDF7EAFD00F01AFB95E7000073
:1029200004ED00E02DE9F04704009046894603D00D
:10293000B9F1000F08D011E0502080F31188BFF3E7
:102940004F8FBFF36F8FFEE7206C38B1502080F3BC
:102950001188BFF34F8FBFF36F8FFEE7FFF7DCFAED
:102960005020EFF3118680F31188BFF34F8FBFF330
:102970006F8FA76BFFB194F9445049462046FDF78D
:10298000D7FA681CA7F10107A76304D06D1C84F86F
:102990004450012010E020690028FAD004F1100012
:1029A00000F09EFA0028F4D0B8F1000FF1D0012118
:1029B000C8F80010EDE7002086F31188BDE8F08725
:1029C0002DE9F04105000C4612D0CCB1FFF72CFAEE
:1029D000184E2068F268471C6B68A2EB030117D001
:1029E0002F68366AB74215D0934213D801251CE0F0
:1029F000502080F31188BFF34F8FBFF36F8FFEE736
:102A0000502080F31188BFF34F8FBFF36F8FFEE725
:102A100000250AE0884205D9401A20602846FFF7C1
:102A200047FBF5E7002020600125FFF71DFA284647
:102A3000BDE8F081C44600242DE9FF5F99461646A3
:102A40008A4683469000DDE90E87FDF795FD050077
:102A50001CD05C20FDF790FD040014D000202563FD
:102A600084F859004B46CDE90087CDE90240324653
:102A700051465846FDF729FB2046FDF7C5F90120D0
:102A800004B0BDE8F09F2846FFF702FA4FF0FF3090
:102A9000F6E7F0B585B0DDE90B740A9DA7B1DCB1AE
:102AA0005C262763022684F85960002703970DF1FE
:102AB000100C0095CDE901C4FDF707FB2046FDF79A
:102AC000A3F9049805B0F0BD502080F31188BFF33E
:102AD0004F8FBFF36F8FFEE7502080F31188BFF355
:102AE0004F8FBFF36F8FFEE72DE9F0411F469046F1
:102AF0000D464FF0010690B10446FFF795F90FB16E
:102B0000606D3860022294F8580084F85820B8F1BB
:102B1000050F19D2DFE808F0230B0E141200502025
:102B200080F31188BFF34F8FBFF36F8FFEE7616DA6
:102B3000294301E0616D491C616510E0022801D064
:102B400065650CE0002634E0616D491C07D050201B
:102B500080F31188BFF34F8FBFF36F8FFEE701281B
:102B600027D1201DFFF7EAF8144DE06A2969884251
:102B700000D9286100EB8000114901EB8000211D84
:102B8000FFF746F9A06A38B1502080F31188BFF3EF
:102B90004F8FBFF36F8FFEE72868E16AC06A8142FA
:102BA00007D908494FF080500860BFF34F8FBFF33B
:102BB0006F8FFFF759F93046BDE8F081C446002415
:102BC000F07A002404ED00E02DE9F04704001F46F0
:102BD00092460D46DDF820904FF001081AD0FFF71D
:102BE0009BF95020EFF3118680F31188BFF34F8FCC
:102BF000BFF36F8F0FB1606D3860022294F85800F8
:102C000084F85820BAF1050F1AD2DFE80AF0240B35
:102C10000E141200502080F31188BFF34F8FBFF3C2
:102C20006F8FFEE7616D294301E0616D491C6165AD
:102C300011E0022801D065650DE04FF000083AE090
:102C4000616D491C07D0502080F31188BFF34F8F6E
:102C5000BFF36F8FFEE701282DD1A06A38B1502055
:102C600080F31188BFF34F8FBFF36F8FFEE7144DD2
:102C7000286B18B1134804F118010DE0201DFFF76F
:102C80005DF8E06A2969884200D9286100EB80007C
:102C90000D4901EB8000211DFFF7BAF8E06A2968B1
:102CA000C96A884207D9B9F1000F4FF0010001D07D
:102CB000C9F80000E86186F311884046BDE8F08756
:102CC000C4460024787F0024F07A0024014800687C
:102CD00070470000C44600240548416919B1006BE3
:102CE00018B1002070470120704702207047000093
:102CF000C44600240148C06870470000C446002450
:102D000010B5FFF709F90148C06810BDC44600249A
:102D10002DE9F0412E4C206B002728B1A069401C02
:102D2000A0613846BDE8F081E668761CE66013D104
:102D3000606B006838B1502080F31188BFF34F8F6B
:102D4000BFF36F8FFEE7606BA16B6163A063206AC6
:102D5000401C2062FDF740FBDFF87880A06A8642C5
:102D600009D3606B0068A0B1606BC068C568686813
:102D7000864211D2A0622068C06A00EB800158F838
:102D80002100012800D90127E0690028C9D00127C6
:102D9000C7E74FF0FF30EDE7281DFEF7CFFFA86A29
:102DA00018B105F11800FEF7C9FFE86A21698842E9
:102DB00000D9206100EB800108EB8100291DFFF79D
:102DC00027F82068E96AC06A8142CAD30127C8E7A8
:102DD000C4460024F07A00242DE9F0411E46154631
:102DE00088460746FFF720F81C4C206890F85800EA
:102DF000022814D02068416DB94341652168012043
:102E000081F858005EB101213046FCF7CFFF14492C
:102E10004FF080500860BFF34F8FBFF36F8FFFF705
:102E200023F8FFF701F815B12068406D286020688D
:102E300090F85800022801D0002505E02068416D77
:102E400021EA0801416501252168002081F8580028
:102E5000FFF70AF82846BDE8F0810000C4460024C8
:102E600004ED00E070B504464FF0000190B31A4D38
:102E70002868844207D0502080F31188BFF34F8F19
:102E8000BFF36F8FFEE7206D38B1E36C401EE26A3E
:102E900020659A421ED040B11CE0502080F311887A
:102EA000BFF34F8FBFF36F8FFEE7201DFEF746FF86
:102EB000E06CC0F13801A161E0622969884200D963
:102EC000286100EB8000054901EB8000211DFEF721
:102ED0009FFF0121084670BDC4460024F07A0024FB
:102EE00070B5C068C46854B104F118000646FEF716
:102EF00025FF144D286B50B11348314615E0502082
:102F000080F31188BFF34F8FBFF36F8FFEE7201D53
:102F1000FEF714FFE06A2969884200D9286100EBB6
:102F200080000A4901EB8000211DFEF771FFE06A75
:102F30002968C96A884203D90121E961084670BD40
:102F4000002070BDC4460024787F0024F07A00245D
:102F50002DE9F0472C4D286B0024274638B1FEF7A9
:102F600063FF286B401E2863286B40B147E0502068
:102F700080F31188BFF34F8FBFF36F8FFEE7234EAF
:102F80000120A968D9B3A6F5916980463068E0B1FF
:102F9000F068C46804F11800FEF7D0FE201DFEF7AB
:102FA000CDFEE06A2969884200D9286100EB8001E2
:102FB00009EB8100211DFEF72BFFE06A2968C96A31
:102FC0008842E3D3C5F81C80E0E70CB1FDF704FAB2
:102FD000AC694CB14FEA0806FFF79AFE00B1EE610A
:102FE000641EF9D10020A861E86940B108490127B1
:102FF0004FF080500860BFF34F8FBFF36F8FFEF725
:1030000033FF3846BDE8F087C4460024787F0024AB
:1030100004ED00E010B586B0FCF75EFF114C2068AF
:10302000B8B10020039005AA049004A903A8FEF7F4
:10303000ADFEDDE90321022000238DE807000C48E6
:1030400009A1059AFFF725FD606010B106B00120C7
:1030500010BD502080F31188BFF34F8FBFF36F8FE7
:10306000FEE7000000470024546D72205376630091
:10307000C90401082DE9FF411E46134602004FF026
:1030800000000A9D16D0144C2768002F0FD0062987
:103090000292CDE9001317DAFFF71EFE02284FF067
:1030A00000030FD0002220686946FFF78DFA04B0B4
:1030B000BDE8F081502080F31188BFF34F8FBFF33C
:1030C0006F8FFEE72A46EEE7002332466946384610
:1030D000FFF72AFBEBE700000047002400EE100A90
:1030E00000EE901AB4EE600AF1EE10FA78BF704765
:1030F00000F00DB810B5FFF7F1FFEFF3008020F0FE
:10310000104038BF40F0004080F3008810BDBDE89B
:10311000104010B500F017F80000000900F007B8E3
:103120004FF0404010F1004FEFF300807047401027
:1031300058BFC0F14040491058BFC1F140418142E1
:10314000EFF3008070470EF1020E2EF0030E5EF8D2
:10315000044B244204D44FEA4102B2F17F4F11D80C
:103160004FEA4003B3F17F4F0CD80ED14FEAD07C29
:10317000B2F17F4F0CEB4C0C0CF1020C08BF4CEB86
:10318000D17C04E04FF0080C01E04FEAD17C0CEB5D
:103190004C0324FA03F404F00704B4F1040C06D23F
:1031A0000EEB840CBDE810404CF0010C6047DFE8EA
:1031B0000CF0070802024FF00040A0F5800010BD9F
:1031C0000846420018BFD2F1807288BF00F000406C
:1031D00010BD4FF04070E1EE100A70470000803FD4
:1031E0000000000000000000000000006018060160
:1031F000003E5149453E00427F40004261514946F0
:103200002141454B311814127F1027454545393C63
:103210004A49493001710905033649494936064989
:1032200049291E7E1111117E7F494949363E41418F
:1032300041227F4141221C7F494949417F090909B7
:10324000013E4149497A7F0808087F00417F4100DB
:103250002040413F017F081422417F404040407F91
:10326000020C027F7F0408107F3E4141413E7F09EE
:103270000909063E4151215E7F09192946464949FF
:10328000493101017F01013F4040403F1F20402064
:103290001F3F4038403F6314081463070870080755
:1032A0006151494543000000F850010820510108D0
:1032B000D0500108B8500108E45001080C51010831
:1032C0003200C832F465BC98E8CB00001FF8DF0775
:1032D000E0A720FD345101083C5101084451010888
:1032E00000000000E04401080100000000000000B0
:1032F00000000000000000000000803F000040BF10
:10330000000040BF000040BF000000000000803F00
:10331000000040BF0000403F000040BF0000000030
:10332000000000000000403F0000403F000040BFA0
:103330000000803F000000000000403F000040BF50
:10334000000040BF0000803F0000803F0000403F81
:10335000000040BF0000403F000000000000803F30
:103360000000403F0000403F0000403F00000000E0
:1033700000000000000040BF0000403F0000403F50
:103380000000803F00000000000040BF000040BF80
:103390000000403F0000803F0000803F000040BF31
:1033A000000040BF0000403F000000000000803FE0
:1033B000000040BF0000403F0000403F0000000010
:1033C00000000000000040BF0000403F000040BF80
:1033D0000000803F00000000000040BF000040BF30
:1033E000000040BF0000803F0000803F0000403FE1
:1033F000000040BF000040BF000000000000803F10
:103400000000403F0000403F000040BF00000000BF
:10341000000000000000403F0000403F0000403F2F
:103420000000803F000000000000403F000040BF5F
:103430000000403F0000803F0000803F000040BF90
:103440000000403F000040BF000000000000803F3F
:10345000000040BF0000403F0000403F000000006F
:10346000000000000000403F0000403F0000403FDF
:103470000000803F000000000000403F0000403F8F
:10348000000040BF0000803F0000803F000040BFC0
:10349000000040BF0000403F000000000000803FEF
:1034A000000040BF000040BF000040BF000000001F
:1034B000000000000000403F000040BF000040BF8F
:1034C0000000803F000000000000403F000040BFBF
:1034D0000000403F0000803F0000803F00000100EE
:1034E00002000000020003000400050006000400C2
:1034F00006000700080009000A0008000A000B0087
:103500000C000D000E000C000E000F00100011004A
:103510001200100012001300140015001600140011
:1035200016001700FC320108DC34010818000C00FA
:10353000EC51983F00000000000000000000000077
:1035400000000000C0928B3F000000009D2F763EDF
:10355000000000000000003E9A99593F0000000062
:103560007B14AE3E000000000000803EB20D1C3F08
:10357000000000009D2F763E000000000000C03ECD
:103580005C8F023F0000000000000000000000000F
:103590000000003FB20D1C3F000000009D2F76BED2
:1035A000000000000000203F9A99593F00000000F1
:1035B0007B14AEBE000000000000403FC0928B3F75
:1035C000000000009D2F76BE000000000000603F5C
:1035D000EC51983F000000000000000000000000D7
:1035E0000000803FB8E9833FEC51183F0000000025
:1035F0007EAAAA3D000000007BBF713FC0920B3F36
:103600009D2F763E7EAAAA3D0000003E7E723C3F82
:103610009A99D93E7B14AE3E7EAAAA3D0000803E18
:103620007025073FB20D9C3E9D2F763E7EAAAA3D97
:103630000000C03EF722E23E5C8F823E00000000A8
:103640007EAAAA3D0000003F7025073FB20D9C3EB8
:103650009D2F76BE7EAAAA3D0000203F7E723C3F91
:103660009A99D93E7B14AEBE7EAAAA3D0000403F87
:103670007BBF713FC0920B3F9D2F76BE7EAAAA3DB5
:103680000000603FB8E9833FEC51183F00000000A4
:103690007EAAAA3D0000803FEC51183FB8E9833F65
:1036A00000000000C1AA2A3E00000000C0920B3FAB
:1036B0007BBF713F9D2F763EC1AA2A3E0000003E8F
:1036C0009A99D93E7E723C3F7B14AE3EC1AA2A3EF7
:1036D0000000803EB20D9C3E7025073F9D2F763E38
:1036E000C1AA2A3E0000C03E5C8F823EF722E23E25
:1036F00000000000C1AA2A3E0000003FB20D9C3E1F
:103700007025073F9D2F76BEC1AA2A3E0000203FAC
:103710009A99D93E7E723C3F7B14AEBEC1AA2A3E26
:103720000000403FC0920B3F7BBF713F9D2F76BE94
:10373000C1AA2A3E0000603FEC51183FB8E9833F20
:1037400000000000C1AA2A3E0000803F00000000E7
:10375000EC51983F000000000000803E0000000097
:1037600000000000C0928B3F9D2F763E0000803EFF
:103770000000003E000000009A99593F7B14AE3EC5
:103780000000803E0000803E00000000B20D1C3FA3
:103790009D2F763E0000803E0000C03E00000000ED
:1037A0005C8F023F000000000000803E0000003FF0
:1037B00000000000B20D1C3F9D2F76BE0000803E31
:1037C0000000203F000000009A99593F7B14AEBED4
:1037D0000000803E0000403F00000000C0928B3F90
:1037E0009D2F76BE0000803E0000603F000000007C
:1037F000EC51983F000000000000803E0000803F38
:10380000EC5118BFB8E9833F000000009FAAAA3E10
:1038100000000000C0920BBF7BBF713F9D2F763E22
:103820009FAAAA3E0000003E9A99D9BE7E723C3FF4
:103830007B14AE3E9FAAAA3E0000803EB20D9CBE05
:103840007025073F9D2F763E9FAAAA3E0000C03EEE
:103850005C8F82BEF722E23E000000009FAAAA3ED3
:103860000000003FB20D9CBE7025073F9D2F76BE25
:103870009FAAAA3E0000203F9A99D9BE7E723C3F83
:103880007B14AEBE9FAAAA3E0000403FC0920BBF71
:103890007BBF713F9D2F76BE9FAAAA3E0000603F6E
:1038A000EC5118BFB8E9833F000000009FAAAA3E70
:1038B0000000803FB8E983BFEC51183F00000000D2
:1038C0006155D53E000000007BBF71BFC0920B3F29
:1038D0009D2F763E6155D53E0000003E7E723CBF76
:1038E0009A99D93E7B14AE3E6155D53E0000803E8C
:1038F000702507BFB20D9C3E9D2F763E6155D53E8B
:103900000000C03EF722E2BE5C8F823E0000000055
:103910006155D53E0000003F702507BFB20D9C3EAB
:103920009D2F76BE6155D53E0000203F7E723CBF84
:103930009A99D93E7B14AEBE6155D53E0000403FFA
:103940007BBF71BFC0920B3F9D2F76BE6155D53EA8
:103950000000603FB8E983BFEC51183F0000000051
:103960006155D53E0000803FEC5198BF000000003B
:10397000000000000000003F00000000C0928BBF6C
:10398000000000009D2F763E0000003F0000003E3A
:103990009A9959BF000000007B14AE3E0000003F22
:1039A0000000803EB20D1CBF000000009D2F763E3F
:1039B0000000003F0000C03E5C8F02BF000000001E
:1039C000000000000000003F0000003FB20D1CBFDF
:1039D000000000009D2F76BE0000003F0000203F49
:1039E0009A9959BF000000007B14AEBE0000003F52
:1039F0000000403FC0928BBF000000009D2F76BEAC
:103A00000000003F0000603FEC5198BF0000000044
:103A1000000000000000003F0000803FB8E983BFC5
:103A2000EC5118BF000000005055153F0000000089
:103A30007BBF71BFC0920BBF9D2F763E5055153F87
:103A40000000003E7E723CBF9A99D9BE7B14AE3E08
:103A50005055153F0000803E702507BFB20D9CBE3B
:103A60009D2F763E5055153F0000C03EF722E2BE26
:103A70005C8F82BE000000005055153F0000003FE3
:103A8000702507BFB20D9CBE9D2F76BE5055153FC9
:103A90000000203F7E723CBF9A99D9BE7B14AEBE17
:103AA0005055153F0000403F7BBF71BFC0920BBF18
:103AB0009D2F76BE5055153F0000603FB8E983BF8B
:103AC000EC5118BF000000005055153F0000803F2A
:103AD000EC5118BFB8E983BF00000000B0AA2A3F2C
:103AE00000000000C0920BBF7BBF71BF9D2F763ED0
:103AF000B0AA2A3F0000003E9A99D9BE7E723CBF10
:103B00007B14AE3EB0AA2A3F0000803EB20D9CBEA0
:103B1000702507BF9D2F763EB0AA2A3F0000C03E09
:103B20005C8F82BEF722E2BE00000000B0AA2A3FEE
:103B30000000003FB20D9CBE702507BF9D2F76BED2
:103B4000B0AA2A3F0000203F9A99D9BE7E723CBF9E
:103B50007B14AEBEB0AA2A3F0000403FC0920BBF0C
:103B60007BBF71BF9D2F76BEB0AA2A3F0000603F89
:103B7000EC5118BFB8E983BF00000000B0AA2A3F8B
:103B80000000803F00000000EC5198BF00000000E2
:103B90000000403F0000000000000000C0928BBF0A
:103BA0009D2F763E0000403F0000003E00000000D8
:103BB0009A9959BF7B14AE3E0000403F0000803E02
:103BC00000000000B20D1CBF9D2F763E0000403F5C
:103BD0000000C03E000000005C8F02BF000000003B
:103BE0000000403F0000003F00000000B20D1CBF7D
:103BF0009D2F76BE0000403F0000203F00000000E7
:103C00009A9959BF7B14AEBE0000403F0000403F70
:103C100000000000C0928BBF9D2F76BE0000403F89
:103C20000000603F00000000EC5198BF0000000061
:103C30000000403F0000803FEC51183FB8E983BFCF
:103C4000000000005055553F00000000C0920B3F9F
:103C50007BBF71BF9D2F763E5055553F0000003E03
:103C60009A99D93E7E723CBF7B14AE3E5055553F6B
:103C70000000803EB20D9C3E702507BF9D2F763E12
:103C80005055553F0000C03E5C8F823EF722E2BE99
:103C9000000000005055553F0000003FB20D9C3E13
:103CA000702507BF9D2F76BE5055553F0000203F21
:103CB0009A99D93E7E723CBF7B14AEBE5055553F9B
:103CC0000000403FC0920B3F7BBF71BF9D2F76BE6F
:103CD0005055553F0000603FEC51183FB8E983BF95
:103CE000000000005055553F0000803FB8E9833F79
:103CF000EC5118BF00000000B0AA6A3F00000000AD
:103D00007BBF713FC0920BBF9D2F763EB0AA6A3F2A
:103D10000000003E7E723C3F9A99D9BE7B14AE3EB5
:103D2000B0AA6A3F0000803E7025073FB20D9CBEDE
:103D30009D2F763EB0AA6A3F0000C03EF722E23EC9
:103D40005C8F82BE00000000B0AA6A3F0000003F06
:103D50007025073FB20D9CBE9D2F76BEB0AA6A3F6C
:103D60000000203F7E723C3F9A99D9BE7B14AEBEC4
:103D7000B0AA6A3F0000403F7BBF713FC0920BBFBB
:103D80009D2F76BEB0AA6A3F0000603FB8E9833F2E
:103D9000EC5118BF00000000B0AA6A3F0000803F4D
:103DA000EC51983F00000000000000000000803F40
:103DB00000000000C0928B3F000000009D2F763E67
:103DC0000000803F0000003E9A99593F000000002B
:103DD0007B14AE3E0000803F0000803EB20D1C3FD1
:103DE000000000009D2F763E0000803F0000C03E96
:103DF0005C8F023F00000000000000000000803FD8
:103E00000000003FB20D1C3F000000009D2F76BE59
:103E10000000803F0000203F9A99593F00000000B9
:103E20007B14AEBE0000803F0000403FC0928B3F3D
:103E3000000000009D2F76BE0000803F0000603F24
:103E4000EC51983F00000000000000000000803F9F
:103E50000000803F000009000100010009000A0085
:103E600001000A00020002000A000B0002000B0021
:103E7000030003000B000C0003000C00040004000E
:103E80000C000D0004000D00050005000D000E00E3
:103E900005000E00060006000E000F0006000F00D1
:103EA000070007000F0010000700100008000800BE
:103EB00010001100090012000A000A00120013008D
:103EC0000A0013000B000B00130014000B00140079
:103ED0000C000C00140015000C0015000D000D0066
:103EE000150016000D0016000E000E00160017003B
:103EF0000E0017000F000F00170018000F00180029
:103F00001000100018001900100019001100110015
:103F100019001A0012001B00130013001B001C00E4
:103F200013001C00140014001C001D0014001D00D0
:103F3000150015001D001E0015001E0016001600BD
:103F40001E001F0016001F00170017001F00200092
:103F50001700200018001800200021001800210080
:103F60001900190021002200190022001A001A006D
:103F7000220023001B0024001C001C00240025003C
:103F80001C0025001D001D00250026001D00260028
:103F90001E001E00260027001E0027001F001F0015
:103FA000270028001F0028002000200028002900EA
:103FB000200029002100210029002A0021002A00D8
:103FC000220022002A002B0022002B0023002300C5
:103FD0002B002C0024002D00250025002D002E0094
:103FE00025002E00260026002E002F0026002F0080
:103FF000270027002F00300027003000280028006D
:104000003000310028003100290029003100320041
:10401000290032002A002A00320033002A0033002F
:104020002B002B00330034002B0034002C002C001C
:10403000340035002D0036002E002E0036003700EB
:104040002E0037002F002F00370038002F003800D7
:1040500030003000380039003000390031003100C4
:1040600039003A0031003A00320032003A003B0099
:1040700032003B00330033003B003C0033003C0087
:10408000340034003C003D0034003D003500350074
:104090003D003E0036003F00370037003F00400043
:1040A000370040003800380040004100380041002F
:1040B0003900390041004200390042003A003A001C
:1040C000420043003A0043003B003B0043004400F1
:1040D0003B0044003C003C00440045003C004500DF
:1040E0003D003D00450046003D0046003E003E00CC
:1040F000460047003F00480040004000480049009B
:10410000400049004100410049004A0041004A0086
:10411000420042004A004B0042004B004300430073
:104120004B004C0043004C00440044004C004D0048
:1041300044004D00450045004D004E0045004E0036
:10414000460046004E004F0046004F004700470023
:104150004F005000480051004900490051005200F2
:10416000490052004A004A00520053004A005300DE
:104170004B004B00530054004B0054004C004C00CB
:10418000540055004C0055004D004D0055005600A0
:104190004D0056004E004E00560057004E0057008E
:1041A0004F004F00570058004F005800500050007B
:1041B0005800590051005A00520052005A005B004A
:1041C00052005B00530053005B005C0053005C0036
:1041D000540054005C005D0054005D005500550023
:1041E0005D005E0055005E00560056005E005F00F8
:1041F00056005F00570057005F00600057006000E6
:1042000058005800600061005800610059005900D2
:10421000610062005A0063005B005B0063006400A1
:104220005B0064005C005C00640065005C0065008D
:104230005D005D00650066005D0066005E005E007A
:10424000660067005E0067005F005F00670068004F
:104250005F0068006000600068006900600069003D
:104260006100610069006A0061006A00620062002A
:104270006A006B0063006C00640064006C006D00F9
:1042800064006D00650065006D006E0065006E00E5
:10429000660066006E006F0066006F0067006700D2
:1042A0006F007000670070006800680070007100A7
:1042B0006800710069006900710072006900720095
:1042C0006A006A00720073006A0073006B006B0082
:1042D0007300740030350108543E01087500C000B9
:1042E0007DEF7DEF7DEF7DEF7DEF7DEF7DEF7DEF6E
:1042F0007DEF7DEF7DEF7DEF7DEF7DEF7DEF7DEF5E
:104300007DEFA8FBA8FBA8FB39063906390639065C
:104310007DEFA8FBA8FBA8FB39063906390639064C
:104320007DEFA8FBA8FBA8FB39063906390639063C
:104330007DEFA8FBA8FBA8FB39063906390639062C
:104340007DEFA8FBA8FBA8FB39063906390639061C
:104350007DEFA8FBA8FBA8FB39063906390639060C
:104360007DEF390639063906A8FBA8FBA8FBA8FB98
:104370007DEF390639063906A8FBA8FBA8FBA8FB88
:104380007DEF390639063906A8FBA8FBA8FBA8FB78
:104390007DEF390639063906A8FBA8FBA8FBA8FB68
:1043A0007DEF390639063906A8FBA8FBA8FBA8FB58
:1043B0007DEF390639063906A8FBA8FBA8FBA8FB48
:1043C0007DEF390639063906A8FBA8FBA8FBA8FB38
:1043D0007DEF390639063906A8FBA8FBA8FBA8FB28
:1043E0007DEF7DEF7DEF7DEF7DEF7DEF7DEF7DEF6D
:1043F0007DEF7DEF7DEF7DEF7DEF7DEF7DEF7DEF5D
:104400007DEFA8FBA8FBA8FB39063906390639065B
:104410007DEFA8FBA8FBA8FB39063906390639064B
:104420007DEFA8FBA8FBA8FB39063906390639063B
:104430007DEFA8FBA8FBA8FB39063906390639062B
:104440007DEFA8FBA8FBA8FB39063906390639061B
:104450007DEFA8FBA8FBA8FB39063906390639060B
:104460007DEF390639063906A8FBA8FBA8FBA8FB97
:104470007DEF390639063906A8FBA8FBA8FBA8FB87
:104480007DEF390639063906A8FBA8FBA8FBA8FB77
:104490007DEF390639063906A8FBA8FBA8FBA8FB67
:1044A0007DEF390639063906A8FBA8FBA8FBA8FB57
:1044B0007DEF390639063906A8FBA8FBA8FBA8FB47
:1044C0007DEF390639063906A8FBA8FBA8FBA8FB37
:1044D0007DEF390639063906A8FBA8FBA8FBA8FB27
:1044E000E0420108100010003601700000000000DA
:1044F00000000000000000003A010500000000007C
:104500000000000000000000B2050C0C0033330076
:104510000000000000000000B701350000000000AE
:104520000000000000000000BB013200000000009D
:104530000000000000000000C201010000000000B7
:104540000000000000000000C30115000000000092
:104550000000000000000000C40120000000000076
:104560000000000000000000C6010F000000000075
:104570000000000000000000D002A4A10000000024
:104580000000000000000000E00ED0080E09090540
:104590003133481714153134E10ED0080E090915CE
:1045A0003133481714153134210000000000000099
:1045B00000000000000000002900000000000000D2
:1045C0000000000000000000F98A2FC090C2F5BF73
:1045D0009A9959C0666626C0CDCC4CC06666264006
:1045E000CDCC4C40666626C09A99594066662640F6
:1045F0009A9959C0666626C09A9959409A9919C0E5
:104600009A9959C09A9919409A99594066662640D4
:10461000B40B18C0295C1FC096860CC0CDCCACBFB3
:10462000B40B18C015AEC73E96860CC00BD7C33F5F
:104630001810BBBF0BD7C3BFDA05A4BF15AEC7BEEA
:104640008E110CBF295C1FC025FABBBECDCCACBF00
:104650008E110CBF86EB11BF25FABBBE86EB113F56
:1046600025FABB3E0BD7C3BF8E110C3F15AEC7BE9C
:1046700025FABB3E15AEC73E8E110C3F0BD7C33F8C
:10468000DB05A43F295C1FC01910BB3FCDCCACBFDC
:1046900096860C4086EB11BFB40B184086EB113F99
:1046A000DB05A43F0BD7C3BFB40B1840CDCCACBFC8
:1046B0005C8F52C086EB11BFB40B184015AEC7BE5D
:1046C0001810BBBF15AEC73E25FABBBE86EB113F27
:1046D000DB05A43F15AEC73EB40B184086EB113F77
:1046E000B40B18C0CDCCAC3F5C8F52400BD7C33F4E
:1046F000F98A2F4090C2F53F3333B33EB8480108E2
:104700000400040000000200010000000300020099
:104710000000010005000000050004000300070080
:10472000060003000600020000000400070000006D
:10473000070003000100020006000100060005005A
:10474000D84801081C4B01081D003000920A863F22
:104750003333B33E0000A041000000000000000021
:1047600000000000000000000000803F000000008A
:1047700000000000000000000000803F0000803FBB
:104780000000000000000000000000000000803F6A
:104790000000000000000000000000000000000019
:1047A0000000000000000000000000000000000009
:1047B00000000000000000000000803F000000003A
:1047C00000000000000000000000803F0000803F6B
:1047D0000000000000000000000000000000803F1A
:1047E00000000000000000000000000000000000C9
:1047F0000000000000000000000000000447010865
:10480000080002000100000000000000010000009C
:104810000000000000000000000000000000000098
:104820000000803F000000000000000000000000C9
:104830000000803F0000803F0000000000000000FA
:10484000000000000000803F0000000000000000A9
:104850000000000000000000000000000000000058
:1048600000000000044701080400020000000000EE
:104870000000000001000000000000000000000037
:104880001100100001000000000000000000000006
:104890000000FFFF5C4C0108010000000000000068
:1048A0008FC2753E3333EB40000000000000000073
:1048B000000000000000803F9AD659CE9AD659CE0B
:1048C00059CE9AD659CE9AD69AD659CE9AD659CE8C
:1048D00059CE9AD659CE9AD60000000000000000AA
:1048E000000080BF0000003F00000000F704353FDB
:1048F00000000000F70435BF000000000000803E0B
:104900000000003F0000003FF70435BF0000003EFC
:104910000000803E00000000F704353FF70435BF7B
:104920000000803E0000803E000000BF0000003F0D
:10493000F70435BF0000C03E0000803EF70435BFDD
:1049400000000000F70435BF0000003F0000803E7B
:10495000000000BF000000BFF70435BF0000203F8B
:104960000000803E00000000F70435BFF70435BFAB
:104970000000403F0000803E0000003F000000BFFC
:10498000F70435BF0000603F0000803EF704353F6C
:1049900000000000F70435BF0000803F0000803EAB
:1049A0000000803F00000000000000000000000048
:1049B0000000003FF704353FF704353F00000000DA
:1049C0000000003E0000003F000000000000803FAB
:1049D000000000000000803E0000003FF70435BFEB
:1049E000F704353F000000000000C03E0000003F1B
:1049F000000080BF00000000000000000000003F39
:104A00000000003FF70435BFF70435BF0000000089
:104A10000000203F0000003F00000000000080BFB9
:104A2000000000000000403F0000003FF704353F59
:104A3000F70435BF000000000000603F0000003FA9
:104A40000000803F00000000000000000000803FE8
:104A50000000003FF704353F00000000F704353F39
:104A6000000000000000403F0000003F0000003F49
:104A7000F704353F0000003E0000403F000000000A
:104A8000F704353FF704353F0000803E0000403F0B
:104A9000000000BF0000003FF704353F0000C03EAB
:104AA0000000403FF70435BF00000000F704353F29
:104AB0000000003F0000403F000000BF000000BFBA
:104AC000F704353F0000203F0000403F0000000099
:104AD000F70435BFF704353F0000403F0000403F7A
:104AE0000000003F000000BFF704353F0000603FBA
:104AF0000000403FF704353F00000000F704353F59
:104B00000000803F0000403F000000000000000067
:104B10000000803F0000003F0000803F00000200D6
:104B20000100000003000200000004000300000078
:104B30000500040000000600050000000700060054
:104B40000000080007000000090008000100020042
:104B50000A0002000B000A00020003000B00030021
:104B60000C000B00030004000C0004000D000C00FE
:104B7000040005000D0005000E000D0005000600F4
:104B80000E0006000F000E00060007000F000700D1
:104B900010000F00070008001000080011001000AE
:104BA0000800090011000900120011000A000B00A2
:104BB00013000B00140013000B000C0014000C0079
:104BC000150014000C000D0015000D001600150056
:104BD0000D000E0016000E00170016000E000F004C
:104BE00017000F00180017000F0010001800100029
:104BF0001900180010001100190011001A00190006
:104C0000110012001A0012001B001A001C001300F1
:104C100014001C00140015001C00150016001C00D8
:104C2000160017001C00170018001C0018001900BF
:104C30001C0019001A001C001A001B0080FA40FB1F
:104C400040FB40FBBCFFBCFF40D940F280FA40FB78
:104C500040FB40FBBCFFBCFF40D940F23C4C01088C
:104C6000100001000000C842000000000000003FEA
:104C70000000FA4400002041000000000000A040B5
:104C80000000C8420000003F000040400000C84251
:104C9000000000000000003F0000000000000000D5
:104CA00000000000000000000000803F0000000045
:104CB00000000000000000000000C842000040406A
:104CC000000040404C5101080000000000000000BE
:104CD0000000000000000000002000002100000093
:104CE0000000000000000000645101080000000006
:104CF00000000000000000000000000000080000AC
:104D000010000000000000000000000058510108E1
:104D10000000000000000000000000000000000093
:104D2000002000001800000000000000000000004B
:104D300070510108000000000000000000000000A9
:104D4000000000000008000020000000000000003B
:104D500000000000000610160006101600000000FB
:104D60000102030401020304060708090400000805
:104D70000000000000000002000100001000000020
:104D800000000000000000000000B33FB2BE7D3A0A
:104D900000002E40DFCF513800007E40BF51FABAEC
:104DA00000E0A44019DAC3BA00E0C840C2ED8AB9F5
:104DB0000040EB40CD1F2CBA001006412AFFFABA82
:104DC00000C01541DFCFD13700D024419A97703A07
:104DD0000050334189478E3600404141E75B9D38A2
:104DE00000B04E41C00A98B900A05B41558F943A7B
:104DF00000306841DA92C0BA0040744162B3C63AEA
:104E00000000803F00A0853F00908B3F00C0913F95
:104E10000030983F00F09E3F00F0A53F0050AD3FAE
:104E20000000B53F0000BD3F0060C53F0020CE3F01
:104E30000040D73F00C0E03F00C0EA3F0020F53F00
:104E4000000000007D36AC397D3C3839EBDCF438AD
:104E5000320A7E39124C26399B6AED39A4EE833929
:104E60007F661E39F6398A392B426539A482113999
:104E70005B991F39C3EECD39DDE7C637A5A22F39BF
:104E80000000803FC3AA853FC2958B3FD3C3913FAB
:104E9000F037983F32F59E3FD7FEA53F3F58AD3FD4
:104EA000F304B53FA408BD3F2A67C53F8C24CE3F1D
:104EB000FD44D73FDFCCE03FC7C0EA3F7D25F53F4B
:104EC000000000006E83F9A22915444ED15727FC3B
:104ED000C0DD34F5999562DB4190433CAB6351FEF4
:104EE000736F66743364206672616D65733D256C03
:104EF000752066707331303D256C75206672616D6A
:104F0000655F75733D256C752072656E6465725FB3
:104F100075733D256C75207472693D256C75206C28
:104F200063645F6572723D256C75206164633D2525
:104F30006C75206164635F6572723D256C752067D6
:104F4000656F6D5F6572723D256C75207374616766
:104F5000653D256C752067656F6D5F75733D256CCC
:104F60007520776169745F75733D256C7520747861
:104F70005F62797465733D256C7520696D753D259B
:104F80006C7520696D755F666C6167733D256C7526
:104F900020696D755F6572723D256C7520696D7550
:104FA0005F72656A6563743D256C75206865617024
:104FB0003D256C752072656E6465725F7374616304
:104FC0006B3D256C75206D6F74696F6E5F737461D6
:104FD000636B3D256C7520646973706C61793D2548
:104FE0006C7520646973706C61795F6572723D25C0
:104FF0006C752072656E6465725F6572723D256CBA
:10500000752067616D653D256C752067616D655F15
:105010006D733D256C7520626573745F6D733D25FE
:105020006C752077696E733D256C75206D617A65AE
:105030003D256C7520736565643D256C75206C613C
:10504000623D256C7520776F726B6C6F61643D25D6
:105050006C7520696E6465783D256C75207261738E
:105060007465725F75733D256C752063616E64694C
:1050700064617465733D256C7520706F74656E7422
:1050800069616C3D256C752070726F665F6E3D25A1
:105090006C75206D65616E5F75733D256C75207054
:1050A00039355F75733D256C75206D61785F75735B
:1050B0003D256C750D0A00004C45465420494E4470
:1050C000455820412F4220494E204C4142000000CB
:1050D0005550205A45524F202F20444F574E204CB8
:1050E000414200005249474854204E4558542053ED
:1050F00043454E450000000043454E544552205064
:105100004C4159202F20504155534500484F4C44A5
:1051100020444F574E205354415455530000000033
:10512000484F4C442043454E544552205245535419
:10513000415254004355424500000000544F52551F
:10514000530000004F524249540000004D6F7469F3
:105150006F6E5461736B000052656E6465725461CA
:10516000736B000064656661756C745461736B00E9
:10517000496E7075745461736B000000AC51010886
:1051800000460024D401000008030008AC510108C7
:1051900000000020284F0100640300088852010825
:1051A000D447002414D4000064030008011436D04E
:1051B00045010812021701131DBE1B084D041A59A0
:1051C000041A81041AAD0413FDBD1B0829084117F8
:1051D000040309041201140202021640830440571A
:1051E0001D020102034D14050F0C1C0107101721AD
:1051F00003191A032AC278294913B9101B08B504E8
:105200001A71041AE5041309112A081C82103C9033
:10521000D0030401771AAA018114810182130A06BE
:1052200029DB2A40A41C090243F71125C0320904D6
:105230001B01020B1305241610010524011009019E
:10524000042402020524061701070582030815102D
:1052500009040133020A2E0705010240072A8107CB
:105260001113E1B814084DB7140883BA42081ADDC7
:105270000C1399B61B080F08C11A61281A21041AC9
:08528000A1041A15040000004E
:04000005080002CD20
:00000001FF
